2026-08-04 15:32:03,204 | INFO | HTTP Request: GET https://kintara.gg/api/servers "HTTP/1.1 200 OK"
2026-08-04 15:32:10,127 | INFO | snapshot top3=Server 30:29, Server 4:1, Server 5:1
2026-08-04 15:32:10,128 | INFO | EMBER monitored=25 live=25 total=43 top=Server 30:29, Server 4:1, Server 5:1
2026-08-04 15:37:02,084 | INFO | HTTP Request: GET https://kintara.gg/api/servers "HTTP/1.1 200 OK"
2026-08-04 15:37:10,241 | INFO | snapshot top3=Server 30:5, Server 21:2, Server 4:1
2026-08-04 15:37:10,241 | INFO | EMBER monitored=25 live=25 total=21 top=Server 30:5, Server 21:2, Server 4:1
2026-08-04 15:42:02,988 | INFO | HTTP Request: GET https://kintara.gg/api/servers "HTTP/1.1 200 OK"
2026-08-04 15:42:10,623 | INFO | snapshot top3=Server 30:9, Server 17:5, Server 4:1
2026-08-04 15:42:10,625 | INFO | EMBER monitored=25 live=25 total=31 top=Server 30:9, Server 17:5, Server 4:1
2026-08-04 15:47:04,514 | INFO | HTTP Request: GET https://kintara.gg/api/servers "HTTP/1.1 200 OK"
2026-08-04 15:47:10,645 | INFO | snapshot top3=Server 17:21, Server 30:5, Server 5:1
2026-08-04 15:47:10,645 | INFO | EMBER monitored=25 live=25 total=40 top=Server 17:21, Server 30:5, Server 5:1
2026-08-04 15:52:04,053 | INFO | HTTP Request: GET https://kintara.gg/api/servers "HTTP/1.1 200 OK"
2026-08-04 15:52:10,676 | INFO | snapshot top3=Server 17:15, Server 21:3, Server 29:2
2026-08-04 15:52:10,677 | INFO | EMBER monitored=25 live=25 total=33 top=Server 17:15, Server 21:3, Server 29:2
2026-08-04 15:57:03,811 | INFO | HTTP Request: GET https://kintara.gg/api/servers "HTTP/1.1 502 Bad Gateway"
2026-08-04 15:57:18,445 | ERROR | Shared Ember service crashed
Traceback (most recent call last):
  File "C:\Users\JavadTM\Desktop\Start\games\kintara\services\ember\runner.py", line 155, in run_service
    monitor.run(
    ~~~~~~~~~~~^
        stop_event,
        ^^^^^^^^^^^
    ...<2 lines>...
        server_refresh_seconds=update_seconds,
        ^^^^^^^^^^^^^^^^^^^^^^^^^^^^^^^^^^^^^^
    )
    ^
  File "C:\Users\JavadTM\Desktop\Start\games\kintara\services\ember\monitor.py", line 282, in run
    self._sync_watchers()
    ~~~~~~~~~~~~~~~~~~~^^
  File "C:\Users\JavadTM\Desktop\Start\games\kintara\services\ember\monitor.py", line 246, in _sync_watchers
    servers = self._fetch_servers()
  File "C:\Users\JavadTM\Desktop\Start\games\kintara\services\ember\monitor.py", line 237, in _fetch_servers
    response.raise_for_status()
    ~~~~~~~~~~~~~~~~~~~~~~~~~^^
  File "C:\Users\JavadTM\Desktop\Start\.venv\Lib\site-packages\httpx\_models.py", line 829, in raise_for_status
    raise HTTPStatusError(message, request=request, response=self)
httpx.HTTPStatusError: Server error '502 Bad Gateway' for url 'https://kintara.gg/api/servers'
For more information check: https://developer.mozilla.org/en-US/docs/Web/HTTP/Status/502
2026-08-04 15:57:27,384 | INFO | HTTP Request: GET https://kintara.gg/api/servers "HTTP/1.1 200 OK"
2026-08-04 15:57:35,335 | INFO | snapshot top3=Server 17:27, Server 21:2, Server 4:1
2026-08-04 15:57:35,336 | INFO | EMBER monitored=25 live=25 total=40 top=Server 17:27, Server 21:2, Server 4:1
2026-08-04 16:02:27,532 | INFO | HTTP Request: GET https://kintara.gg/api/servers "HTTP/1.1 200 OK"
2026-08-04 16:02:35,697 | INFO | snapshot top3=Server 17:29, Server 21:2, Server 4:1
2026-08-04 16:02:35,697 | INFO | EMBER monitored=25 live=25 total=43 top=Server 17:29, Server 21:2, Server 4:1
2026-08-04 16:07:32,617 | INFO | HTTP Request: GET https://kintara.gg/api/servers "HTTP/1.1 200 OK"
2026-08-04 16:07:36,192 | INFO | snapshot top3=Server 17:25, Server 8:2, Server 4:1
2026-08-04 16:07:36,192 | INFO | EMBER monitored=25 live=25 total=40 top=Server 17:25, Server 8:2, Server 4:1
2026-08-04 16:12:28,840 | INFO | HTTP Request: GET https://kintara.gg/api/servers "HTTP/1.1 200 OK"
2026-08-04 16:12:36,506 | INFO | snapshot top3=Server 17:28, Server 27:2, Server 4:1
2026-08-04 16:12:36,509 | INFO | EMBER monitored=25 live=25 total=45 top=Server 17:28, Server 27:2, Server 4:1
2026-08-04 16:17:28,408 | INFO | HTTP Request: GET https://kintara.gg/api/servers "HTTP/1.1 200 OK"
2026-08-04 16:17:36,538 | INFO | snapshot top3=Server 17:8, Server 4:1, Server 10:1
2026-08-04 16:17:36,538 | INFO | EMBER monitored=25 live=25 total=20 top=Server 17:8, Server 4:1, Server 10:1
2026-08-04 16:22:28,554 | INFO | HTTP Request: GET https://kintara.gg/api/servers "HTTP/1.1 200 OK"
2026-08-04 16:22:36,709 | INFO | snapshot top3=Server 17:5, Server 28:2, Server 7:1
2026-08-04 16:22:36,709 | INFO | EMBER monitored=25 live=25 total=22 top=Server 17:5, Server 28:2, Server 7:1
2026-08-04 16:27:30,219 | INFO | HTTP Request: GET https://kintara.gg/api/servers "HTTP/1.1 200 OK"
2026-08-04 16:27:36,818 | INFO | snapshot top3=Server 17:13, Server 10:2, Server 24:2
2026-08-04 16:27:36,818 | INFO | EMBER monitored=25 live=25 total=35 top=Server 17:13, Server 10:2, Server 24:2
2026-08-04 16:32:29,731 | INFO | HTTP Request: GET https://kintara.gg/api/servers "HTTP/1.1 200 OK"
2026-08-04 16:32:36,889 | INFO | snapshot top3=Server 17:11, Server 12:2, Server 14:2
2026-08-04 16:32:36,889 | INFO | EMBER monitored=25 live=25 total=35 top=Server 17:11, Server 12:2, Server 14:2
2026-08-04 16:37:29,640 | INFO | HTTP Request: GET https://kintara.gg/api/servers "HTTP/1.1 200 OK"
2026-08-04 16:37:37,264 | INFO | snapshot top3=Server 17:18, Server 11:2, Server 12:2
2026-08-04 16:37:37,265 | INFO | EMBER monitored=25 live=25 total=42 top=Server 17:18, Server 11:2, Server 12:2
2026-08-04 16:42:31,890 | INFO | HTTP Request: GET https://kintara.gg/api/servers "HTTP/1.1 200 OK"
2026-08-04 16:42:37,502 | INFO | snapshot top3=Server 17:21, Server 20:6, Server 11:2
2026-08-04 16:42:37,502 | INFO | EMBER monitored=25 live=25 total=49 top=Server 17:21, Server 20:6, Server 11:2
2026-08-04 16:47:44,596 | ERROR | Shared Ember service crashed
Traceback (most recent call last):
  File "C:\Users\JavadTM\Desktop\Start\.venv\Lib\site-packages\httpx\_transports\default.py", line 101, in map_httpcore_exceptions
    yield
  File "C:\Users\JavadTM\Desktop\Start\.venv\Lib\site-packages\httpx\_transports\default.py", line 250, in handle_request
    resp = self._pool.handle_request(req)
  File "C:\Users\JavadTM\Desktop\Start\.venv\Lib\site-packages\httpcore\_sync\connection_pool.py", line 256, in handle_request
    raise exc from None
  File "C:\Users\JavadTM\Desktop\Start\.venv\Lib\site-packages\httpcore\_sync\connection_pool.py", line 236, in handle_request
    response = connection.handle_request(
        pool_request.request
    )
  File "C:\Users\JavadTM\Desktop\Start\.venv\Lib\site-packages\httpcore\_sync\http_proxy.py", line 316, in handle_request
    stream = stream.start_tls(**kwargs)
  File "C:\Users\JavadTM\Desktop\Start\.venv\Lib\site-packages\httpcore\_sync\http11.py", line 376, in start_tls
    return self._stream.start_tls(ssl_context, server_hostname, timeout)
           ~~~~~~~~~~~~~~~~~~~~~~^^^^^^^^^^^^^^^^^^^^^^^^^^^^^^^^^^^^^^^
  File "C:\Users\JavadTM\Desktop\Start\.venv\Lib\site-packages\httpcore\_backends\sync.py", line 154, in start_tls
    with map_exceptions(exc_map):
         ~~~~~~~~~~~~~~^^^^^^^^^
  File "C:\Users\JavadTM\AppData\Local\Programs\Python\Python314\Lib\contextlib.py", line 162, in __exit__
    self.gen.throw(value)
    ~~~~~~~~~~~~~~^^^^^^^
  File "C:\Users\JavadTM\Desktop\Start\.venv\Lib\site-packages\httpcore\_exceptions.py", line 14, in map_exceptions
    raise to_exc(exc) from exc
httpcore.ConnectError: [SSL: UNEXPECTED_EOF_WHILE_READING] EOF occurred in violation of protocol (_ssl.c:1081)

The above exception was the direct cause of the following exception:

Traceback (most recent call last):
  File "C:\Users\JavadTM\Desktop\Start\games\kintara\services\ember\runner.py", line 155, in run_service
    monitor.run(
    ~~~~~~~~~~~^
        stop_event,
        ^^^^^^^^^^^
    ...<2 lines>...
        server_refresh_seconds=update_seconds,
        ^^^^^^^^^^^^^^^^^^^^^^^^^^^^^^^^^^^^^^
    )
    ^
  File "C:\Users\JavadTM\Desktop\Start\games\kintara\services\ember\monitor.py", line 282, in run
    self._sync_watchers()
    ~~~~~~~~~~~~~~~~~~~^^
  File "C:\Users\JavadTM\Desktop\Start\games\kintara\services\ember\monitor.py", line 246, in _sync_watchers
    servers = self._fetch_servers()
  File "C:\Users\JavadTM\Desktop\Start\games\kintara\services\ember\monitor.py", line 236, in _fetch_servers
    response = client.get(self.base_url + "/api/servers")
  File "C:\Users\JavadTM\Desktop\Start\.venv\Lib\site-packages\httpx\_client.py", line 1053, in get
    return self.request(
           ~~~~~~~~~~~~^
        "GET",
        ^^^^^^
    ...<7 lines>...
        extensions=extensions,
        ^^^^^^^^^^^^^^^^^^^^^^
    )
    ^
  File "C:\Users\JavadTM\Desktop\Start\.venv\Lib\site-packages\httpx\_client.py", line 825, in request
    return self.send(request, auth=auth, follow_redirects=follow_redirects)
           ~~~~~~~~~^^^^^^^^^^^^^^^^^^^^^^^^^^^^^^^^^^^^^^^^^^^^^^^^^^^^^^^
  File "C:\Users\JavadTM\Desktop\Start\.venv\Lib\site-packages\httpx\_client.py", line 914, in send
    response = self._send_handling_auth(
        request,
    ...<2 lines>...
        history=[],
    )
  File "C:\Users\JavadTM\Desktop\Start\.venv\Lib\site-packages\httpx\_client.py", line 942, in _send_handling_auth
    response = self._send_handling_redirects(
        request,
        follow_redirects=follow_redirects,
        history=history,
    )
  File "C:\Users\JavadTM\Desktop\Start\.venv\Lib\site-packages\httpx\_client.py", line 979, in _send_handling_redirects
    response = self._send_single_request(request)
  File "C:\Users\JavadTM\Desktop\Start\.venv\Lib\site-packages\httpx\_client.py", line 1014, in _send_single_request
    response = transport.handle_request(request)
  File "C:\Users\JavadTM\Desktop\Start\.venv\Lib\site-packages\httpx\_transports\default.py", line 249, in handle_request
    with map_httpcore_exceptions():
         ~~~~~~~~~~~~~~~~~~~~~~~^^
  File "C:\Users\JavadTM\AppData\Local\Programs\Python\Python314\Lib\contextlib.py", line 162, in __exit__
    self.gen.throw(value)
    ~~~~~~~~~~~~~~^^^^^^^
  File "C:\Users\JavadTM\Desktop\Start\.venv\Lib\site-packages\httpx\_transports\default.py", line 118, in map_httpcore_exceptions
    raise mapped_exc(message) from exc
httpx.ConnectError: [SSL: UNEXPECTED_EOF_WHILE_READING] EOF occurred in violation of protocol (_ssl.c:1081)
2026-08-04 16:47:54,924 | INFO | HTTP Request: GET https://kintara.gg/api/servers "HTTP/1.1 200 OK"
2026-08-04 16:48:02,515 | INFO | snapshot top3=Server 17:16, Server 20:10, Server 10:2
2026-08-04 16:48:02,515 | INFO | EMBER monitored=25 live=25 total=49 top=Server 17:16, Server 20:10, Server 10:2
2026-08-04 16:52:58,013 | INFO | HTTP Request: GET https://kintara.gg/api/servers "HTTP/1.1 502 Bad Gateway"
2026-08-04 16:53:11,321 | ERROR | Shared Ember service crashed
Traceback (most recent call last):
  File "C:\Users\JavadTM\Desktop\Start\games\kintara\services\ember\runner.py", line 155, in run_service
    monitor.run(
    ~~~~~~~~~~~^
        stop_event,
        ^^^^^^^^^^^
    ...<2 lines>...
        server_refresh_seconds=update_seconds,
        ^^^^^^^^^^^^^^^^^^^^^^^^^^^^^^^^^^^^^^
    )
    ^
  File "C:\Users\JavadTM\Desktop\Start\games\kintara\services\ember\monitor.py", line 282, in run
    self._sync_watchers()
    ~~~~~~~~~~~~~~~~~~~^^
  File "C:\Users\JavadTM\Desktop\Start\games\kintara\services\ember\monitor.py", line 246, in _sync_watchers
    servers = self._fetch_servers()
  File "C:\Users\JavadTM\Desktop\Start\games\kintara\services\ember\monitor.py", line 237, in _fetch_servers
    response.raise_for_status()
    ~~~~~~~~~~~~~~~~~~~~~~~~~^^
  File "C:\Users\JavadTM\Desktop\Start\.venv\Lib\site-packages\httpx\_models.py", line 829, in raise_for_status
    raise HTTPStatusError(message, request=request, response=self)
httpx.HTTPStatusError: Server error '502 Bad Gateway' for url 'https://kintara.gg/api/servers'
For more information check: https://developer.mozilla.org/en-US/docs/Web/HTTP/Status/502
2026-08-04 16:53:25,405 | INFO | HTTP Request: GET https://kintara.gg/api/servers "HTTP/1.1 502 Bad Gateway"
2026-08-04 16:53:25,406 | ERROR | Shared Ember service crashed
Traceback (most recent call last):
  File "C:\Users\JavadTM\Desktop\Start\games\kintara\services\ember\runner.py", line 155, in run_service
    monitor.run(
    ~~~~~~~~~~~^
        stop_event,
        ^^^^^^^^^^^
    ...<2 lines>...
        server_refresh_seconds=update_seconds,
        ^^^^^^^^^^^^^^^^^^^^^^^^^^^^^^^^^^^^^^
    )
    ^
  File "C:\Users\JavadTM\Desktop\Start\games\kintara\services\ember\monitor.py", line 282, in run
    self._sync_watchers()
    ~~~~~~~~~~~~~~~~~~~^^
  File "C:\Users\JavadTM\Desktop\Start\games\kintara\services\ember\monitor.py", line 246, in _sync_watchers
    servers = self._fetch_servers()
  File "C:\Users\JavadTM\Desktop\Start\games\kintara\services\ember\monitor.py", line 237, in _fetch_servers
    response.raise_for_status()
    ~~~~~~~~~~~~~~~~~~~~~~~~~^^
  File "C:\Users\JavadTM\Desktop\Start\.venv\Lib\site-packages\httpx\_models.py", line 829, in raise_for_status
    raise HTTPStatusError(message, request=request, response=self)
httpx.HTTPStatusError: Server error '502 Bad Gateway' for url 'https://kintara.gg/api/servers'
For more information check: https://developer.mozilla.org/en-US/docs/Web/HTTP/Status/502
2026-08-04 16:53:47,652 | INFO | HTTP Request: GET https://kintara.gg/api/servers "HTTP/1.1 200 OK"
2026-08-04 16:53:53,234 | INFO | snapshot top3=Server 20:15, Server 17:9, Server 24:3
2026-08-04 16:53:53,235 | INFO | EMBER monitored=25 live=25 total=46 top=Server 20:15, Server 17:9, Server 24:3
2026-08-04 16:58:59,370 | ERROR | Shared Ember service crashed
Traceback (most recent call last):
  File "C:\Users\JavadTM\Desktop\Start\.venv\Lib\site-packages\httpx\_transports\default.py", line 101, in map_httpcore_exceptions
    yield
  File "C:\Users\JavadTM\Desktop\Start\.venv\Lib\site-packages\httpx\_transports\default.py", line 250, in handle_request
    resp = self._pool.handle_request(req)
  File "C:\Users\JavadTM\Desktop\Start\.venv\Lib\site-packages\httpcore\_sync\connection_pool.py", line 256, in handle_request
    raise exc from None
  File "C:\Users\JavadTM\Desktop\Start\.venv\Lib\site-packages\httpcore\_sync\connection_pool.py", line 236, in handle_request
    response = connection.handle_request(
        pool_request.request
    )
  File "C:\Users\JavadTM\Desktop\Start\.venv\Lib\site-packages\httpcore\_sync\http_proxy.py", line 316, in handle_request
    stream = stream.start_tls(**kwargs)
  File "C:\Users\JavadTM\Desktop\Start\.venv\Lib\site-packages\httpcore\_sync\http11.py", line 376, in start_tls
    return self._stream.start_tls(ssl_context, server_hostname, timeout)
           ~~~~~~~~~~~~~~~~~~~~~~^^^^^^^^^^^^^^^^^^^^^^^^^^^^^^^^^^^^^^^
  File "C:\Users\JavadTM\Desktop\Start\.venv\Lib\site-packages\httpcore\_backends\sync.py", line 154, in start_tls
    with map_exceptions(exc_map):
         ~~~~~~~~~~~~~~^^^^^^^^^
  File "C:\Users\JavadTM\AppData\Local\Programs\Python\Python314\Lib\contextlib.py", line 162, in __exit__
    self.gen.throw(value)
    ~~~~~~~~~~~~~~^^^^^^^
  File "C:\Users\JavadTM\Desktop\Start\.venv\Lib\site-packages\httpcore\_exceptions.py", line 14, in map_exceptions
    raise to_exc(exc) from exc
httpcore.ConnectError: [SSL: UNEXPECTED_EOF_WHILE_READING] EOF occurred in violation of protocol (_ssl.c:1081)

The above exception was the direct cause of the following exception:

Traceback (most recent call last):
  File "C:\Users\JavadTM\Desktop\Start\games\kintara\services\ember\runner.py", line 155, in run_service
    monitor.run(
    ~~~~~~~~~~~^
        stop_event,
        ^^^^^^^^^^^
    ...<2 lines>...
        server_refresh_seconds=update_seconds,
        ^^^^^^^^^^^^^^^^^^^^^^^^^^^^^^^^^^^^^^
    )
    ^
  File "C:\Users\JavadTM\Desktop\Start\games\kintara\services\ember\monitor.py", line 282, in run
    self._sync_watchers()
    ~~~~~~~~~~~~~~~~~~~^^
  File "C:\Users\JavadTM\Desktop\Start\games\kintara\services\ember\monitor.py", line 246, in _sync_watchers
    servers = self._fetch_servers()
  File "C:\Users\JavadTM\Desktop\Start\games\kintara\services\ember\monitor.py", line 236, in _fetch_servers
    response = client.get(self.base_url + "/api/servers")
  File "C:\Users\JavadTM\Desktop\Start\.venv\Lib\site-packages\httpx\_client.py", line 1053, in get
    return self.request(
           ~~~~~~~~~~~~^
        "GET",
        ^^^^^^
    ...<7 lines>...
        extensions=extensions,
        ^^^^^^^^^^^^^^^^^^^^^^
    )
    ^
  File "C:\Users\JavadTM\Desktop\Start\.venv\Lib\site-packages\httpx\_client.py", line 825, in request
    return self.send(request, auth=auth, follow_redirects=follow_redirects)
           ~~~~~~~~~^^^^^^^^^^^^^^^^^^^^^^^^^^^^^^^^^^^^^^^^^^^^^^^^^^^^^^^
  File "C:\Users\JavadTM\Desktop\Start\.venv\Lib\site-packages\httpx\_client.py", line 914, in send
    response = self._send_handling_auth(
        request,
    ...<2 lines>...
        history=[],
    )
  File "C:\Users\JavadTM\Desktop\Start\.venv\Lib\site-packages\httpx\_client.py", line 942, in _send_handling_auth
    response = self._send_handling_redirects(
        request,
        follow_redirects=follow_redirects,
        history=history,
    )
  File "C:\Users\JavadTM\Desktop\Start\.venv\Lib\site-packages\httpx\_client.py", line 979, in _send_handling_redirects
    response = self._send_single_request(request)
  File "C:\Users\JavadTM\Desktop\Start\.venv\Lib\site-packages\httpx\_client.py", line 1014, in _send_single_request
    response = transport.handle_request(request)
  File "C:\Users\JavadTM\Desktop\Start\.venv\Lib\site-packages\httpx\_transports\default.py", line 249, in handle_request
    with map_httpcore_exceptions():
         ~~~~~~~~~~~~~~~~~~~~~~~^^
  File "C:\Users\JavadTM\AppData\Local\Programs\Python\Python314\Lib\contextlib.py", line 162, in __exit__
    self.gen.throw(value)
    ~~~~~~~~~~~~~~^^^^^^^
  File "C:\Users\JavadTM\Desktop\Start\.venv\Lib\site-packages\httpx\_transports\default.py", line 118, in map_httpcore_exceptions
    raise mapped_exc(message) from exc
httpx.ConnectError: [SSL: UNEXPECTED_EOF_WHILE_READING] EOF occurred in violation of protocol (_ssl.c:1081)
2026-08-04 16:59:40,578 | INFO | HTTP Request: GET https://kintara.gg/api/servers "HTTP/1.1 200 OK"
2026-08-04 16:59:46,972 | INFO | snapshot top3=Server 20:21, Server 16:2, Server 18:2
2026-08-04 16:59:46,973 | INFO | EMBER monitored=25 live=24 total=42 top=Server 20:21, Server 16:2, Server 18:2
2026-08-04 17:04:51,636 | ERROR | Shared Ember service crashed
Traceback (most recent call last):
  File "C:\Users\JavadTM\Desktop\Start\.venv\Lib\site-packages\httpx\_transports\default.py", line 101, in map_httpcore_exceptions
    yield
  File "C:\Users\JavadTM\Desktop\Start\.venv\Lib\site-packages\httpx\_transports\default.py", line 250, in handle_request
    resp = self._pool.handle_request(req)
  File "C:\Users\JavadTM\Desktop\Start\.venv\Lib\site-packages\httpcore\_sync\connection_pool.py", line 256, in handle_request
    raise exc from None
  File "C:\Users\JavadTM\Desktop\Start\.venv\Lib\site-packages\httpcore\_sync\connection_pool.py", line 236, in handle_request
    response = connection.handle_request(
        pool_request.request
    )
  File "C:\Users\JavadTM\Desktop\Start\.venv\Lib\site-packages\httpcore\_sync\http_proxy.py", line 316, in handle_request
    stream = stream.start_tls(**kwargs)
  File "C:\Users\JavadTM\Desktop\Start\.venv\Lib\site-packages\httpcore\_sync\http11.py", line 376, in start_tls
    return self._stream.start_tls(ssl_context, server_hostname, timeout)
           ~~~~~~~~~~~~~~~~~~~~~~^^^^^^^^^^^^^^^^^^^^^^^^^^^^^^^^^^^^^^^
  File "C:\Users\JavadTM\Desktop\Start\.venv\Lib\site-packages\httpcore\_backends\sync.py", line 154, in start_tls
    with map_exceptions(exc_map):
         ~~~~~~~~~~~~~~^^^^^^^^^
  File "C:\Users\JavadTM\AppData\Local\Programs\Python\Python314\Lib\contextlib.py", line 162, in __exit__
    self.gen.throw(value)
    ~~~~~~~~~~~~~~^^^^^^^
  File "C:\Users\JavadTM\Desktop\Start\.venv\Lib\site-packages\httpcore\_exceptions.py", line 14, in map_exceptions
    raise to_exc(exc) from exc
httpcore.ConnectError: [SSL: UNEXPECTED_EOF_WHILE_READING] EOF occurred in violation of protocol (_ssl.c:1081)

The above exception was the direct cause of the following exception:

Traceback (most recent call last):
  File "C:\Users\JavadTM\Desktop\Start\games\kintara\services\ember\runner.py", line 155, in run_service
    monitor.run(
    ~~~~~~~~~~~^
        stop_event,
        ^^^^^^^^^^^
    ...<2 lines>...
        server_refresh_seconds=update_seconds,
        ^^^^^^^^^^^^^^^^^^^^^^^^^^^^^^^^^^^^^^
    )
    ^
  File "C:\Users\JavadTM\Desktop\Start\games\kintara\services\ember\monitor.py", line 282, in run
    self._sync_watchers()
    ~~~~~~~~~~~~~~~~~~~^^
  File "C:\Users\JavadTM\Desktop\Start\games\kintara\services\ember\monitor.py", line 246, in _sync_watchers
    servers = self._fetch_servers()
  File "C:\Users\JavadTM\Desktop\Start\games\kintara\services\ember\monitor.py", line 236, in _fetch_servers
    response = client.get(self.base_url + "/api/servers")
  File "C:\Users\JavadTM\Desktop\Start\.venv\Lib\site-packages\httpx\_client.py", line 1053, in get
    return self.request(
           ~~~~~~~~~~~~^
        "GET",
        ^^^^^^
    ...<7 lines>...
        extensions=extensions,
        ^^^^^^^^^^^^^^^^^^^^^^
    )
    ^
  File "C:\Users\JavadTM\Desktop\Start\.venv\Lib\site-packages\httpx\_client.py", line 825, in request
    return self.send(request, auth=auth, follow_redirects=follow_redirects)
           ~~~~~~~~~^^^^^^^^^^^^^^^^^^^^^^^^^^^^^^^^^^^^^^^^^^^^^^^^^^^^^^^
  File "C:\Users\JavadTM\Desktop\Start\.venv\Lib\site-packages\httpx\_client.py", line 914, in send
    response = self._send_handling_auth(
        request,
    ...<2 lines>...
        history=[],
    )
  File "C:\Users\JavadTM\Desktop\Start\.venv\Lib\site-packages\httpx\_client.py", line 942, in _send_handling_auth
    response = self._send_handling_redirects(
        request,
        follow_redirects=follow_redirects,
        history=history,
    )
  File "C:\Users\JavadTM\Desktop\Start\.venv\Lib\site-packages\httpx\_client.py", line 979, in _send_handling_redirects
    response = self._send_single_request(request)
  File "C:\Users\JavadTM\Desktop\Start\.venv\Lib\site-packages\httpx\_client.py", line 1014, in _send_single_request
    response = transport.handle_request(request)
  File "C:\Users\JavadTM\Desktop\Start\.venv\Lib\site-packages\httpx\_transports\default.py", line 249, in handle_request
    with map_httpcore_exceptions():
         ~~~~~~~~~~~~~~~~~~~~~~~^^
  File "C:\Users\JavadTM\AppData\Local\Programs\Python\Python314\Lib\contextlib.py", line 162, in __exit__
    self.gen.throw(value)
    ~~~~~~~~~~~~~~^^^^^^^
  File "C:\Users\JavadTM\Desktop\Start\.venv\Lib\site-packages\httpx\_transports\default.py", line 118, in map_httpcore_exceptions
    raise mapped_exc(message) from exc
httpx.ConnectError: [SSL: UNEXPECTED_EOF_WHILE_READING] EOF occurred in violation of protocol (_ssl.c:1081)
2026-08-04 17:05:02,452 | INFO | HTTP Request: GET https://kintara.gg/api/servers "HTTP/1.1 200 OK"
2026-08-04 17:05:08,691 | INFO | snapshot top3=Server 20:22, Server 24:2, Server 5:1
2026-08-04 17:05:08,693 | INFO | EMBER monitored=25 live=23 total=38 top=Server 20:22, Server 24:2, Server 5:1
2026-08-04 17:10:01,912 | INFO | HTTP Request: GET https://kintara.gg/api/servers "HTTP/1.1 200 OK"
2026-08-04 17:10:09,082 | INFO | snapshot top3=Server 20:18, Server 18:3, Server 10:2
2026-08-04 17:10:09,082 | INFO | EMBER monitored=25 live=25 total=37 top=Server 20:18, Server 18:3, Server 10:2
2026-08-04 17:15:01,562 | INFO | HTTP Request: GET https://kintara.gg/api/servers "HTTP/1.1 200 OK"
2026-08-04 17:15:09,243 | INFO | snapshot top3=Server 20:13, Server 18:3, Server 10:2
2026-08-04 17:15:09,243 | INFO | EMBER monitored=25 live=24 total=36 top=Server 20:13, Server 18:3, Server 10:2
2026-08-04 17:20:02,594 | INFO | HTTP Request: GET https://kintara.gg/api/servers "HTTP/1.1 200 OK"
2026-08-04 17:20:09,254 | INFO | snapshot top3=Server 14:9, Server 5:2, Server 10:2
2026-08-04 17:20:09,254 | INFO | EMBER monitored=25 live=25 total=35 top=Server 14:9, Server 5:2, Server 10:2
2026-08-04 17:25:02,554 | INFO | HTTP Request: GET https://kintara.gg/api/servers "HTTP/1.1 200 OK"
2026-08-04 17:25:09,699 | INFO | snapshot top3=Server 14:14, Server 30:4, Server 4:2
2026-08-04 17:25:09,699 | INFO | EMBER monitored=25 live=25 total=41 top=Server 14:14, Server 30:4, Server 4:2
2026-08-04 17:30:03,491 | INFO | HTTP Request: GET https://kintara.gg/api/servers "HTTP/1.1 200 OK"
2026-08-04 17:30:10,147 | INFO | snapshot top3=Server 14:6, Server 4:3, Server 10:2
2026-08-04 17:30:10,149 | INFO | EMBER monitored=25 live=25 total=29 top=Server 14:6, Server 4:3, Server 10:2
2026-08-04 17:35:18,044 | INFO | HTTP Request: GET https://kintara.gg/api/servers "HTTP/1.1 200 OK"
2026-08-04 17:35:18,571 | INFO | snapshot top3=Server 11:10, Server 4:2, Server 10:2
2026-08-04 17:35:18,571 | INFO | EMBER monitored=25 live=20 total=30 top=Server 11:10, Server 4:2, Server 10:2
2026-08-04 17:40:05,792 | INFO | HTTP Request: GET https://kintara.gg/api/servers "HTTP/1.1 200 OK"
2026-08-04 17:40:18,662 | INFO | snapshot top3=Server 6:11, Server 9:2, Server 12:2
2026-08-04 17:40:18,662 | INFO | EMBER monitored=25 live=24 total=34 top=Server 6:11, Server 9:2, Server 12:2
2026-08-04 17:45:02,876 | INFO | HTTP Request: GET https://kintara.gg/api/servers "HTTP/1.1 200 OK"
2026-08-04 17:45:18,834 | INFO | snapshot top3=Server 6:14, Server 24:2, Server 30:2
2026-08-04 17:45:18,834 | INFO | EMBER monitored=25 live=25 total=34 top=Server 6:14, Server 24:2, Server 30:2
2026-08-04 17:50:02,969 | INFO | HTTP Request: GET https://kintara.gg/api/servers "HTTP/1.1 200 OK"
2026-08-04 17:50:18,949 | INFO | snapshot top3=Server 6:3, Server 28:2, Server 4:1
2026-08-04 17:50:18,949 | INFO | EMBER monitored=25 live=25 total=17 top=Server 6:3, Server 28:2, Server 4:1
2026-08-04 17:55:03,249 | INFO | HTTP Request: GET https://kintara.gg/api/servers "HTTP/1.1 200 OK"
2026-08-04 17:55:19,244 | INFO | snapshot top3=Server 6:14, Server 11:2, Server 19:2
2026-08-04 17:55:19,244 | INFO | EMBER monitored=25 live=25 total=33 top=Server 6:14, Server 11:2, Server 19:2
2026-08-04 18:00:03,547 | INFO | HTTP Request: GET https://kintara.gg/api/servers "HTTP/1.1 200 OK"
2026-08-04 18:00:19,572 | INFO | snapshot top3=Server 6:9, Server 23:2, Server 4:1
2026-08-04 18:00:19,573 | INFO | EMBER monitored=25 live=25 total=28 top=Server 6:9, Server 23:2, Server 4:1
2026-08-04 18:05:03,417 | INFO | HTTP Request: GET https://kintara.gg/api/servers "HTTP/1.1 200 OK"
2026-08-04 18:05:19,978 | INFO | snapshot top3=Server 6:6, Server 8:5, Server 4:1
2026-08-04 18:05:19,978 | INFO | EMBER monitored=25 live=25 total=31 top=Server 6:6, Server 8:5, Server 4:1
2026-08-04 18:10:03,966 | INFO | HTTP Request: GET https://kintara.gg/api/servers "HTTP/1.1 200 OK"
2026-08-04 18:10:20,441 | INFO | snapshot top3=Server 8:18, Server 4:1, Server 9:1
2026-08-04 18:10:20,441 | INFO | EMBER monitored=25 live=21 total=31 top=Server 8:18, Server 4:1, Server 9:1
2026-08-04 18:10:32,684 | INFO | HTTP Request: GET https://kintara.gg/api/servers "HTTP/1.1 200 OK"
2026-08-04 18:10:40,206 | INFO | snapshot top3=Server 8:18, Server 5:1, Server 6:1
2026-08-04 18:10:40,206 | INFO | EMBER monitored=25 live=18 total=31 top=Server 8:18, Server 5:1, Server 6:1
2026-08-04 18:15:32,792 | INFO | HTTP Request: GET https://kintara.gg/api/servers "HTTP/1.1 200 OK"
2026-08-04 18:15:40,434 | INFO | snapshot top3=Server 15:8, Server 8:3, Server 5:2
2026-08-04 18:15:40,434 | INFO | EMBER monitored=25 live=22 total=28 top=Server 15:8, Server 8:3, Server 5:2
2026-08-04 18:20:32,974 | INFO | HTTP Request: GET https://kintara.gg/api/servers "HTTP/1.1 200 OK"
2026-08-04 18:20:40,611 | INFO | snapshot top3=Server 15:14, Server 5:2, Server 12:2
2026-08-04 18:20:40,611 | INFO | EMBER monitored=25 live=24 total=33 top=Server 15:14, Server 5:2, Server 12:2
2026-08-04 18:25:34,265 | INFO | HTTP Request: GET https://kintara.gg/api/servers "HTTP/1.1 200 OK"
2026-08-04 18:25:40,943 | INFO | snapshot top3=Server 15:16, Server 18:2, Server 28:2
2026-08-04 18:25:40,945 | INFO | EMBER monitored=25 live=21 total=35 top=Server 15:16, Server 18:2, Server 28:2
2026-08-04 18:28:35,777 | INFO | HTTP Request: GET https://kintara.gg/api/servers "HTTP/1.1 200 OK"
2026-08-04 18:28:43,506 | INFO | snapshot top3=Server 15:16, Server 4:1, Server 8:1
2026-08-04 18:28:43,506 | INFO | EMBER monitored=25 live=17 total=27 top=Server 15:16, Server 4:1, Server 8:1
2026-08-04 18:33:38,913 | INFO | HTTP Request: GET https://kintara.gg/api/servers "HTTP/1.1 200 OK"
2026-08-04 18:33:43,522 | INFO | snapshot top3=Server 15:15, Server 7:2, Server 29:2
2026-08-04 18:33:43,526 | INFO | EMBER monitored=25 live=21 total=34 top=Server 15:15, Server 7:2, Server 29:2
2026-08-04 18:38:36,520 | INFO | HTTP Request: GET https://kintara.gg/api/servers "HTTP/1.1 200 OK"
2026-08-04 18:38:43,662 | INFO | snapshot top3=Server 15:17, Server 21:3, Server 5:2
2026-08-04 18:38:43,663 | INFO | EMBER monitored=25 live=22 total=38 top=Server 15:17, Server 21:3, Server 5:2
2026-08-04 18:43:37,223 | INFO | HTTP Request: GET https://kintara.gg/api/servers "HTTP/1.1 200 OK"
2026-08-04 18:43:43,842 | INFO | snapshot top3=Server 15:12, Server 4:2, Server 7:2
2026-08-04 18:43:43,842 | INFO | EMBER monitored=25 live=19 total=29 top=Server 15:12, Server 4:2, Server 7:2
2026-08-04 18:48:37,368 | INFO | HTTP Request: GET https://kintara.gg/api/servers "HTTP/1.1 200 OK"
2026-08-04 18:48:44,033 | INFO | snapshot top3=Server 15:12, Server 7:2, Server 4:1
2026-08-04 18:48:44,034 | INFO | EMBER monitored=25 live=20 total=31 top=Server 15:12, Server 7:2, Server 4:1
2026-08-04 18:53:36,770 | INFO | HTTP Request: GET https://kintara.gg/api/servers "HTTP/1.1 200 OK"
2026-08-04 18:53:44,445 | INFO | snapshot top3=Server 15:13, Server 7:2, Server 12:2
2026-08-04 18:53:44,446 | INFO | EMBER monitored=25 live=21 total=33 top=Server 15:13, Server 7:2, Server 12:2
2026-08-04 18:58:39,367 | INFO | HTTP Request: GET https://kintara.gg/api/servers "HTTP/1.1 200 OK"
2026-08-04 18:58:44,958 | INFO | snapshot top3=Server 28:9, Server 10:2, Server 4:1
2026-08-04 18:58:44,961 | INFO | EMBER monitored=25 live=23 total=30 top=Server 28:9, Server 10:2, Server 4:1
2026-08-04 19:03:39,445 | INFO | HTTP Request: GET https://kintara.gg/api/servers "HTTP/1.1 200 OK"
2026-08-04 19:03:45,060 | INFO | snapshot top3=Server 4:1, Server 5:1, Server 6:1
2026-08-04 19:03:45,060 | INFO | EMBER monitored=25 live=17 total=13 top=Server 4:1, Server 5:1, Server 6:1
2026-08-04 19:08:39,411 | INFO | HTTP Request: GET https://kintara.gg/api/servers "HTTP/1.1 200 OK"
2026-08-04 19:08:45,536 | INFO | snapshot top3=Server 28:12, Server 24:6, Server 4:2
2026-08-04 19:08:45,537 | INFO | EMBER monitored=25 live=17 total=32 top=Server 28:12, Server 24:6, Server 4:2
2026-08-04 19:13:40,034 | INFO | HTTP Request: GET https://kintara.gg/api/servers "HTTP/1.1 200 OK"
2026-08-04 19:13:45,643 | INFO | snapshot top3=Server 28:4, Server 9:2, Server 19:2
2026-08-04 19:13:45,643 | INFO | EMBER monitored=25 live=21 total=20 top=Server 28:4, Server 9:2, Server 19:2
2026-08-04 19:18:42,092 | INFO | HTTP Request: GET https://kintara.gg/api/servers "HTTP/1.1 200 OK"
2026-08-04 19:18:45,662 | INFO | snapshot top3=Server 18:7, Server 29:3, Server 10:2
2026-08-04 19:18:45,663 | INFO | EMBER monitored=25 live=24 total=27 top=Server 18:7, Server 29:3, Server 10:2
2026-08-04 19:23:38,357 | INFO | HTTP Request: GET https://kintara.gg/api/servers "HTTP/1.1 200 OK"
2026-08-04 19:23:46,004 | INFO | snapshot top3=Server 18:11, Server 29:6, Server 4:1
2026-08-04 19:23:46,004 | INFO | EMBER monitored=25 live=25 total=33 top=Server 18:11, Server 29:6, Server 4:1
2026-08-04 19:28:40,693 | INFO | HTTP Request: GET https://kintara.gg/api/servers "HTTP/1.1 200 OK"
2026-08-04 19:28:46,349 | INFO | snapshot top3=Server 21:3, Server 18:2, Server 5:1
2026-08-04 19:28:46,350 | INFO | EMBER monitored=25 live=23 total=11 top=Server 21:3, Server 18:2, Server 5:1
2026-08-04 19:33:40,852 | INFO | HTTP Request: GET https://kintara.gg/api/servers "HTTP/1.1 200 OK"
2026-08-04 19:33:46,429 | INFO | snapshot top3=Server 26:6, Server 23:2, Server 6:1
2026-08-04 19:33:46,432 | INFO | EMBER monitored=25 live=23 total=19 top=Server 26:6, Server 23:2, Server 6:1
2026-08-04 19:38:50,937 | INFO | HTTP Request: GET https://kintara.gg/api/servers "HTTP/1.1 200 OK"
2026-08-04 19:38:51,459 | INFO | snapshot top3=Server 26:9, Server 23:2, Server 5:1
2026-08-04 19:38:51,460 | INFO | EMBER monitored=25 live=22 total=24 top=Server 26:9, Server 23:2, Server 5:1
2026-08-04 19:43:45,009 | INFO | HTTP Request: GET https://kintara.gg/api/servers "HTTP/1.1 200 OK"
2026-08-04 19:43:51,601 | INFO | snapshot top3=Server 26:5, Server 12:2, Server 13:2
2026-08-04 19:43:51,604 | INFO | EMBER monitored=25 live=25 total=23 top=Server 26:5, Server 12:2, Server 13:2
2026-08-04 19:48:39,366 | INFO | HTTP Request: GET https://kintara.gg/api/servers "HTTP/1.1 200 OK"
2026-08-04 19:48:52,100 | INFO | snapshot top3=Server 6:2, Server 7:2, Server 12:2
2026-08-04 19:48:52,100 | INFO | EMBER monitored=25 live=22 total=20 top=Server 6:2, Server 7:2, Server 12:2
2026-08-04 19:53:46,415 | INFO | HTTP Request: GET https://kintara.gg/api/servers "HTTP/1.1 200 OK"
2026-08-04 19:53:52,552 | INFO | snapshot top3=Server 8:2, Server 12:2, Server 15:2
2026-08-04 19:53:52,554 | INFO | EMBER monitored=25 live=24 total=19 top=Server 8:2, Server 12:2, Server 15:2
2026-08-04 19:58:43,459 | INFO | HTTP Request: GET https://kintara.gg/api/servers "HTTP/1.1 200 OK"
2026-08-04 19:58:52,602 | INFO | snapshot top3=Server 10:2, Server 6:1, Server 7:1
2026-08-04 19:58:52,602 | INFO | EMBER monitored=25 live=23 total=14 top=Server 10:2, Server 6:1, Server 7:1
2026-08-04 20:03:47,500 | INFO | HTTP Request: GET https://kintara.gg/api/servers "HTTP/1.1 200 OK"
2026-08-04 20:03:53,098 | INFO | snapshot top3=Server 14:2, Server 6:1, Server 8:1
2026-08-04 20:03:53,099 | INFO | EMBER monitored=25 live=20 total=13 top=Server 14:2, Server 6:1, Server 8:1
2026-08-04 20:08:41,105 | INFO | HTTP Request: GET https://kintara.gg/api/servers "HTTP/1.1 200 OK"
2026-08-04 20:08:53,330 | INFO | snapshot top3=Server 27:2, Server 6:1, Server 7:1
2026-08-04 20:08:53,331 | INFO | EMBER monitored=25 live=21 total=15 top=Server 27:2, Server 6:1, Server 7:1
2026-08-04 20:13:47,328 | INFO | HTTP Request: GET https://kintara.gg/api/servers "HTTP/1.1 200 OK"
2026-08-04 20:13:53,458 | INFO | snapshot top3=Server 11:2, Server 12:2, Server 28:2
2026-08-04 20:13:53,459 | INFO | EMBER monitored=25 live=22 total=17 top=Server 11:2, Server 12:2, Server 28:2
2026-08-04 20:18:43,964 | INFO | HTTP Request: GET https://kintara.gg/api/servers "HTTP/1.1 200 OK"
2026-08-04 20:18:53,680 | INFO | snapshot top3=Server 10:5, Server 6:2, Server 9:2
2026-08-04 20:18:53,682 | INFO | EMBER monitored=25 live=21 total=23 top=Server 10:5, Server 6:2, Server 9:2
2026-08-04 20:23:41,462 | INFO | HTTP Request: GET https://kintara.gg/api/servers "HTTP/1.1 200 OK"
2026-08-04 20:23:53,754 | INFO | snapshot top3=Server 10:4, Server 7:2, Server 11:2
2026-08-04 20:23:53,754 | INFO | EMBER monitored=25 live=23 total=20 top=Server 10:4, Server 7:2, Server 11:2
2026-08-04 20:28:52,900 | ERROR | Shared Ember service crashed
Traceback (most recent call last):
  File "C:\Users\JavadTM\Desktop\Start\.venv\Lib\site-packages\httpx\_transports\default.py", line 101, in map_httpcore_exceptions
    yield
  File "C:\Users\JavadTM\Desktop\Start\.venv\Lib\site-packages\httpx\_transports\default.py", line 250, in handle_request
    resp = self._pool.handle_request(req)
  File "C:\Users\JavadTM\Desktop\Start\.venv\Lib\site-packages\httpcore\_sync\connection_pool.py", line 256, in handle_request
    raise exc from None
  File "C:\Users\JavadTM\Desktop\Start\.venv\Lib\site-packages\httpcore\_sync\connection_pool.py", line 236, in handle_request
    response = connection.handle_request(
        pool_request.request
    )
  File "C:\Users\JavadTM\Desktop\Start\.venv\Lib\site-packages\httpcore\_sync\socks_proxy.py", line 295, in handle_request
    raise exc
  File "C:\Users\JavadTM\Desktop\Start\.venv\Lib\site-packages\httpcore\_sync\socks_proxy.py", line 266, in handle_request
    stream = stream.start_tls(**kwargs)
  File "C:\Users\JavadTM\Desktop\Start\.venv\Lib\site-packages\httpcore\_backends\sync.py", line 154, in start_tls
    with map_exceptions(exc_map):
         ~~~~~~~~~~~~~~^^^^^^^^^
  File "C:\Users\JavadTM\AppData\Local\Programs\Python\Python314\Lib\contextlib.py", line 162, in __exit__
    self.gen.throw(value)
    ~~~~~~~~~~~~~~^^^^^^^
  File "C:\Users\JavadTM\Desktop\Start\.venv\Lib\site-packages\httpcore\_exceptions.py", line 14, in map_exceptions
    raise to_exc(exc) from exc
httpcore.ConnectError: [SSL: UNEXPECTED_EOF_WHILE_READING] EOF occurred in violation of protocol (_ssl.c:1081)

The above exception was the direct cause of the following exception:

Traceback (most recent call last):
  File "C:\Users\JavadTM\Desktop\Start\games\kintara\services\ember\runner.py", line 155, in run_service
    monitor.run(
    ~~~~~~~~~~~^
        stop_event,
        ^^^^^^^^^^^
    ...<2 lines>...
        server_refresh_seconds=update_seconds,
        ^^^^^^^^^^^^^^^^^^^^^^^^^^^^^^^^^^^^^^
    )
    ^
  File "C:\Users\JavadTM\Desktop\Start\games\kintara\services\ember\monitor.py", line 282, in run
    self._sync_watchers()
    ~~~~~~~~~~~~~~~~~~~^^
  File "C:\Users\JavadTM\Desktop\Start\games\kintara\services\ember\monitor.py", line 246, in _sync_watchers
    servers = self._fetch_servers()
  File "C:\Users\JavadTM\Desktop\Start\games\kintara\services\ember\monitor.py", line 236, in _fetch_servers
    response = client.get(self.base_url + "/api/servers")
  File "C:\Users\JavadTM\Desktop\Start\.venv\Lib\site-packages\httpx\_client.py", line 1053, in get
    return self.request(
           ~~~~~~~~~~~~^
        "GET",
        ^^^^^^
    ...<7 lines>...
        extensions=extensions,
        ^^^^^^^^^^^^^^^^^^^^^^
    )
    ^
  File "C:\Users\JavadTM\Desktop\Start\.venv\Lib\site-packages\httpx\_client.py", line 825, in request
    return self.send(request, auth=auth, follow_redirects=follow_redirects)
           ~~~~~~~~~^^^^^^^^^^^^^^^^^^^^^^^^^^^^^^^^^^^^^^^^^^^^^^^^^^^^^^^
  File "C:\Users\JavadTM\Desktop\Start\.venv\Lib\site-packages\httpx\_client.py", line 914, in send
    response = self._send_handling_auth(
        request,
    ...<2 lines>...
        history=[],
    )
  File "C:\Users\JavadTM\Desktop\Start\.venv\Lib\site-packages\httpx\_client.py", line 942, in _send_handling_auth
    response = self._send_handling_redirects(
        request,
        follow_redirects=follow_redirects,
        history=history,
    )
  File "C:\Users\JavadTM\Desktop\Start\.venv\Lib\site-packages\httpx\_client.py", line 979, in _send_handling_redirects
    response = self._send_single_request(request)
  File "C:\Users\JavadTM\Desktop\Start\.venv\Lib\site-packages\httpx\_client.py", line 1014, in _send_single_request
    response = transport.handle_request(request)
  File "C:\Users\JavadTM\Desktop\Start\.venv\Lib\site-packages\httpx\_transports\default.py", line 249, in handle_request
    with map_httpcore_exceptions():
         ~~~~~~~~~~~~~~~~~~~~~~~^^
  File "C:\Users\JavadTM\AppData\Local\Programs\Python\Python314\Lib\contextlib.py", line 162, in __exit__
    self.gen.throw(value)
    ~~~~~~~~~~~~~~^^^^^^^
  File "C:\Users\JavadTM\Desktop\Start\.venv\Lib\site-packages\httpx\_transports\default.py", line 118, in map_httpcore_exceptions
    raise mapped_exc(message) from exc
httpx.ConnectError: [SSL: UNEXPECTED_EOF_WHILE_READING] EOF occurred in violation of protocol (_ssl.c:1081)
2026-08-04 20:29:03,401 | INFO | HTTP Request: GET https://kintara.gg/api/servers "HTTP/1.1 200 OK"
2026-08-04 20:29:08,802 | INFO | snapshot top3=Server 6:2, Server 11:2, Server 18:2
2026-08-04 20:29:08,802 | INFO | EMBER monitored=25 live=8 total=9 top=Server 6:2, Server 11:2, Server 18:2
2026-08-04 20:34:05,487 | INFO | HTTP Request: GET https://kintara.gg/api/servers "HTTP/1.1 200 OK"
2026-08-04 20:34:09,054 | INFO | snapshot top3=Server 10:2, Server 17:2, Server 5:1
2026-08-04 20:34:09,056 | INFO | EMBER monitored=25 live=25 total=21 top=Server 10:2, Server 17:2, Server 5:1
2026-08-04 20:39:05,158 | INFO | HTTP Request: GET https://kintara.gg/api/servers "HTTP/1.1 200 OK"
2026-08-04 20:39:09,254 | INFO | snapshot top3=Server 10:2, Server 11:2, Server 21:2
2026-08-04 20:39:09,255 | INFO | EMBER monitored=25 live=22 total=18 top=Server 10:2, Server 11:2, Server 21:2
2026-08-04 20:44:03,795 | INFO | HTTP Request: GET https://kintara.gg/api/servers "HTTP/1.1 200 OK"
2026-08-04 20:44:09,412 | INFO | snapshot top3=Server 16:3, Server 11:2, Server 17:2
2026-08-04 20:44:09,413 | INFO | EMBER monitored=25 live=24 total=20 top=Server 16:3, Server 11:2, Server 17:2
2026-08-04 20:49:02,176 | INFO | HTTP Request: GET https://kintara.gg/api/servers "HTTP/1.1 200 OK"
2026-08-04 20:49:09,864 | INFO | snapshot top3=Server 10:2, Server 11:2, Server 4:1
2026-08-04 20:49:09,864 | INFO | EMBER monitored=25 live=24 total=19 top=Server 10:2, Server 11:2, Server 4:1
2026-08-04 20:54:05,288 | INFO | HTTP Request: GET https://kintara.gg/api/servers "HTTP/1.1 200 OK"
2026-08-04 20:54:09,882 | INFO | snapshot top3=Server 7:2, Server 4:1, Server 5:1
2026-08-04 20:54:09,885 | INFO | EMBER monitored=25 live=24 total=18 top=Server 7:2, Server 4:1, Server 5:1
2026-08-04 20:59:04,295 | INFO | HTTP Request: GET https://kintara.gg/api/servers "HTTP/1.1 200 OK"
2026-08-04 20:59:09,910 | INFO | snapshot top3=Server 5:2, Server 13:2, Server 4:1
2026-08-04 20:59:09,910 | INFO | EMBER monitored=25 live=23 total=20 top=Server 5:2, Server 13:2, Server 4:1
2026-08-04 21:04:06,545 | INFO | HTTP Request: GET https://kintara.gg/api/servers "HTTP/1.1 200 OK"
2026-08-04 21:04:10,131 | INFO | snapshot top3=Server 21:14, Server 13:2, Server 14:2
2026-08-04 21:04:10,132 | INFO | EMBER monitored=25 live=24 total=33 top=Server 21:14, Server 13:2, Server 14:2
2026-08-04 21:09:03,229 | INFO | HTTP Request: GET https://kintara.gg/api/servers "HTTP/1.1 200 OK"
2026-08-04 21:09:10,361 | INFO | snapshot top3=Server 21:17, Server 13:3, Server 24:2
2026-08-04 21:09:10,363 | INFO | EMBER monitored=25 live=24 total=35 top=Server 21:17, Server 13:3, Server 24:2
2026-08-04 21:14:05,223 | INFO | HTTP Request: GET https://kintara.gg/api/servers "HTTP/1.1 200 OK"
2026-08-04 21:14:10,859 | INFO | snapshot top3=Server 21:19, Server 13:4, Server 9:2
2026-08-04 21:14:10,859 | INFO | EMBER monitored=25 live=23 total=40 top=Server 21:19, Server 13:4, Server 9:2
2026-08-04 21:19:04,377 | INFO | HTTP Request: GET https://kintara.gg/api/servers "HTTP/1.1 200 OK"
2026-08-04 21:19:11,021 | INFO | snapshot top3=Server 10:2, Server 20:2, Server 23:2
2026-08-04 21:19:11,022 | INFO | EMBER monitored=25 live=24 total=20 top=Server 10:2, Server 20:2, Server 23:2
2026-08-04 21:24:04,087 | INFO | HTTP Request: GET https://kintara.gg/api/servers "HTTP/1.1 200 OK"
2026-08-04 21:24:11,211 | INFO | snapshot top3=Server 16:2, Server 17:2, Server 29:2
2026-08-04 21:24:11,211 | INFO | EMBER monitored=25 live=23 total=12 top=Server 16:2, Server 17:2, Server 29:2
2026-08-04 21:29:04,998 | INFO | HTTP Request: GET https://kintara.gg/api/servers "HTTP/1.1 200 OK"
2026-08-04 21:29:11,617 | INFO | snapshot top3=Server 24:2, Server 4:1, Server 6:1
2026-08-04 21:29:11,617 | INFO | EMBER monitored=25 live=23 total=8 top=Server 24:2, Server 4:1, Server 6:1
2026-08-04 21:34:04,712 | INFO | HTTP Request: GET https://kintara.gg/api/servers "HTTP/1.1 200 OK"
2026-08-04 21:34:11,865 | INFO | snapshot top3=Server 9:2, Server 21:2, Server 4:1
2026-08-04 21:34:11,865 | INFO | EMBER monitored=25 live=23 total=16 top=Server 9:2, Server 21:2, Server 4:1
2026-08-04 21:39:05,231 | INFO | HTTP Request: GET https://kintara.gg/api/servers "HTTP/1.1 200 OK"
2026-08-04 21:39:12,335 | INFO | snapshot top3=Server 21:3, Server 27:2, Server 4:1
2026-08-04 21:39:12,336 | INFO | EMBER monitored=25 live=25 total=19 top=Server 21:3, Server 27:2, Server 4:1
2026-08-04 21:44:05,662 | INFO | HTTP Request: GET https://kintara.gg/api/servers "HTTP/1.1 200 OK"
2026-08-04 21:44:12,337 | INFO | snapshot top3=Server 14:2, Server 21:2, Server 5:1
2026-08-04 21:44:12,337 | INFO | EMBER monitored=25 live=22 total=15 top=Server 14:2, Server 21:2, Server 5:1
2026-08-04 21:49:05,350 | INFO | HTTP Request: GET https://kintara.gg/api/servers "HTTP/1.1 200 OK"
2026-08-04 21:49:12,522 | INFO | snapshot top3=Server 10:2, Server 14:2, Server 18:2
2026-08-04 21:49:12,523 | INFO | EMBER monitored=25 live=23 total=19 top=Server 10:2, Server 14:2, Server 18:2
2026-08-04 21:54:06,212 | INFO | HTTP Request: GET https://kintara.gg/api/servers "HTTP/1.1 200 OK"
2026-08-04 21:54:12,819 | INFO | snapshot top3=Server 14:2, Server 4:1, Server 5:1
2026-08-04 21:54:12,820 | INFO | EMBER monitored=25 live=23 total=17 top=Server 14:2, Server 4:1, Server 5:1
2026-08-04 21:59:09,020 | INFO | HTTP Request: GET https://kintara.gg/api/servers "HTTP/1.1 200 OK"
2026-08-04 21:59:13,113 | INFO | snapshot top3=Server 26:2, Server 9:1, Server 16:1
2026-08-04 21:59:13,115 | INFO | EMBER monitored=25 live=17 total=5 top=Server 26:2, Server 9:1, Server 16:1
2026-08-04 22:04:10,588 | INFO | HTTP Request: GET https://kintara.gg/api/servers "HTTP/1.1 200 OK"
2026-08-04 22:04:13,146 | INFO | snapshot top3=Server 27:17, Server 14:2, Server 4:1
2026-08-04 22:04:13,147 | INFO | EMBER monitored=25 live=23 total=30 top=Server 27:17, Server 14:2, Server 4:1
2026-08-04 22:09:10,380 | INFO | HTTP Request: GET https://kintara.gg/api/servers "HTTP/1.1 200 OK"
2026-08-04 22:09:13,429 | INFO | snapshot top3=Server 27:18, Server 7:1, Server 10:1
2026-08-04 22:09:13,430 | INFO | EMBER monitored=25 live=25 total=29 top=Server 27:18, Server 7:1, Server 10:1
2026-08-04 22:14:06,859 | INFO | HTTP Request: GET https://kintara.gg/api/servers "HTTP/1.1 200 OK"
2026-08-04 22:14:13,486 | INFO | snapshot top3=Server 27:20, Server 7:1, Server 10:1
2026-08-04 22:14:13,490 | INFO | EMBER monitored=25 live=24 total=32 top=Server 27:20, Server 7:1, Server 10:1
2026-08-04 22:19:07,338 | INFO | HTTP Request: GET https://kintara.gg/api/servers "HTTP/1.1 200 OK"
2026-08-04 22:19:13,967 | INFO | snapshot top3=Server 27:18, Server 13:2, Server 7:1
2026-08-04 22:19:13,968 | INFO | EMBER monitored=25 live=23 total=35 top=Server 27:18, Server 13:2, Server 7:1
2026-08-04 22:24:36,670 | ERROR | Shared Ember service crashed
Traceback (most recent call last):
  File "C:\Users\JavadTM\Desktop\Start\.venv\Lib\site-packages\httpx\_transports\default.py", line 101, in map_httpcore_exceptions
    yield
  File "C:\Users\JavadTM\Desktop\Start\.venv\Lib\site-packages\httpx\_transports\default.py", line 250, in handle_request
    resp = self._pool.handle_request(req)
  File "C:\Users\JavadTM\Desktop\Start\.venv\Lib\site-packages\httpcore\_sync\connection_pool.py", line 256, in handle_request
    raise exc from None
  File "C:\Users\JavadTM\Desktop\Start\.venv\Lib\site-packages\httpcore\_sync\connection_pool.py", line 236, in handle_request
    response = connection.handle_request(
        pool_request.request
    )
  File "C:\Users\JavadTM\Desktop\Start\.venv\Lib\site-packages\httpcore\_sync\socks_proxy.py", line 295, in handle_request
    raise exc
  File "C:\Users\JavadTM\Desktop\Start\.venv\Lib\site-packages\httpcore\_sync\socks_proxy.py", line 266, in handle_request
    stream = stream.start_tls(**kwargs)
  File "C:\Users\JavadTM\Desktop\Start\.venv\Lib\site-packages\httpcore\_backends\sync.py", line 154, in start_tls
    with map_exceptions(exc_map):
         ~~~~~~~~~~~~~~^^^^^^^^^
  File "C:\Users\JavadTM\AppData\Local\Programs\Python\Python314\Lib\contextlib.py", line 162, in __exit__
    self.gen.throw(value)
    ~~~~~~~~~~~~~~^^^^^^^
  File "C:\Users\JavadTM\Desktop\Start\.venv\Lib\site-packages\httpcore\_exceptions.py", line 14, in map_exceptions
    raise to_exc(exc) from exc
httpcore.ConnectTimeout: _ssl.c:1063: The handshake operation timed out

The above exception was the direct cause of the following exception:

Traceback (most recent call last):
  File "C:\Users\JavadTM\Desktop\Start\games\kintara\services\ember\runner.py", line 155, in run_service
    monitor.run(
    ~~~~~~~~~~~^
        stop_event,
        ^^^^^^^^^^^
    ...<2 lines>...
        server_refresh_seconds=update_seconds,
        ^^^^^^^^^^^^^^^^^^^^^^^^^^^^^^^^^^^^^^
    )
    ^
  File "C:\Users\JavadTM\Desktop\Start\games\kintara\services\ember\monitor.py", line 282, in run
    self._sync_watchers()
    ~~~~~~~~~~~~~~~~~~~^^
  File "C:\Users\JavadTM\Desktop\Start\games\kintara\services\ember\monitor.py", line 246, in _sync_watchers
    servers = self._fetch_servers()
  File "C:\Users\JavadTM\Desktop\Start\games\kintara\services\ember\monitor.py", line 236, in _fetch_servers
    response = client.get(self.base_url + "/api/servers")
  File "C:\Users\JavadTM\Desktop\Start\.venv\Lib\site-packages\httpx\_client.py", line 1053, in get
    return self.request(
           ~~~~~~~~~~~~^
        "GET",
        ^^^^^^
    ...<7 lines>...
        extensions=extensions,
        ^^^^^^^^^^^^^^^^^^^^^^
    )
    ^
  File "C:\Users\JavadTM\Desktop\Start\.venv\Lib\site-packages\httpx\_client.py", line 825, in request
    return self.send(request, auth=auth, follow_redirects=follow_redirects)
           ~~~~~~~~~^^^^^^^^^^^^^^^^^^^^^^^^^^^^^^^^^^^^^^^^^^^^^^^^^^^^^^^
  File "C:\Users\JavadTM\Desktop\Start\.venv\Lib\site-packages\httpx\_client.py", line 914, in send
    response = self._send_handling_auth(
        request,
    ...<2 lines>...
        history=[],
    )
  File "C:\Users\JavadTM\Desktop\Start\.venv\Lib\site-packages\httpx\_client.py", line 942, in _send_handling_auth
    response = self._send_handling_redirects(
        request,
        follow_redirects=follow_redirects,
        history=history,
    )
  File "C:\Users\JavadTM\Desktop\Start\.venv\Lib\site-packages\httpx\_client.py", line 979, in _send_handling_redirects
    response = self._send_single_request(request)
  File "C:\Users\JavadTM\Desktop\Start\.venv\Lib\site-packages\httpx\_client.py", line 1014, in _send_single_request
    response = transport.handle_request(request)
  File "C:\Users\JavadTM\Desktop\Start\.venv\Lib\site-packages\httpx\_transports\default.py", line 249, in handle_request
    with map_httpcore_exceptions():
         ~~~~~~~~~~~~~~~~~~~~~~~^^
  File "C:\Users\JavadTM\AppData\Local\Programs\Python\Python314\Lib\contextlib.py", line 162, in __exit__
    self.gen.throw(value)
    ~~~~~~~~~~~~~~^^^^^^^
  File "C:\Users\JavadTM\Desktop\Start\.venv\Lib\site-packages\httpx\_transports\default.py", line 118, in map_httpcore_exceptions
    raise mapped_exc(message) from exc
httpx.ConnectTimeout: _ssl.c:1063: The handshake operation timed out
2026-08-04 22:24:52,654 | INFO | HTTP Request: GET https://kintara.gg/api/servers "HTTP/1.1 200 OK"
2026-08-04 22:24:54,973 | INFO | snapshot top3=-
2026-08-04 22:24:54,973 | INFO | EMBER monitored=25 live=0 total=0 top=-
2026-08-04 22:29:47,670 | INFO | HTTP Request: GET https://kintara.gg/api/servers "HTTP/1.1 200 OK"
2026-08-04 22:29:55,350 | INFO | snapshot top3=Server 27:14, Server 20:4, Server 12:2
2026-08-04 22:29:55,351 | INFO | EMBER monitored=25 live=25 total=35 top=Server 27:14, Server 20:4, Server 12:2
2026-08-04 22:34:47,129 | INFO | HTTP Request: GET https://kintara.gg/api/servers "HTTP/1.1 200 OK"
2026-08-04 22:34:55,772 | INFO | snapshot top3=Server 20:2, Server 27:2, Server 4:1
2026-08-04 22:34:55,773 | INFO | EMBER monitored=25 live=24 total=20 top=Server 20:2, Server 27:2, Server 4:1
2026-08-04 22:39:56,141 | INFO | HTTP Request: GET https://kintara.gg/api/servers "HTTP/1.1 200 OK"
2026-08-04 22:39:56,663 | INFO | snapshot top3=Server 20:4, Server 23:2, Server 27:2
2026-08-04 22:39:56,664 | INFO | EMBER monitored=25 live=21 total=26 top=Server 20:4, Server 23:2, Server 27:2
2026-08-04 22:44:48,421 | INFO | HTTP Request: GET https://kintara.gg/api/servers "HTTP/1.1 200 OK"
2026-08-04 22:44:57,114 | INFO | snapshot top3=Server 29:3, Server 4:2, Server 12:2
2026-08-04 22:44:57,114 | INFO | EMBER monitored=25 live=19 total=23 top=Server 29:3, Server 4:2, Server 12:2
2026-08-04 22:49:50,037 | INFO | HTTP Request: GET https://kintara.gg/api/servers "HTTP/1.1 200 OK"
2026-08-04 22:49:57,194 | INFO | snapshot top3=Server 27:6, Server 23:2, Server 26:2
2026-08-04 22:49:57,196 | INFO | EMBER monitored=25 live=22 total=26 top=Server 27:6, Server 23:2, Server 26:2
2026-08-04 22:54:59,630 | INFO | HTTP Request: GET https://kintara.gg/api/servers "HTTP/1.1 200 OK"
2026-08-04 22:55:00,148 | INFO | snapshot top3=Server 6:2, Server 11:2, Server 14:2
2026-08-04 22:55:00,149 | INFO | EMBER monitored=25 live=24 total=27 top=Server 6:2, Server 11:2, Server 14:2
2026-08-04 23:00:02,437 | ERROR | Shared Ember service crashed
Traceback (most recent call last):
  File "C:\Users\JavadTM\Desktop\Start\.venv\Lib\site-packages\httpx\_transports\default.py", line 101, in map_httpcore_exceptions
    yield
  File "C:\Users\JavadTM\Desktop\Start\.venv\Lib\site-packages\httpx\_transports\default.py", line 250, in handle_request
    resp = self._pool.handle_request(req)
  File "C:\Users\JavadTM\Desktop\Start\.venv\Lib\site-packages\httpcore\_sync\connection_pool.py", line 256, in handle_request
    raise exc from None
  File "C:\Users\JavadTM\Desktop\Start\.venv\Lib\site-packages\httpcore\_sync\connection_pool.py", line 236, in handle_request
    response = connection.handle_request(
        pool_request.request
    )
  File "C:\Users\JavadTM\Desktop\Start\.venv\Lib\site-packages\httpcore\_sync\socks_proxy.py", line 295, in handle_request
    raise exc
  File "C:\Users\JavadTM\Desktop\Start\.venv\Lib\site-packages\httpcore\_sync\socks_proxy.py", line 266, in handle_request
    stream = stream.start_tls(**kwargs)
  File "C:\Users\JavadTM\Desktop\Start\.venv\Lib\site-packages\httpcore\_backends\sync.py", line 154, in start_tls
    with map_exceptions(exc_map):
         ~~~~~~~~~~~~~~^^^^^^^^^
  File "C:\Users\JavadTM\AppData\Local\Programs\Python\Python314\Lib\contextlib.py", line 162, in __exit__
    self.gen.throw(value)
    ~~~~~~~~~~~~~~^^^^^^^
  File "C:\Users\JavadTM\Desktop\Start\.venv\Lib\site-packages\httpcore\_exceptions.py", line 14, in map_exceptions
    raise to_exc(exc) from exc
httpcore.ConnectError: [SSL: UNEXPECTED_EOF_WHILE_READING] EOF occurred in violation of protocol (_ssl.c:1081)

The above exception was the direct cause of the following exception:

Traceback (most recent call last):
  File "C:\Users\JavadTM\Desktop\Start\games\kintara\services\ember\runner.py", line 155, in run_service
    monitor.run(
    ~~~~~~~~~~~^
        stop_event,
        ^^^^^^^^^^^
    ...<2 lines>...
        server_refresh_seconds=update_seconds,
        ^^^^^^^^^^^^^^^^^^^^^^^^^^^^^^^^^^^^^^
    )
    ^
  File "C:\Users\JavadTM\Desktop\Start\games\kintara\services\ember\monitor.py", line 282, in run
    self._sync_watchers()
    ~~~~~~~~~~~~~~~~~~~^^
  File "C:\Users\JavadTM\Desktop\Start\games\kintara\services\ember\monitor.py", line 246, in _sync_watchers
    servers = self._fetch_servers()
  File "C:\Users\JavadTM\Desktop\Start\games\kintara\services\ember\monitor.py", line 236, in _fetch_servers
    response = client.get(self.base_url + "/api/servers")
  File "C:\Users\JavadTM\Desktop\Start\.venv\Lib\site-packages\httpx\_client.py", line 1053, in get
    return self.request(
           ~~~~~~~~~~~~^
        "GET",
        ^^^^^^
    ...<7 lines>...
        extensions=extensions,
        ^^^^^^^^^^^^^^^^^^^^^^
    )
    ^
  File "C:\Users\JavadTM\Desktop\Start\.venv\Lib\site-packages\httpx\_client.py", line 825, in request
    return self.send(request, auth=auth, follow_redirects=follow_redirects)
           ~~~~~~~~~^^^^^^^^^^^^^^^^^^^^^^^^^^^^^^^^^^^^^^^^^^^^^^^^^^^^^^^
  File "C:\Users\JavadTM\Desktop\Start\.venv\Lib\site-packages\httpx\_client.py", line 914, in send
    response = self._send_handling_auth(
        request,
    ...<2 lines>...
        history=[],
    )
  File "C:\Users\JavadTM\Desktop\Start\.venv\Lib\site-packages\httpx\_client.py", line 942, in _send_handling_auth
    response = self._send_handling_redirects(
        request,
        follow_redirects=follow_redirects,
        history=history,
    )
  File "C:\Users\JavadTM\Desktop\Start\.venv\Lib\site-packages\httpx\_client.py", line 979, in _send_handling_redirects
    response = self._send_single_request(request)
  File "C:\Users\JavadTM\Desktop\Start\.venv\Lib\site-packages\httpx\_client.py", line 1014, in _send_single_request
    response = transport.handle_request(request)
  File "C:\Users\JavadTM\Desktop\Start\.venv\Lib\site-packages\httpx\_transports\default.py", line 249, in handle_request
    with map_httpcore_exceptions():
         ~~~~~~~~~~~~~~~~~~~~~~~^^
  File "C:\Users\JavadTM\AppData\Local\Programs\Python\Python314\Lib\contextlib.py", line 162, in __exit__
    self.gen.throw(value)
    ~~~~~~~~~~~~~~^^^^^^^
  File "C:\Users\JavadTM\Desktop\Start\.venv\Lib\site-packages\httpx\_transports\default.py", line 118, in map_httpcore_exceptions
    raise mapped_exc(message) from exc
httpx.ConnectError: [SSL: UNEXPECTED_EOF_WHILE_READING] EOF occurred in violation of protocol (_ssl.c:1081)
2026-08-04 23:00:16,467 | INFO | HTTP Request: GET https://kintara.gg/api/servers "HTTP/1.1 200 OK"
2026-08-04 23:00:23,913 | INFO | snapshot top3=Server 6:2, Server 20:2, Server 5:1
2026-08-04 23:00:23,915 | INFO | EMBER monitored=25 live=20 total=19 top=Server 6:2, Server 20:2, Server 5:1
2026-08-04 23:05:20,523 | INFO | HTTP Request: GET https://kintara.gg/api/servers "HTTP/1.1 200 OK"
2026-08-04 23:05:24,080 | INFO | snapshot top3=Server 28:7, Server 20:3, Server 5:2
2026-08-04 23:05:24,080 | INFO | EMBER monitored=25 live=25 total=29 top=Server 28:7, Server 20:3, Server 5:2
2026-08-04 23:10:23,757 | INFO | HTTP Request: GET https://kintara.gg/api/servers "HTTP/1.1 200 OK"
2026-08-04 23:10:24,274 | INFO | snapshot top3=Server 28:7, Server 16:2, Server 19:2
2026-08-04 23:10:24,274 | INFO | EMBER monitored=25 live=22 total=22 top=Server 28:7, Server 16:2, Server 19:2
2026-08-04 23:15:21,580 | INFO | HTTP Request: GET https://kintara.gg/api/servers "HTTP/1.1 200 OK"
2026-08-04 23:15:24,644 | INFO | snapshot top3=Server 28:7, Server 8:2, Server 9:2
2026-08-04 23:15:24,644 | INFO | EMBER monitored=25 live=25 total=29 top=Server 28:7, Server 8:2, Server 9:2
2026-08-04 23:18:20,574 | INFO | HTTP Request: GET https://kintara.gg/api/servers "HTTP/1.1 200 OK"
2026-08-04 23:18:37,410 | INFO | snapshot top3=Server 28:7, Server 5:2, Server 4:1
2026-08-04 23:18:37,411 | INFO | MOLTEN accurate=True coverage=0.80 top=Server 28:7, Server 5:2, Server 4:1
2026-08-04 23:19:21,217 | INFO | HTTP Request: GET https://kintara.gg/api/servers "HTTP/1.1 200 OK"
2026-08-04 23:19:37,582 | INFO | snapshot top3=Server 28:7, Server 9:3, Server 5:2
2026-08-04 23:19:37,582 | INFO | MOLTEN accurate=True coverage=0.92 top=Server 28:7, Server 9:3, Server 5:2
2026-08-04 23:20:19,321 | INFO | HTTP Request: GET https://kintara.gg/api/servers "HTTP/1.1 200 OK"
2026-08-04 23:20:37,832 | INFO | snapshot top3=Server 28:7, Server 9:3, Server 5:2
2026-08-04 23:20:37,832 | INFO | MOLTEN accurate=True coverage=0.84 top=Server 28:7, Server 9:3, Server 5:2
2026-08-04 23:21:20,335 | INFO | HTTP Request: GET https://kintara.gg/api/servers "HTTP/1.1 200 OK"
2026-08-04 23:21:37,851 | INFO | snapshot top3=Server 9:3, Server 5:2, Server 8:2
2026-08-04 23:21:37,851 | INFO | MOLTEN accurate=True coverage=0.84 top=Server 9:3, Server 5:2, Server 8:2
2026-08-04 23:22:21,049 | INFO | HTTP Request: GET https://kintara.gg/api/servers "HTTP/1.1 200 OK"
2026-08-04 23:22:37,980 | INFO | snapshot top3=Server 5:2, Server 8:2, Server 9:2
2026-08-04 23:22:37,981 | INFO | MOLTEN accurate=True coverage=0.88 top=Server 5:2, Server 8:2, Server 9:2
2026-08-04 23:23:22,478 | INFO | HTTP Request: GET https://kintara.gg/api/servers "HTTP/1.1 200 OK"
2026-08-04 23:23:38,113 | INFO | snapshot top3=Server 4:1, Server 6:1, Server 10:1
2026-08-04 23:23:38,114 | INFO | MOLTEN accurate=True coverage=0.80 top=Server 4:1, Server 6:1, Server 10:1
2026-08-04 23:24:26,335 | INFO | HTTP Request: GET https://kintara.gg/api/servers "HTTP/1.1 200 OK"
2026-08-04 23:24:38,300 | INFO | snapshot top3=Server 8:2, Server 4:1, Server 5:1
2026-08-04 23:24:38,302 | INFO | MOLTEN accurate=True coverage=0.96 top=Server 8:2, Server 4:1, Server 5:1
2026-08-04 23:25:24,927 | INFO | HTTP Request: GET https://kintara.gg/api/servers "HTTP/1.1 200 OK"
2026-08-04 23:25:44,000 | INFO | snapshot top3=Server 5:2, Server 8:2, Server 6:1
2026-08-04 23:25:44,000 | INFO | MOLTEN accurate=True coverage=0.80 top=Server 5:2, Server 8:2, Server 6:1
2026-08-04 23:26:20,510 | INFO | HTTP Request: GET https://kintara.gg/api/servers "HTTP/1.1 200 OK"
2026-08-04 23:26:44,210 | INFO | snapshot top3=Server 7:3, Server 8:2, Server 21:2
2026-08-04 23:26:44,211 | INFO | MOLTEN accurate=True coverage=0.92 top=Server 7:3, Server 8:2, Server 21:2
2026-08-04 23:27:24,597 | INFO | HTTP Request: GET https://kintara.gg/api/servers "HTTP/1.1 200 OK"
2026-08-04 23:27:44,863 | INFO | snapshot top3=Server 4:2, Server 7:2, Server 8:2
2026-08-04 23:27:44,865 | INFO | MOLTEN accurate=True coverage=0.80 top=Server 4:2, Server 7:2, Server 8:2
2026-08-04 23:28:34,851 | INFO | HTTP Request: GET https://kintara.gg/api/servers "HTTP/1.1 200 OK"
2026-08-04 23:28:46,025 | INFO | snapshot top3=Server 8:3, Server 4:2, Server 7:2
2026-08-04 23:28:46,025 | INFO | MOLTEN accurate=True coverage=0.80 top=Server 8:3, Server 4:2, Server 7:2
2026-08-04 23:29:47,141 | INFO | HTTP Request: GET https://kintara.gg/api/servers "HTTP/1.1 200 OK"
2026-08-04 23:30:01,607 | INFO | snapshot top3=Server 4:2, Server 8:2, Server 5:1
2026-08-04 23:30:01,607 | INFO | MOLTEN accurate=True coverage=0.80 top=Server 4:2, Server 8:2, Server 5:1
2026-08-04 23:30:47,370 | INFO | HTTP Request: GET https://kintara.gg/api/servers "HTTP/1.1 200 OK"
2026-08-04 23:31:01,814 | INFO | snapshot top3=Server 8:2, Server 19:2, Server 4:1
2026-08-04 23:31:01,814 | INFO | MOLTEN accurate=True coverage=0.88 top=Server 8:2, Server 19:2, Server 4:1
2026-08-04 23:31:42,838 | INFO | HTTP Request: GET https://kintara.gg/api/servers "HTTP/1.1 200 OK"
2026-08-04 23:32:01,833 | INFO | snapshot top3=Server 6:2, Server 8:2, Server 11:2
2026-08-04 23:32:01,833 | INFO | MOLTEN accurate=True coverage=0.96 top=Server 6:2, Server 8:2, Server 11:2
2026-08-04 23:32:46,920 | INFO | HTTP Request: GET https://kintara.gg/api/servers "HTTP/1.1 200 OK"
2026-08-04 23:33:02,051 | INFO | snapshot top3=Server 6:2, Server 9:2, Server 20:2
2026-08-04 23:33:02,051 | INFO | MOLTEN accurate=True coverage=0.96 top=Server 6:2, Server 9:2, Server 20:2
2026-08-04 23:33:35,367 | INFO | HTTP Request: GET https://kintara.gg/api/servers "HTTP/1.1 200 OK"
2026-08-04 23:34:02,133 | INFO | snapshot top3=Server 6:2, Server 20:2, Server 4:1
2026-08-04 23:34:02,133 | INFO | MOLTEN accurate=True coverage=0.92 top=Server 6:2, Server 20:2, Server 4:1
2026-08-04 23:34:53,621 | ERROR | Shared Ember service crashed
Traceback (most recent call last):
  File "C:\Users\JavadTM\Desktop\Start\.venv\Lib\site-packages\httpx\_transports\default.py", line 101, in map_httpcore_exceptions
    yield
  File "C:\Users\JavadTM\Desktop\Start\.venv\Lib\site-packages\httpx\_transports\default.py", line 250, in handle_request
    resp = self._pool.handle_request(req)
  File "C:\Users\JavadTM\Desktop\Start\.venv\Lib\site-packages\httpcore\_sync\connection_pool.py", line 256, in handle_request
    raise exc from None
  File "C:\Users\JavadTM\Desktop\Start\.venv\Lib\site-packages\httpcore\_sync\connection_pool.py", line 236, in handle_request
    response = connection.handle_request(
        pool_request.request
    )
  File "C:\Users\JavadTM\Desktop\Start\.venv\Lib\site-packages\httpcore\_sync\http_proxy.py", line 316, in handle_request
    stream = stream.start_tls(**kwargs)
  File "C:\Users\JavadTM\Desktop\Start\.venv\Lib\site-packages\httpcore\_sync\http11.py", line 376, in start_tls
    return self._stream.start_tls(ssl_context, server_hostname, timeout)
           ~~~~~~~~~~~~~~~~~~~~~~^^^^^^^^^^^^^^^^^^^^^^^^^^^^^^^^^^^^^^^
  File "C:\Users\JavadTM\Desktop\Start\.venv\Lib\site-packages\httpcore\_backends\sync.py", line 154, in start_tls
    with map_exceptions(exc_map):
         ~~~~~~~~~~~~~~^^^^^^^^^
  File "C:\Users\JavadTM\AppData\Local\Programs\Python\Python314\Lib\contextlib.py", line 162, in __exit__
    self.gen.throw(value)
    ~~~~~~~~~~~~~~^^^^^^^
  File "C:\Users\JavadTM\Desktop\Start\.venv\Lib\site-packages\httpcore\_exceptions.py", line 14, in map_exceptions
    raise to_exc(exc) from exc
httpcore.ConnectError: [SSL: UNEXPECTED_EOF_WHILE_READING] EOF occurred in violation of protocol (_ssl.c:1081)

The above exception was the direct cause of the following exception:

Traceback (most recent call last):
  File "C:\Users\JavadTM\Desktop\Start\games\kintara\services\ember\runner.py", line 157, in run_service
    monitor.run(
    ~~~~~~~~~~~^
        stop_event,
        ^^^^^^^^^^^
    ...<3 lines>...
        refresh_requested=lambda: shared_service_store.consume_refresh_request(service_key),
        ^^^^^^^^^^^^^^^^^^^^^^^^^^^^^^^^^^^^^^^^^^^^^^^^^^^^^^^^^^^^^^^^^^^^^^^^^^^^^^^^^^^^
    )
    ^
  File "C:\Users\JavadTM\Desktop\Start\games\kintara\services\ember\monitor.py", line 306, in run
    self._sync_watchers()
    ~~~~~~~~~~~~~~~~~~~^^
  File "C:\Users\JavadTM\Desktop\Start\games\kintara\services\ember\monitor.py", line 247, in _sync_watchers
    servers = self._fetch_servers()
  File "C:\Users\JavadTM\Desktop\Start\games\kintara\services\ember\monitor.py", line 237, in _fetch_servers
    response = client.get(self.base_url + "/api/servers")
  File "C:\Users\JavadTM\Desktop\Start\.venv\Lib\site-packages\httpx\_client.py", line 1053, in get
    return self.request(
           ~~~~~~~~~~~~^
        "GET",
        ^^^^^^
    ...<7 lines>...
        extensions=extensions,
        ^^^^^^^^^^^^^^^^^^^^^^
    )
    ^
  File "C:\Users\JavadTM\Desktop\Start\.venv\Lib\site-packages\httpx\_client.py", line 825, in request
    return self.send(request, auth=auth, follow_redirects=follow_redirects)
           ~~~~~~~~~^^^^^^^^^^^^^^^^^^^^^^^^^^^^^^^^^^^^^^^^^^^^^^^^^^^^^^^
  File "C:\Users\JavadTM\Desktop\Start\.venv\Lib\site-packages\httpx\_client.py", line 914, in send
    response = self._send_handling_auth(
        request,
    ...<2 lines>...
        history=[],
    )
  File "C:\Users\JavadTM\Desktop\Start\.venv\Lib\site-packages\httpx\_client.py", line 942, in _send_handling_auth
    response = self._send_handling_redirects(
        request,
        follow_redirects=follow_redirects,
        history=history,
    )
  File "C:\Users\JavadTM\Desktop\Start\.venv\Lib\site-packages\httpx\_client.py", line 979, in _send_handling_redirects
    response = self._send_single_request(request)
  File "C:\Users\JavadTM\Desktop\Start\.venv\Lib\site-packages\httpx\_client.py", line 1014, in _send_single_request
    response = transport.handle_request(request)
  File "C:\Users\JavadTM\Desktop\Start\.venv\Lib\site-packages\httpx\_transports\default.py", line 249, in handle_request
    with map_httpcore_exceptions():
         ~~~~~~~~~~~~~~~~~~~~~~~^^
  File "C:\Users\JavadTM\AppData\Local\Programs\Python\Python314\Lib\contextlib.py", line 162, in __exit__
    self.gen.throw(value)
    ~~~~~~~~~~~~~~^^^^^^^
  File "C:\Users\JavadTM\Desktop\Start\.venv\Lib\site-packages\httpx\_transports\default.py", line 118, in map_httpcore_exceptions
    raise mapped_exc(message) from exc
httpx.ConnectError: [SSL: UNEXPECTED_EOF_WHILE_READING] EOF occurred in violation of protocol (_ssl.c:1081)
2026-08-04 23:34:59,746 | INFO | HTTP Request: GET https://kintara.gg/api/servers "HTTP/1.1 200 OK"
2026-08-04 23:35:20,802 | INFO | snapshot top3=Server 4:1, Server 6:1, Server 8:1
2026-08-04 23:35:20,802 | INFO | MOLTEN accurate=True coverage=0.84 top=Server 4:1, Server 6:1, Server 8:1
2026-08-04 23:35:58,930 | INFO | HTTP Request: GET https://kintara.gg/api/servers "HTTP/1.1 200 OK"
2026-08-04 23:36:21,038 | INFO | snapshot top3=Server 27:1, Server 29:1
2026-08-04 23:36:21,038 | INFO | MOLTEN accurate=True coverage=0.96 top=Server 27:1, Server 29:1
2026-08-04 23:37:00,486 | INFO | HTTP Request: GET https://kintara.gg/api/servers "HTTP/1.1 200 OK"
2026-08-04 23:37:21,111 | INFO | snapshot top3=Server 4:1, Server 8:1, Server 10:1
2026-08-04 23:37:21,112 | INFO | MOLTEN accurate=True coverage=0.92 top=Server 4:1, Server 8:1, Server 10:1
2026-08-04 23:38:09,439 | INFO | HTTP Request: GET https://kintara.gg/api/servers "HTTP/1.1 200 OK"
2026-08-04 23:38:21,226 | INFO | snapshot top3=Server 8:2, Server 4:1, Server 10:1
2026-08-04 23:38:21,226 | INFO | MOLTEN accurate=True coverage=0.84 top=Server 8:2, Server 4:1, Server 10:1
2026-08-04 23:39:03,301 | INFO | HTTP Request: GET https://kintara.gg/api/servers "HTTP/1.1 200 OK"
2026-08-04 23:39:35,390 | INFO | HTTP Request: GET https://kintara.gg/api/servers "HTTP/1.1 200 OK"
2026-08-04 23:39:43,261 | INFO | snapshot top3=Server 8:2, Server 4:1, Server 10:1
2026-08-04 23:39:43,262 | INFO | MOLTEN accurate=True coverage=0.84 top=Server 8:2, Server 4:1, Server 10:1
2026-08-04 23:40:45,214 | INFO | HTTP Request: GET https://kintara.gg/api/servers "HTTP/1.1 200 OK"
2026-08-04 23:40:45,491 | INFO | snapshot top3=Server 8:2, Server 4:1, Server 11:1
2026-08-04 23:40:45,491 | INFO | MOLTEN accurate=True coverage=0.88 top=Server 8:2, Server 4:1, Server 11:1
2026-08-04 23:41:34,721 | INFO | HTTP Request: GET https://kintara.gg/api/servers "HTTP/1.1 200 OK"
2026-08-04 23:41:45,583 | INFO | snapshot top3=Server 8:2, Server 4:1, Server 10:1
2026-08-04 23:41:45,584 | INFO | MOLTEN accurate=True coverage=1.00 top=Server 8:2, Server 4:1, Server 10:1
2026-08-04 23:42:37,940 | INFO | HTTP Request: GET https://kintara.gg/api/servers "HTTP/1.1 200 OK"
2026-08-04 23:42:45,788 | INFO | snapshot top3=Server 8:2, Server 4:1, Server 7:1
2026-08-04 23:42:45,788 | INFO | MOLTEN accurate=True coverage=0.92 top=Server 8:2, Server 4:1, Server 7:1
2026-08-04 23:43:35,014 | INFO | HTTP Request: GET https://kintara.gg/api/servers "HTTP/1.1 200 OK"
2026-08-04 23:43:46,755 | INFO | snapshot top3=Server 7:2, Server 4:1, Server 8:1
2026-08-04 23:43:46,756 | INFO | MOLTEN accurate=True coverage=0.88 top=Server 7:2, Server 4:1, Server 8:1
2026-08-04 23:44:35,334 | INFO | HTTP Request: GET https://kintara.gg/api/servers "HTTP/1.1 200 OK"
2026-08-04 23:44:46,819 | INFO | snapshot top3=Server 4:1, Server 8:1, Server 10:1
2026-08-04 23:44:46,819 | INFO | MOLTEN accurate=True coverage=0.96 top=Server 4:1, Server 8:1, Server 10:1
2026-08-04 23:45:52,343 | ERROR | Shared Ember service crashed
Traceback (most recent call last):
  File "C:\Users\JavadTM\Desktop\Start\.venv\Lib\site-packages\httpx\_transports\default.py", line 101, in map_httpcore_exceptions
    yield
  File "C:\Users\JavadTM\Desktop\Start\.venv\Lib\site-packages\httpx\_transports\default.py", line 250, in handle_request
    resp = self._pool.handle_request(req)
  File "C:\Users\JavadTM\Desktop\Start\.venv\Lib\site-packages\httpcore\_sync\connection_pool.py", line 256, in handle_request
    raise exc from None
  File "C:\Users\JavadTM\Desktop\Start\.venv\Lib\site-packages\httpcore\_sync\connection_pool.py", line 236, in handle_request
    response = connection.handle_request(
        pool_request.request
    )
  File "C:\Users\JavadTM\Desktop\Start\.venv\Lib\site-packages\httpcore\_sync\http_proxy.py", line 316, in handle_request
    stream = stream.start_tls(**kwargs)
  File "C:\Users\JavadTM\Desktop\Start\.venv\Lib\site-packages\httpcore\_sync\http11.py", line 376, in start_tls
    return self._stream.start_tls(ssl_context, server_hostname, timeout)
           ~~~~~~~~~~~~~~~~~~~~~~^^^^^^^^^^^^^^^^^^^^^^^^^^^^^^^^^^^^^^^
  File "C:\Users\JavadTM\Desktop\Start\.venv\Lib\site-packages\httpcore\_backends\sync.py", line 154, in start_tls
    with map_exceptions(exc_map):
         ~~~~~~~~~~~~~~^^^^^^^^^
  File "C:\Users\JavadTM\AppData\Local\Programs\Python\Python314\Lib\contextlib.py", line 162, in __exit__
    self.gen.throw(value)
    ~~~~~~~~~~~~~~^^^^^^^
  File "C:\Users\JavadTM\Desktop\Start\.venv\Lib\site-packages\httpcore\_exceptions.py", line 14, in map_exceptions
    raise to_exc(exc) from exc
httpcore.ConnectError: [SSL: UNEXPECTED_EOF_WHILE_READING] EOF occurred in violation of protocol (_ssl.c:1081)

The above exception was the direct cause of the following exception:

Traceback (most recent call last):
  File "C:\Users\JavadTM\Desktop\Start\games\kintara\services\ember\runner.py", line 157, in run_service
    monitor.run(
    ~~~~~~~~~~~^
        stop_event,
        ^^^^^^^^^^^
    ...<3 lines>...
        refresh_requested=lambda: shared_service_store.consume_refresh_request(service_key),
        ^^^^^^^^^^^^^^^^^^^^^^^^^^^^^^^^^^^^^^^^^^^^^^^^^^^^^^^^^^^^^^^^^^^^^^^^^^^^^^^^^^^^
    )
    ^
  File "C:\Users\JavadTM\Desktop\Start\games\kintara\services\ember\monitor.py", line 306, in run
    self._sync_watchers()
    ~~~~~~~~~~~~~~~~~~~^^
  File "C:\Users\JavadTM\Desktop\Start\games\kintara\services\ember\monitor.py", line 247, in _sync_watchers
    servers = self._fetch_servers()
  File "C:\Users\JavadTM\Desktop\Start\games\kintara\services\ember\monitor.py", line 237, in _fetch_servers
    response = client.get(self.base_url + "/api/servers")
  File "C:\Users\JavadTM\Desktop\Start\.venv\Lib\site-packages\httpx\_client.py", line 1053, in get
    return self.request(
           ~~~~~~~~~~~~^
        "GET",
        ^^^^^^
    ...<7 lines>...
        extensions=extensions,
        ^^^^^^^^^^^^^^^^^^^^^^
    )
    ^
  File "C:\Users\JavadTM\Desktop\Start\.venv\Lib\site-packages\httpx\_client.py", line 825, in request
    return self.send(request, auth=auth, follow_redirects=follow_redirects)
           ~~~~~~~~~^^^^^^^^^^^^^^^^^^^^^^^^^^^^^^^^^^^^^^^^^^^^^^^^^^^^^^^
  File "C:\Users\JavadTM\Desktop\Start\.venv\Lib\site-packages\httpx\_client.py", line 914, in send
    response = self._send_handling_auth(
        request,
    ...<2 lines>...
        history=[],
    )
  File "C:\Users\JavadTM\Desktop\Start\.venv\Lib\site-packages\httpx\_client.py", line 942, in _send_handling_auth
    response = self._send_handling_redirects(
        request,
        follow_redirects=follow_redirects,
        history=history,
    )
  File "C:\Users\JavadTM\Desktop\Start\.venv\Lib\site-packages\httpx\_client.py", line 979, in _send_handling_redirects
    response = self._send_single_request(request)
  File "C:\Users\JavadTM\Desktop\Start\.venv\Lib\site-packages\httpx\_client.py", line 1014, in _send_single_request
    response = transport.handle_request(request)
  File "C:\Users\JavadTM\Desktop\Start\.venv\Lib\site-packages\httpx\_transports\default.py", line 249, in handle_request
    with map_httpcore_exceptions():
         ~~~~~~~~~~~~~~~~~~~~~~~^^
  File "C:\Users\JavadTM\AppData\Local\Programs\Python\Python314\Lib\contextlib.py", line 162, in __exit__
    self.gen.throw(value)
    ~~~~~~~~~~~~~~^^^^^^^
  File "C:\Users\JavadTM\Desktop\Start\.venv\Lib\site-packages\httpx\_transports\default.py", line 118, in map_httpcore_exceptions
    raise mapped_exc(message) from exc
httpx.ConnectError: [SSL: UNEXPECTED_EOF_WHILE_READING] EOF occurred in violation of protocol (_ssl.c:1081)
2026-08-04 23:47:05,972 | INFO | HTTP Request: GET https://kintara.gg/api/servers "HTTP/1.1 200 OK"
2026-08-04 23:47:13,285 | INFO | snapshot top3=Server 7:1, Server 8:1, Server 10:1
2026-08-04 23:47:13,288 | INFO | MOLTEN accurate=True coverage=0.80 top=Server 7:1, Server 8:1, Server 10:1
2026-08-04 23:48:10,513 | INFO | HTTP Request: GET https://kintara.gg/api/servers "HTTP/1.1 200 OK"
2026-08-04 23:48:13,364 | INFO | snapshot top3=Server 4:1, Server 5:1, Server 6:1
2026-08-04 23:48:13,364 | INFO | MOLTEN accurate=True coverage=0.92 top=Server 4:1, Server 5:1, Server 6:1
2026-08-04 23:49:10,366 | INFO | HTTP Request: GET https://kintara.gg/api/servers "HTTP/1.1 200 OK"
2026-08-04 23:49:13,508 | INFO | snapshot top3=Server 5:1, Server 6:1, Server 7:1
2026-08-04 23:49:13,508 | INFO | MOLTEN accurate=True coverage=0.96 top=Server 5:1, Server 6:1, Server 7:1
2026-08-04 23:50:15,815 | INFO | HTTP Request: GET https://kintara.gg/api/servers "HTTP/1.1 200 OK"
2026-08-04 23:50:16,082 | INFO | snapshot top3=Server 5:1, Server 6:1, Server 7:1
2026-08-04 23:50:16,082 | INFO | MOLTEN accurate=True coverage=0.96 top=Server 5:1, Server 6:1, Server 7:1
2026-08-04 23:51:06,217 | INFO | HTTP Request: GET https://kintara.gg/api/servers "HTTP/1.1 200 OK"
2026-08-04 23:51:17,368 | INFO | snapshot top3=Server 12:2, Server 4:1, Server 5:1
2026-08-04 23:51:17,369 | INFO | MOLTEN accurate=True coverage=0.84 top=Server 12:2, Server 4:1, Server 5:1
2026-08-04 23:52:11,340 | INFO | HTTP Request: GET https://kintara.gg/api/servers "HTTP/1.1 200 OK"
2026-08-04 23:52:17,585 | INFO | snapshot top3=Server 28:2, Server 4:1, Server 6:1
2026-08-04 23:52:17,586 | INFO | MOLTEN accurate=True coverage=0.92 top=Server 28:2, Server 4:1, Server 6:1
2026-08-04 23:53:06,836 | INFO | HTTP Request: GET https://kintara.gg/api/servers "HTTP/1.1 200 OK"
2026-08-04 23:53:17,824 | INFO | snapshot top3=Server 12:2, Server 4:1, Server 5:1
2026-08-04 23:53:17,826 | INFO | MOLTEN accurate=True coverage=0.88 top=Server 12:2, Server 4:1, Server 5:1
2026-08-04 23:54:18,830 | INFO | HTTP Request: GET https://kintara.gg/api/servers "HTTP/1.1 200 OK"
2026-08-04 23:54:19,111 | INFO | snapshot top3=Server 4:1, Server 5:1, Server 6:1
2026-08-04 23:54:19,111 | INFO | MOLTEN accurate=True coverage=0.96 top=Server 4:1, Server 5:1, Server 6:1
2026-08-04 23:55:06,588 | INFO | HTTP Request: GET https://kintara.gg/api/servers "HTTP/1.1 200 OK"
2026-08-04 23:55:19,248 | INFO | snapshot top3=Server 6:2, Server 12:2, Server 4:1
2026-08-04 23:55:19,248 | INFO | MOLTEN accurate=True coverage=0.88 top=Server 6:2, Server 12:2, Server 4:1
2026-08-04 23:56:14,251 | INFO | HTTP Request: GET https://kintara.gg/api/servers "HTTP/1.1 200 OK"
2026-08-04 23:56:19,490 | INFO | snapshot top3=Server 12:4, Server 4:1, Server 5:1
2026-08-04 23:56:19,492 | INFO | MOLTEN accurate=True coverage=0.80 top=Server 12:4, Server 4:1, Server 5:1
2026-08-04 23:57:09,987 | INFO | HTTP Request: GET https://kintara.gg/api/servers "HTTP/1.1 200 OK"
2026-08-04 23:57:19,634 | INFO | snapshot top3=Server 12:4, Server 6:1, Server 7:1
2026-08-04 23:57:19,635 | INFO | MOLTEN accurate=True coverage=0.92 top=Server 12:4, Server 6:1, Server 7:1
2026-08-04 23:58:08,172 | INFO | HTTP Request: GET https://kintara.gg/api/servers "HTTP/1.1 200 OK"
2026-08-04 23:58:19,796 | INFO | snapshot top3=Server 4:1, Server 6:1, Server 7:1
2026-08-04 23:58:19,797 | INFO | MOLTEN accurate=True coverage=0.80 top=Server 4:1, Server 6:1, Server 7:1
2026-08-04 23:59:11,771 | INFO | HTTP Request: GET https://kintara.gg/api/servers "HTTP/1.1 200 OK"
2026-08-04 23:59:20,019 | INFO | snapshot top3=Server 12:4, Server 4:1, Server 6:1
2026-08-04 23:59:20,019 | INFO | MOLTEN accurate=True coverage=0.88 top=Server 12:4, Server 4:1, Server 6:1
2026-08-05 00:00:08,324 | INFO | HTTP Request: GET https://kintara.gg/api/servers "HTTP/1.1 200 OK"
2026-08-05 00:00:20,102 | INFO | snapshot top3=Server 4:1, Server 6:1, Server 7:1
2026-08-05 00:00:20,103 | INFO | MOLTEN accurate=True coverage=0.96 top=Server 4:1, Server 6:1, Server 7:1
2026-08-05 00:01:08,126 | INFO | HTTP Request: GET https://kintara.gg/api/servers "HTTP/1.1 200 OK"
2026-08-05 00:01:20,334 | INFO | snapshot top3=Server 12:4, Server 4:2, Server 6:1
2026-08-05 00:01:20,335 | INFO | MOLTEN accurate=True coverage=0.92 top=Server 12:4, Server 4:2, Server 6:1
2026-08-05 00:02:08,227 | INFO | HTTP Request: GET https://kintara.gg/api/servers "HTTP/1.1 200 OK"
2026-08-05 00:02:20,411 | INFO | snapshot top3=Server 12:4, Server 23:2, Server 4:1
2026-08-05 00:02:20,412 | INFO | MOLTEN accurate=True coverage=0.92 top=Server 12:4, Server 23:2, Server 4:1
2026-08-05 00:03:10,656 | INFO | HTTP Request: GET https://kintara.gg/api/servers "HTTP/1.1 200 OK"
2026-08-05 00:03:20,672 | INFO | snapshot top3=Server 12:4, Server 4:1, Server 5:1
2026-08-05 00:03:20,673 | INFO | MOLTEN accurate=True coverage=0.88 top=Server 12:4, Server 4:1, Server 5:1
2026-08-05 00:04:12,683 | INFO | HTTP Request: GET https://kintara.gg/api/servers "HTTP/1.1 200 OK"
2026-08-05 00:04:20,817 | INFO | snapshot top3=Server 12:4, Server 4:1, Server 5:1
2026-08-05 00:04:20,818 | INFO | MOLTEN accurate=True coverage=0.92 top=Server 12:4, Server 4:1, Server 5:1
2026-08-05 00:05:08,327 | INFO | HTTP Request: GET https://kintara.gg/api/servers "HTTP/1.1 200 OK"
2026-08-05 00:05:20,929 | INFO | snapshot top3=Server 12:4, Server 6:2, Server 4:1
2026-08-05 00:05:20,929 | INFO | MOLTEN accurate=True coverage=1.00 top=Server 12:4, Server 6:2, Server 4:1
2026-08-05 00:06:09,765 | INFO | HTTP Request: GET https://kintara.gg/api/servers "HTTP/1.1 200 OK"
2026-08-05 00:06:21,194 | INFO | snapshot top3=Server 12:4, Server 6:2, Server 4:1
2026-08-05 00:06:21,195 | INFO | MOLTEN accurate=True coverage=0.96 top=Server 12:4, Server 6:2, Server 4:1
2026-08-05 00:07:08,301 | INFO | HTTP Request: GET https://kintara.gg/api/servers "HTTP/1.1 200 OK"
2026-08-05 00:07:21,378 | INFO | snapshot top3=Server 12:4, Server 6:2, Server 21:2
2026-08-05 00:07:21,378 | INFO | MOLTEN accurate=True coverage=0.88 top=Server 12:4, Server 6:2, Server 21:2
2026-08-05 00:08:12,611 | INFO | HTTP Request: GET https://kintara.gg/api/servers "HTTP/1.1 200 OK"
2026-08-05 00:08:21,475 | INFO | snapshot top3=Server 12:4, Server 23:3, Server 6:2
2026-08-05 00:08:21,478 | INFO | MOLTEN accurate=True coverage=0.96 top=Server 12:4, Server 23:3, Server 6:2
2026-08-05 00:09:16,819 | INFO | HTTP Request: GET https://kintara.gg/api/servers "HTTP/1.1 200 OK"
2026-08-05 00:09:21,488 | INFO | snapshot top3=Server 12:4, Server 23:2, Server 4:1
2026-08-05 00:09:21,488 | INFO | MOLTEN accurate=True coverage=1.00 top=Server 12:4, Server 23:2, Server 4:1
2026-08-05 00:10:08,893 | INFO | HTTP Request: GET https://kintara.gg/api/servers "HTTP/1.1 200 OK"
2026-08-05 00:10:21,646 | INFO | snapshot top3=Server 12:4, Server 23:2, Server 4:1
2026-08-05 00:10:21,646 | INFO | MOLTEN accurate=True coverage=0.96 top=Server 12:4, Server 23:2, Server 4:1
2026-08-05 00:11:10,775 | INFO | HTTP Request: GET https://kintara.gg/api/servers "HTTP/1.1 200 OK"
2026-08-05 00:11:21,898 | INFO | snapshot top3=Server 12:4, Server 23:2, Server 4:1
2026-08-05 00:11:21,898 | INFO | MOLTEN accurate=True coverage=0.96 top=Server 12:4, Server 23:2, Server 4:1
2026-08-05 00:12:22,671 | ERROR | Shared Ember service crashed
Traceback (most recent call last):
  File "C:\Users\JavadTM\Desktop\Start\.venv\Lib\site-packages\httpx\_transports\default.py", line 101, in map_httpcore_exceptions
    yield
  File "C:\Users\JavadTM\Desktop\Start\.venv\Lib\site-packages\httpx\_transports\default.py", line 250, in handle_request
    resp = self._pool.handle_request(req)
  File "C:\Users\JavadTM\Desktop\Start\.venv\Lib\site-packages\httpcore\_sync\connection_pool.py", line 256, in handle_request
    raise exc from None
  File "C:\Users\JavadTM\Desktop\Start\.venv\Lib\site-packages\httpcore\_sync\connection_pool.py", line 236, in handle_request
    response = connection.handle_request(
        pool_request.request
    )
  File "C:\Users\JavadTM\Desktop\Start\.venv\Lib\site-packages\httpcore\_sync\http_proxy.py", line 316, in handle_request
    stream = stream.start_tls(**kwargs)
  File "C:\Users\JavadTM\Desktop\Start\.venv\Lib\site-packages\httpcore\_sync\http11.py", line 376, in start_tls
    return self._stream.start_tls(ssl_context, server_hostname, timeout)
           ~~~~~~~~~~~~~~~~~~~~~~^^^^^^^^^^^^^^^^^^^^^^^^^^^^^^^^^^^^^^^
  File "C:\Users\JavadTM\Desktop\Start\.venv\Lib\site-packages\httpcore\_backends\sync.py", line 154, in start_tls
    with map_exceptions(exc_map):
         ~~~~~~~~~~~~~~^^^^^^^^^
  File "C:\Users\JavadTM\AppData\Local\Programs\Python\Python314\Lib\contextlib.py", line 162, in __exit__
    self.gen.throw(value)
    ~~~~~~~~~~~~~~^^^^^^^
  File "C:\Users\JavadTM\Desktop\Start\.venv\Lib\site-packages\httpcore\_exceptions.py", line 14, in map_exceptions
    raise to_exc(exc) from exc
httpcore.ConnectError: [SSL: UNEXPECTED_EOF_WHILE_READING] EOF occurred in violation of protocol (_ssl.c:1081)

The above exception was the direct cause of the following exception:

Traceback (most recent call last):
  File "C:\Users\JavadTM\Desktop\Start\games\kintara\services\ember\runner.py", line 157, in run_service
    monitor.run(
    ~~~~~~~~~~~^
        stop_event,
        ^^^^^^^^^^^
    ...<3 lines>...
        refresh_requested=lambda: shared_service_store.consume_refresh_request(service_key),
        ^^^^^^^^^^^^^^^^^^^^^^^^^^^^^^^^^^^^^^^^^^^^^^^^^^^^^^^^^^^^^^^^^^^^^^^^^^^^^^^^^^^^
    )
    ^
  File "C:\Users\JavadTM\Desktop\Start\games\kintara\services\ember\monitor.py", line 306, in run
    self._sync_watchers()
    ~~~~~~~~~~~~~~~~~~~^^
  File "C:\Users\JavadTM\Desktop\Start\games\kintara\services\ember\monitor.py", line 247, in _sync_watchers
    servers = self._fetch_servers()
  File "C:\Users\JavadTM\Desktop\Start\games\kintara\services\ember\monitor.py", line 237, in _fetch_servers
    response = client.get(self.base_url + "/api/servers")
  File "C:\Users\JavadTM\Desktop\Start\.venv\Lib\site-packages\httpx\_client.py", line 1053, in get
    return self.request(
           ~~~~~~~~~~~~^
        "GET",
        ^^^^^^
    ...<7 lines>...
        extensions=extensions,
        ^^^^^^^^^^^^^^^^^^^^^^
    )
    ^
  File "C:\Users\JavadTM\Desktop\Start\.venv\Lib\site-packages\httpx\_client.py", line 825, in request
    return self.send(request, auth=auth, follow_redirects=follow_redirects)
           ~~~~~~~~~^^^^^^^^^^^^^^^^^^^^^^^^^^^^^^^^^^^^^^^^^^^^^^^^^^^^^^^
  File "C:\Users\JavadTM\Desktop\Start\.venv\Lib\site-packages\httpx\_client.py", line 914, in send
    response = self._send_handling_auth(
        request,
    ...<2 lines>...
        history=[],
    )
  File "C:\Users\JavadTM\Desktop\Start\.venv\Lib\site-packages\httpx\_client.py", line 942, in _send_handling_auth
    response = self._send_handling_redirects(
        request,
        follow_redirects=follow_redirects,
        history=history,
    )
  File "C:\Users\JavadTM\Desktop\Start\.venv\Lib\site-packages\httpx\_client.py", line 979, in _send_handling_redirects
    response = self._send_single_request(request)
  File "C:\Users\JavadTM\Desktop\Start\.venv\Lib\site-packages\httpx\_client.py", line 1014, in _send_single_request
    response = transport.handle_request(request)
  File "C:\Users\JavadTM\Desktop\Start\.venv\Lib\site-packages\httpx\_transports\default.py", line 249, in handle_request
    with map_httpcore_exceptions():
         ~~~~~~~~~~~~~~~~~~~~~~~^^
  File "C:\Users\JavadTM\AppData\Local\Programs\Python\Python314\Lib\contextlib.py", line 162, in __exit__
    self.gen.throw(value)
    ~~~~~~~~~~~~~~^^^^^^^
  File "C:\Users\JavadTM\Desktop\Start\.venv\Lib\site-packages\httpx\_transports\default.py", line 118, in map_httpcore_exceptions
    raise mapped_exc(message) from exc
httpx.ConnectError: [SSL: UNEXPECTED_EOF_WHILE_READING] EOF occurred in violation of protocol (_ssl.c:1081)
2026-08-05 00:12:36,749 | INFO | HTTP Request: GET https://kintara.gg/api/servers "HTTP/1.1 200 OK"
2026-08-05 00:12:49,224 | INFO | snapshot top3=Server 4:1, Server 6:1, Server 8:1
2026-08-05 00:12:49,224 | INFO | MOLTEN accurate=True coverage=0.80 top=Server 4:1, Server 6:1, Server 8:1
2026-08-05 00:13:34,841 | INFO | HTTP Request: GET https://kintara.gg/api/servers "HTTP/1.1 200 OK"
2026-08-05 00:13:49,475 | INFO | snapshot top3=Server 12:5, Server 23:4, Server 6:1
2026-08-05 00:13:49,477 | INFO | MOLTEN accurate=True coverage=0.84 top=Server 12:5, Server 23:4, Server 6:1
2026-08-05 00:14:34,206 | INFO | HTTP Request: GET https://kintara.gg/api/servers "HTTP/1.1 200 OK"
2026-08-05 00:14:49,600 | INFO | snapshot top3=Server 12:7, Server 23:5, Server 4:1
2026-08-05 00:14:49,600 | INFO | MOLTEN accurate=True coverage=0.96 top=Server 12:7, Server 23:5, Server 4:1
2026-08-05 00:15:32,290 | INFO | HTTP Request: GET https://kintara.gg/api/servers "HTTP/1.1 200 OK"
2026-08-05 00:15:49,756 | INFO | snapshot top3=Server 12:9, Server 23:3, Server 4:1
2026-08-05 00:15:49,757 | INFO | MOLTEN accurate=True coverage=0.92 top=Server 12:9, Server 23:3, Server 4:1
2026-08-05 00:16:34,862 | INFO | HTTP Request: GET https://kintara.gg/api/servers "HTTP/1.1 200 OK"
2026-08-05 00:16:49,990 | INFO | snapshot top3=Server 12:9, Server 24:3, Server 9:2
2026-08-05 00:16:49,991 | INFO | MOLTEN accurate=True coverage=0.92 top=Server 12:9, Server 24:3, Server 9:2
2026-08-05 00:17:34,125 | INFO | HTTP Request: GET https://kintara.gg/api/servers "HTTP/1.1 200 OK"
2026-08-05 00:17:59,114 | INFO | snapshot top3=Server 14:3, Server 6:2, Server 7:1
2026-08-05 00:17:59,114 | INFO | MOLTEN accurate=True coverage=0.80 top=Server 14:3, Server 6:2, Server 7:1
2026-08-05 00:18:32,917 | INFO | HTTP Request: GET https://kintara.gg/api/servers "HTTP/1.1 200 OK"
2026-08-05 00:18:59,196 | INFO | snapshot top3=Server 14:3, Server 6:2, Server 7:1
2026-08-05 00:18:59,196 | INFO | MOLTEN accurate=True coverage=0.80 top=Server 14:3, Server 6:2, Server 7:1
2026-08-05 00:19:36,999 | INFO | HTTP Request: GET https://kintara.gg/api/servers "HTTP/1.1 200 OK"
2026-08-05 00:19:59,425 | INFO | snapshot top3=Server 12:8, Server 6:2, Server 15:2
2026-08-05 00:19:59,426 | INFO | MOLTEN accurate=True coverage=0.96 top=Server 12:8, Server 6:2, Server 15:2
2026-08-05 00:20:34,853 | INFO | HTTP Request: GET https://kintara.gg/api/servers "HTTP/1.1 200 OK"
2026-08-05 00:20:59,596 | INFO | snapshot top3=Server 12:5, Server 6:2, Server 9:2
2026-08-05 00:20:59,597 | INFO | MOLTEN accurate=True coverage=0.92 top=Server 12:5, Server 6:2, Server 9:2
2026-08-05 00:21:35,895 | INFO | HTTP Request: GET https://kintara.gg/api/servers "HTTP/1.1 200 OK"
2026-08-05 00:21:59,615 | INFO | snapshot top3=Server 6:2, Server 9:2, Server 27:2
2026-08-05 00:21:59,616 | INFO | MOLTEN accurate=True coverage=0.92 top=Server 6:2, Server 9:2, Server 27:2
2026-08-05 00:22:33,886 | INFO | HTTP Request: GET https://kintara.gg/api/servers "HTTP/1.1 200 OK"
2026-08-05 00:22:59,680 | INFO | snapshot top3=Server 9:3, Server 6:2, Server 12:2
2026-08-05 00:22:59,681 | INFO | MOLTEN accurate=True coverage=0.92 top=Server 9:3, Server 6:2, Server 12:2
2026-08-05 00:23:35,725 | INFO | HTTP Request: GET https://kintara.gg/api/servers "HTTP/1.1 200 OK"
2026-08-05 00:24:01,335 | INFO | snapshot top3=Server 6:2, Server 9:2, Server 12:2
2026-08-05 00:24:01,336 | INFO | MOLTEN accurate=True coverage=0.80 top=Server 6:2, Server 9:2, Server 12:2
2026-08-05 00:24:35,260 | INFO | HTTP Request: GET https://kintara.gg/api/servers "HTTP/1.1 200 OK"
2026-08-05 00:25:01,521 | INFO | snapshot top3=Server 12:3, Server 14:3, Server 9:2
2026-08-05 00:25:01,522 | INFO | MOLTEN accurate=True coverage=0.80 top=Server 12:3, Server 14:3, Server 9:2
2026-08-05 00:25:38,884 | INFO | HTTP Request: GET https://kintara.gg/api/servers "HTTP/1.1 200 OK"
2026-08-05 00:26:01,754 | INFO | snapshot top3=Server 4:2, Server 6:2, Server 9:2
2026-08-05 00:26:01,755 | INFO | MOLTEN accurate=True coverage=0.84 top=Server 4:2, Server 6:2, Server 9:2
2026-08-05 00:26:34,305 | INFO | HTTP Request: GET https://kintara.gg/api/servers "HTTP/1.1 200 OK"
2026-08-05 00:27:01,772 | INFO | snapshot top3=Server 14:4, Server 4:3, Server 12:3
2026-08-05 00:27:01,772 | INFO | MOLTEN accurate=True coverage=0.88 top=Server 14:4, Server 4:3, Server 12:3
2026-08-05 00:27:37,073 | INFO | HTTP Request: GET https://kintara.gg/api/servers "HTTP/1.1 200 OK"
2026-08-05 00:28:01,801 | INFO | snapshot top3=Server 14:4, Server 4:3, Server 9:2
2026-08-05 00:28:01,801 | INFO | MOLTEN accurate=True coverage=0.92 top=Server 14:4, Server 4:3, Server 9:2
2026-08-05 00:28:49,476 | ERROR | Shared Ember service crashed
Traceback (most recent call last):
  File "C:\Users\JavadTM\Desktop\Start\.venv\Lib\site-packages\httpx\_transports\default.py", line 101, in map_httpcore_exceptions
    yield
  File "C:\Users\JavadTM\Desktop\Start\.venv\Lib\site-packages\httpx\_transports\default.py", line 250, in handle_request
    resp = self._pool.handle_request(req)
  File "C:\Users\JavadTM\Desktop\Start\.venv\Lib\site-packages\httpcore\_sync\connection_pool.py", line 256, in handle_request
    raise exc from None
  File "C:\Users\JavadTM\Desktop\Start\.venv\Lib\site-packages\httpcore\_sync\connection_pool.py", line 236, in handle_request
    response = connection.handle_request(
        pool_request.request
    )
  File "C:\Users\JavadTM\Desktop\Start\.venv\Lib\site-packages\httpcore\_sync\http_proxy.py", line 316, in handle_request
    stream = stream.start_tls(**kwargs)
  File "C:\Users\JavadTM\Desktop\Start\.venv\Lib\site-packages\httpcore\_sync\http11.py", line 376, in start_tls
    return self._stream.start_tls(ssl_context, server_hostname, timeout)
           ~~~~~~~~~~~~~~~~~~~~~~^^^^^^^^^^^^^^^^^^^^^^^^^^^^^^^^^^^^^^^
  File "C:\Users\JavadTM\Desktop\Start\.venv\Lib\site-packages\httpcore\_backends\sync.py", line 154, in start_tls
    with map_exceptions(exc_map):
         ~~~~~~~~~~~~~~^^^^^^^^^
  File "C:\Users\JavadTM\AppData\Local\Programs\Python\Python314\Lib\contextlib.py", line 162, in __exit__
    self.gen.throw(value)
    ~~~~~~~~~~~~~~^^^^^^^
  File "C:\Users\JavadTM\Desktop\Start\.venv\Lib\site-packages\httpcore\_exceptions.py", line 14, in map_exceptions
    raise to_exc(exc) from exc
httpcore.ConnectError: [SSL: UNEXPECTED_EOF_WHILE_READING] EOF occurred in violation of protocol (_ssl.c:1081)

The above exception was the direct cause of the following exception:

Traceback (most recent call last):
  File "C:\Users\JavadTM\Desktop\Start\games\kintara\services\ember\runner.py", line 157, in run_service
    monitor.run(
    ~~~~~~~~~~~^
        stop_event,
        ^^^^^^^^^^^
    ...<3 lines>...
        refresh_requested=lambda: shared_service_store.consume_refresh_request(service_key),
        ^^^^^^^^^^^^^^^^^^^^^^^^^^^^^^^^^^^^^^^^^^^^^^^^^^^^^^^^^^^^^^^^^^^^^^^^^^^^^^^^^^^^
    )
    ^
  File "C:\Users\JavadTM\Desktop\Start\games\kintara\services\ember\monitor.py", line 306, in run
    self._sync_watchers()
    ~~~~~~~~~~~~~~~~~~~^^
  File "C:\Users\JavadTM\Desktop\Start\games\kintara\services\ember\monitor.py", line 247, in _sync_watchers
    servers = self._fetch_servers()
  File "C:\Users\JavadTM\Desktop\Start\games\kintara\services\ember\monitor.py", line 237, in _fetch_servers
    response = client.get(self.base_url + "/api/servers")
  File "C:\Users\JavadTM\Desktop\Start\.venv\Lib\site-packages\httpx\_client.py", line 1053, in get
    return self.request(
           ~~~~~~~~~~~~^
        "GET",
        ^^^^^^
    ...<7 lines>...
        extensions=extensions,
        ^^^^^^^^^^^^^^^^^^^^^^
    )
    ^
  File "C:\Users\JavadTM\Desktop\Start\.venv\Lib\site-packages\httpx\_client.py", line 825, in request
    return self.send(request, auth=auth, follow_redirects=follow_redirects)
           ~~~~~~~~~^^^^^^^^^^^^^^^^^^^^^^^^^^^^^^^^^^^^^^^^^^^^^^^^^^^^^^^
  File "C:\Users\JavadTM\Desktop\Start\.venv\Lib\site-packages\httpx\_client.py", line 914, in send
    response = self._send_handling_auth(
        request,
    ...<2 lines>...
        history=[],
    )
  File "C:\Users\JavadTM\Desktop\Start\.venv\Lib\site-packages\httpx\_client.py", line 942, in _send_handling_auth
    response = self._send_handling_redirects(
        request,
        follow_redirects=follow_redirects,
        history=history,
    )
  File "C:\Users\JavadTM\Desktop\Start\.venv\Lib\site-packages\httpx\_client.py", line 979, in _send_handling_redirects
    response = self._send_single_request(request)
  File "C:\Users\JavadTM\Desktop\Start\.venv\Lib\site-packages\httpx\_client.py", line 1014, in _send_single_request
    response = transport.handle_request(request)
  File "C:\Users\JavadTM\Desktop\Start\.venv\Lib\site-packages\httpx\_transports\default.py", line 249, in handle_request
    with map_httpcore_exceptions():
         ~~~~~~~~~~~~~~~~~~~~~~~^^
  File "C:\Users\JavadTM\AppData\Local\Programs\Python\Python314\Lib\contextlib.py", line 162, in __exit__
    self.gen.throw(value)
    ~~~~~~~~~~~~~~^^^^^^^
  File "C:\Users\JavadTM\Desktop\Start\.venv\Lib\site-packages\httpx\_transports\default.py", line 118, in map_httpcore_exceptions
    raise mapped_exc(message) from exc
httpx.ConnectError: [SSL: UNEXPECTED_EOF_WHILE_READING] EOF occurred in violation of protocol (_ssl.c:1081)
2026-08-05 00:29:04,775 | INFO | HTTP Request: GET https://kintara.gg/api/servers "HTTP/1.1 200 OK"
2026-08-05 00:29:20,257 | INFO | snapshot top3=Server 4:3, Server 9:2, Server 12:2
2026-08-05 00:29:20,258 | INFO | MOLTEN accurate=True coverage=0.80 top=Server 4:3, Server 9:2, Server 12:2
2026-08-05 00:30:01,300 | INFO | HTTP Request: GET https://kintara.gg/api/servers "HTTP/1.1 200 OK"
2026-08-05 00:30:20,338 | INFO | snapshot top3=Server 10:3, Server 14:2, Server 16:2
2026-08-05 00:30:20,338 | INFO | MOLTEN accurate=True coverage=0.84 top=Server 10:3, Server 14:2, Server 16:2
2026-08-05 00:30:57,681 | INFO | HTTP Request: GET https://kintara.gg/api/servers "HTTP/1.1 200 OK"
2026-08-05 00:31:20,539 | INFO | snapshot top3=Server 14:3, Server 7:2, Server 8:2
2026-08-05 00:31:20,540 | INFO | MOLTEN accurate=True coverage=0.92 top=Server 14:3, Server 7:2, Server 8:2
2026-08-05 00:31:59,348 | INFO | HTTP Request: GET https://kintara.gg/api/servers "HTTP/1.1 200 OK"
2026-08-05 00:32:20,755 | INFO | snapshot top3=Server 7:2, Server 8:2, Server 14:2
2026-08-05 00:32:20,755 | INFO | MOLTEN accurate=True coverage=0.92 top=Server 7:2, Server 8:2, Server 14:2
2026-08-05 00:32:59,594 | INFO | HTTP Request: GET https://kintara.gg/api/servers "HTTP/1.1 200 OK"
2026-08-05 00:33:20,944 | INFO | snapshot top3=Server 14:5, Server 27:4, Server 8:3
2026-08-05 00:33:20,945 | INFO | MOLTEN accurate=True coverage=0.96 top=Server 14:5, Server 27:4, Server 8:3
2026-08-05 00:34:04,808 | INFO | HTTP Request: GET https://kintara.gg/api/servers "HTTP/1.1 200 OK"
2026-08-05 00:34:20,975 | INFO | snapshot top3=Server 12:5, Server 27:4, Server 8:3
2026-08-05 00:34:20,975 | INFO | MOLTEN accurate=True coverage=0.92 top=Server 12:5, Server 27:4, Server 8:3
2026-08-05 00:35:00,906 | INFO | HTTP Request: GET https://kintara.gg/api/servers "HTTP/1.1 200 OK"
2026-08-05 00:35:20,976 | INFO | snapshot top3=Server 12:7, Server 14:5, Server 27:4
2026-08-05 00:35:20,977 | INFO | MOLTEN accurate=True coverage=0.80 top=Server 12:7, Server 14:5, Server 27:4
2026-08-05 00:36:13,562 | ERROR | Shared Ember service crashed
Traceback (most recent call last):
  File "C:\Users\JavadTM\Desktop\Start\.venv\Lib\site-packages\httpx\_transports\default.py", line 101, in map_httpcore_exceptions
    yield
  File "C:\Users\JavadTM\Desktop\Start\.venv\Lib\site-packages\httpx\_transports\default.py", line 250, in handle_request
    resp = self._pool.handle_request(req)
  File "C:\Users\JavadTM\Desktop\Start\.venv\Lib\site-packages\httpcore\_sync\connection_pool.py", line 256, in handle_request
    raise exc from None
  File "C:\Users\JavadTM\Desktop\Start\.venv\Lib\site-packages\httpcore\_sync\connection_pool.py", line 236, in handle_request
    response = connection.handle_request(
        pool_request.request
    )
  File "C:\Users\JavadTM\Desktop\Start\.venv\Lib\site-packages\httpcore\_sync\http_proxy.py", line 316, in handle_request
    stream = stream.start_tls(**kwargs)
  File "C:\Users\JavadTM\Desktop\Start\.venv\Lib\site-packages\httpcore\_sync\http11.py", line 376, in start_tls
    return self._stream.start_tls(ssl_context, server_hostname, timeout)
           ~~~~~~~~~~~~~~~~~~~~~~^^^^^^^^^^^^^^^^^^^^^^^^^^^^^^^^^^^^^^^
  File "C:\Users\JavadTM\Desktop\Start\.venv\Lib\site-packages\httpcore\_backends\sync.py", line 154, in start_tls
    with map_exceptions(exc_map):
         ~~~~~~~~~~~~~~^^^^^^^^^
  File "C:\Users\JavadTM\AppData\Local\Programs\Python\Python314\Lib\contextlib.py", line 162, in __exit__
    self.gen.throw(value)
    ~~~~~~~~~~~~~~^^^^^^^
  File "C:\Users\JavadTM\Desktop\Start\.venv\Lib\site-packages\httpcore\_exceptions.py", line 14, in map_exceptions
    raise to_exc(exc) from exc
httpcore.ConnectError: [SSL: UNEXPECTED_EOF_WHILE_READING] EOF occurred in violation of protocol (_ssl.c:1081)

The above exception was the direct cause of the following exception:

Traceback (most recent call last):
  File "C:\Users\JavadTM\Desktop\Start\games\kintara\services\ember\runner.py", line 157, in run_service
    monitor.run(
    ~~~~~~~~~~~^
        stop_event,
        ^^^^^^^^^^^
    ...<3 lines>...
        refresh_requested=lambda: shared_service_store.consume_refresh_request(service_key),
        ^^^^^^^^^^^^^^^^^^^^^^^^^^^^^^^^^^^^^^^^^^^^^^^^^^^^^^^^^^^^^^^^^^^^^^^^^^^^^^^^^^^^
    )
    ^
  File "C:\Users\JavadTM\Desktop\Start\games\kintara\services\ember\monitor.py", line 306, in run
    self._sync_watchers()
    ~~~~~~~~~~~~~~~~~~~^^
  File "C:\Users\JavadTM\Desktop\Start\games\kintara\services\ember\monitor.py", line 247, in _sync_watchers
    servers = self._fetch_servers()
  File "C:\Users\JavadTM\Desktop\Start\games\kintara\services\ember\monitor.py", line 237, in _fetch_servers
    response = client.get(self.base_url + "/api/servers")
  File "C:\Users\JavadTM\Desktop\Start\.venv\Lib\site-packages\httpx\_client.py", line 1053, in get
    return self.request(
           ~~~~~~~~~~~~^
        "GET",
        ^^^^^^
    ...<7 lines>...
        extensions=extensions,
        ^^^^^^^^^^^^^^^^^^^^^^
    )
    ^
  File "C:\Users\JavadTM\Desktop\Start\.venv\Lib\site-packages\httpx\_client.py", line 825, in request
    return self.send(request, auth=auth, follow_redirects=follow_redirects)
           ~~~~~~~~~^^^^^^^^^^^^^^^^^^^^^^^^^^^^^^^^^^^^^^^^^^^^^^^^^^^^^^^
  File "C:\Users\JavadTM\Desktop\Start\.venv\Lib\site-packages\httpx\_client.py", line 914, in send
    response = self._send_handling_auth(
        request,
    ...<2 lines>...
        history=[],
    )
  File "C:\Users\JavadTM\Desktop\Start\.venv\Lib\site-packages\httpx\_client.py", line 942, in _send_handling_auth
    response = self._send_handling_redirects(
        request,
        follow_redirects=follow_redirects,
        history=history,
    )
  File "C:\Users\JavadTM\Desktop\Start\.venv\Lib\site-packages\httpx\_client.py", line 979, in _send_handling_redirects
    response = self._send_single_request(request)
  File "C:\Users\JavadTM\Desktop\Start\.venv\Lib\site-packages\httpx\_client.py", line 1014, in _send_single_request
    response = transport.handle_request(request)
  File "C:\Users\JavadTM\Desktop\Start\.venv\Lib\site-packages\httpx\_transports\default.py", line 249, in handle_request
    with map_httpcore_exceptions():
         ~~~~~~~~~~~~~~~~~~~~~~~^^
  File "C:\Users\JavadTM\AppData\Local\Programs\Python\Python314\Lib\contextlib.py", line 162, in __exit__
    self.gen.throw(value)
    ~~~~~~~~~~~~~~^^^^^^^
  File "C:\Users\JavadTM\Desktop\Start\.venv\Lib\site-packages\httpx\_transports\default.py", line 118, in map_httpcore_exceptions
    raise mapped_exc(message) from exc
httpx.ConnectError: [SSL: UNEXPECTED_EOF_WHILE_READING] EOF occurred in violation of protocol (_ssl.c:1081)
2026-08-05 00:36:39,307 | ERROR | Shared Ember service crashed
Traceback (most recent call last):
  File "C:\Users\JavadTM\Desktop\Start\.venv\Lib\site-packages\httpx\_transports\default.py", line 101, in map_httpcore_exceptions
    yield
  File "C:\Users\JavadTM\Desktop\Start\.venv\Lib\site-packages\httpx\_transports\default.py", line 250, in handle_request
    resp = self._pool.handle_request(req)
  File "C:\Users\JavadTM\Desktop\Start\.venv\Lib\site-packages\httpcore\_sync\connection_pool.py", line 256, in handle_request
    raise exc from None
  File "C:\Users\JavadTM\Desktop\Start\.venv\Lib\site-packages\httpcore\_sync\connection_pool.py", line 236, in handle_request
    response = connection.handle_request(
        pool_request.request
    )
  File "C:\Users\JavadTM\Desktop\Start\.venv\Lib\site-packages\httpcore\_sync\http_proxy.py", line 316, in handle_request
    stream = stream.start_tls(**kwargs)
  File "C:\Users\JavadTM\Desktop\Start\.venv\Lib\site-packages\httpcore\_sync\http11.py", line 376, in start_tls
    return self._stream.start_tls(ssl_context, server_hostname, timeout)
           ~~~~~~~~~~~~~~~~~~~~~~^^^^^^^^^^^^^^^^^^^^^^^^^^^^^^^^^^^^^^^
  File "C:\Users\JavadTM\Desktop\Start\.venv\Lib\site-packages\httpcore\_backends\sync.py", line 154, in start_tls
    with map_exceptions(exc_map):
         ~~~~~~~~~~~~~~^^^^^^^^^
  File "C:\Users\JavadTM\AppData\Local\Programs\Python\Python314\Lib\contextlib.py", line 162, in __exit__
    self.gen.throw(value)
    ~~~~~~~~~~~~~~^^^^^^^
  File "C:\Users\JavadTM\Desktop\Start\.venv\Lib\site-packages\httpcore\_exceptions.py", line 14, in map_exceptions
    raise to_exc(exc) from exc
httpcore.ConnectError: [SSL: UNEXPECTED_EOF_WHILE_READING] EOF occurred in violation of protocol (_ssl.c:1081)

The above exception was the direct cause of the following exception:

Traceback (most recent call last):
  File "C:\Users\JavadTM\Desktop\Start\games\kintara\services\ember\runner.py", line 157, in run_service
    monitor.run(
    ~~~~~~~~~~~^
        stop_event,
        ^^^^^^^^^^^
    ...<3 lines>...
        refresh_requested=lambda: shared_service_store.consume_refresh_request(service_key),
        ^^^^^^^^^^^^^^^^^^^^^^^^^^^^^^^^^^^^^^^^^^^^^^^^^^^^^^^^^^^^^^^^^^^^^^^^^^^^^^^^^^^^
    )
    ^
  File "C:\Users\JavadTM\Desktop\Start\games\kintara\services\ember\monitor.py", line 306, in run
    self._sync_watchers()
    ~~~~~~~~~~~~~~~~~~~^^
  File "C:\Users\JavadTM\Desktop\Start\games\kintara\services\ember\monitor.py", line 247, in _sync_watchers
    servers = self._fetch_servers()
  File "C:\Users\JavadTM\Desktop\Start\games\kintara\services\ember\monitor.py", line 237, in _fetch_servers
    response = client.get(self.base_url + "/api/servers")
  File "C:\Users\JavadTM\Desktop\Start\.venv\Lib\site-packages\httpx\_client.py", line 1053, in get
    return self.request(
           ~~~~~~~~~~~~^
        "GET",
        ^^^^^^
    ...<7 lines>...
        extensions=extensions,
        ^^^^^^^^^^^^^^^^^^^^^^
    )
    ^
  File "C:\Users\JavadTM\Desktop\Start\.venv\Lib\site-packages\httpx\_client.py", line 825, in request
    return self.send(request, auth=auth, follow_redirects=follow_redirects)
           ~~~~~~~~~^^^^^^^^^^^^^^^^^^^^^^^^^^^^^^^^^^^^^^^^^^^^^^^^^^^^^^^
  File "C:\Users\JavadTM\Desktop\Start\.venv\Lib\site-packages\httpx\_client.py", line 914, in send
    response = self._send_handling_auth(
        request,
    ...<2 lines>...
        history=[],
    )
  File "C:\Users\JavadTM\Desktop\Start\.venv\Lib\site-packages\httpx\_client.py", line 942, in _send_handling_auth
    response = self._send_handling_redirects(
        request,
        follow_redirects=follow_redirects,
        history=history,
    )
  File "C:\Users\JavadTM\Desktop\Start\.venv\Lib\site-packages\httpx\_client.py", line 979, in _send_handling_redirects
    response = self._send_single_request(request)
  File "C:\Users\JavadTM\Desktop\Start\.venv\Lib\site-packages\httpx\_client.py", line 1014, in _send_single_request
    response = transport.handle_request(request)
  File "C:\Users\JavadTM\Desktop\Start\.venv\Lib\site-packages\httpx\_transports\default.py", line 249, in handle_request
    with map_httpcore_exceptions():
         ~~~~~~~~~~~~~~~~~~~~~~~^^
  File "C:\Users\JavadTM\AppData\Local\Programs\Python\Python314\Lib\contextlib.py", line 162, in __exit__
    self.gen.throw(value)
    ~~~~~~~~~~~~~~^^^^^^^
  File "C:\Users\JavadTM\Desktop\Start\.venv\Lib\site-packages\httpx\_transports\default.py", line 118, in map_httpcore_exceptions
    raise mapped_exc(message) from exc
httpx.ConnectError: [SSL: UNEXPECTED_EOF_WHILE_READING] EOF occurred in violation of protocol (_ssl.c:1081)
2026-08-05 00:37:04,577 | INFO | HTTP Request: GET https://kintara.gg/api/servers "HTTP/1.1 200 OK"
2026-08-05 00:37:11,103 | INFO | snapshot top3=Server 14:6, Server 27:5, Server 8:3
2026-08-05 00:37:11,103 | INFO | MOLTEN accurate=True coverage=0.80 top=Server 14:6, Server 27:5, Server 8:3
2026-08-05 00:38:02,818 | INFO | HTTP Request: GET https://kintara.gg/api/servers "HTTP/1.1 200 OK"
2026-08-05 00:38:11,142 | INFO | snapshot top3=Server 12:8, Server 27:7, Server 14:6
2026-08-05 00:38:11,142 | INFO | MOLTEN accurate=True coverage=1.00 top=Server 12:8, Server 27:7, Server 14:6
2026-08-05 00:39:06,312 | INFO | HTTP Request: GET https://kintara.gg/api/servers "HTTP/1.1 200 OK"
2026-08-05 00:39:53,132 | INFO | HTTP Request: GET https://kintara.gg/api/servers "HTTP/1.1 200 OK"
2026-08-05 00:40:15,551 | INFO | snapshot top3=Server 12:7, Server 14:6, Server 27:6
2026-08-05 00:40:15,554 | INFO | MOLTEN accurate=True coverage=0.96 top=Server 12:7, Server 14:6, Server 27:6
2026-08-05 00:40:35,610 | INFO | snapshot top3=Server 12:7, Server 14:7, Server 27:6
2026-08-05 00:40:35,611 | INFO | MOLTEN accurate=True coverage=1.00 top=Server 12:7, Server 14:7, Server 27:6
2026-08-05 00:40:48,908 | INFO | HTTP Request: GET https://kintara.gg/api/servers "HTTP/1.1 200 OK"
2026-08-05 00:41:00,004 | INFO | snapshot top3=Server 12:7, Server 14:7, Server 27:6
2026-08-05 00:41:00,005 | INFO | MOLTEN accurate=True coverage=0.96 top=Server 12:7, Server 14:7, Server 27:6
2026-08-05 00:41:49,428 | INFO | HTTP Request: GET https://kintara.gg/api/servers "HTTP/1.1 200 OK"
2026-08-05 00:41:49,441 | INFO | snapshot top3=Server 12:7, Server 14:7, Server 27:6
2026-08-05 00:41:49,441 | INFO | MOLTEN accurate=True coverage=1.00 top=Server 12:7, Server 14:7, Server 27:6
2026-08-05 00:42:07,177 | INFO | snapshot top3=Server 12:7, Server 14:7, Server 27:6
2026-08-05 00:42:07,179 | INFO | MOLTEN accurate=True coverage=0.96 top=Server 12:7, Server 14:7, Server 27:6
2026-08-05 00:42:52,848 | INFO | HTTP Request: GET https://kintara.gg/api/servers "HTTP/1.1 200 OK"
2026-08-05 00:42:53,646 | INFO | snapshot top3=Server 12:7, Server 14:7, Server 27:6
2026-08-05 00:42:53,650 | INFO | MOLTEN accurate=True coverage=0.96 top=Server 12:7, Server 14:7, Server 27:6
2026-08-05 00:43:13,709 | INFO | snapshot top3=Server 12:7, Server 14:7, Server 27:6
2026-08-05 00:43:13,709 | INFO | MOLTEN accurate=True coverage=1.00 top=Server 12:7, Server 14:7, Server 27:6
2026-08-05 00:43:14,505 | INFO | snapshot top3=Server 12:7, Server 14:7, Server 27:6
2026-08-05 00:43:14,506 | INFO | MOLTEN accurate=True coverage=1.00 top=Server 12:7, Server 14:7, Server 27:6
2026-08-05 00:43:58,792 | INFO | HTTP Request: GET https://kintara.gg/api/servers "HTTP/1.1 200 OK"
2026-08-05 00:44:25,958 | INFO | snapshot top3=Server 12:7, Server 14:7, Server 27:7
2026-08-05 00:44:25,958 | INFO | MOLTEN accurate=True coverage=0.96 top=Server 12:7, Server 14:7, Server 27:7
2026-08-05 00:44:59,683 | ERROR | Shared Ember service crashed
Traceback (most recent call last):
  File "C:\Users\JavadTM\Desktop\Start\.venv\Lib\site-packages\httpx\_transports\default.py", line 101, in map_httpcore_exceptions
    yield
  File "C:\Users\JavadTM\Desktop\Start\.venv\Lib\site-packages\httpx\_transports\default.py", line 250, in handle_request
    resp = self._pool.handle_request(req)
  File "C:\Users\JavadTM\Desktop\Start\.venv\Lib\site-packages\httpcore\_sync\connection_pool.py", line 256, in handle_request
    raise exc from None
  File "C:\Users\JavadTM\Desktop\Start\.venv\Lib\site-packages\httpcore\_sync\connection_pool.py", line 236, in handle_request
    response = connection.handle_request(
        pool_request.request
    )
  File "C:\Users\JavadTM\Desktop\Start\.venv\Lib\site-packages\httpcore\_sync\http_proxy.py", line 316, in handle_request
    stream = stream.start_tls(**kwargs)
  File "C:\Users\JavadTM\Desktop\Start\.venv\Lib\site-packages\httpcore\_sync\http11.py", line 376, in start_tls
    return self._stream.start_tls(ssl_context, server_hostname, timeout)
           ~~~~~~~~~~~~~~~~~~~~~~^^^^^^^^^^^^^^^^^^^^^^^^^^^^^^^^^^^^^^^
  File "C:\Users\JavadTM\Desktop\Start\.venv\Lib\site-packages\httpcore\_backends\sync.py", line 154, in start_tls
    with map_exceptions(exc_map):
         ~~~~~~~~~~~~~~^^^^^^^^^
  File "C:\Users\JavadTM\AppData\Local\Programs\Python\Python314\Lib\contextlib.py", line 162, in __exit__
    self.gen.throw(value)
    ~~~~~~~~~~~~~~^^^^^^^
  File "C:\Users\JavadTM\Desktop\Start\.venv\Lib\site-packages\httpcore\_exceptions.py", line 14, in map_exceptions
    raise to_exc(exc) from exc
httpcore.ConnectError: [SSL: UNEXPECTED_EOF_WHILE_READING] EOF occurred in violation of protocol (_ssl.c:1081)

The above exception was the direct cause of the following exception:

Traceback (most recent call last):
  File "C:\Users\JavadTM\Desktop\Start\games\kintara\services\ember\runner.py", line 157, in run_service
    monitor.run(
    ~~~~~~~~~~~^
        stop_event,
        ^^^^^^^^^^^
    ...<3 lines>...
        refresh_requested=lambda: shared_service_store.consume_refresh_request(service_key),
        ^^^^^^^^^^^^^^^^^^^^^^^^^^^^^^^^^^^^^^^^^^^^^^^^^^^^^^^^^^^^^^^^^^^^^^^^^^^^^^^^^^^^
    )
    ^
  File "C:\Users\JavadTM\Desktop\Start\games\kintara\services\ember\monitor.py", line 306, in run
    self._sync_watchers()
    ~~~~~~~~~~~~~~~~~~~^^
  File "C:\Users\JavadTM\Desktop\Start\games\kintara\services\ember\monitor.py", line 247, in _sync_watchers
    servers = self._fetch_servers()
  File "C:\Users\JavadTM\Desktop\Start\games\kintara\services\ember\monitor.py", line 237, in _fetch_servers
    response = client.get(self.base_url + "/api/servers")
  File "C:\Users\JavadTM\Desktop\Start\.venv\Lib\site-packages\httpx\_client.py", line 1053, in get
    return self.request(
           ~~~~~~~~~~~~^
        "GET",
        ^^^^^^
    ...<7 lines>...
        extensions=extensions,
        ^^^^^^^^^^^^^^^^^^^^^^
    )
    ^
  File "C:\Users\JavadTM\Desktop\Start\.venv\Lib\site-packages\httpx\_client.py", line 825, in request
    return self.send(request, auth=auth, follow_redirects=follow_redirects)
           ~~~~~~~~~^^^^^^^^^^^^^^^^^^^^^^^^^^^^^^^^^^^^^^^^^^^^^^^^^^^^^^^
  File "C:\Users\JavadTM\Desktop\Start\.venv\Lib\site-packages\httpx\_client.py", line 914, in send
    response = self._send_handling_auth(
        request,
    ...<2 lines>...
        history=[],
    )
  File "C:\Users\JavadTM\Desktop\Start\.venv\Lib\site-packages\httpx\_client.py", line 942, in _send_handling_auth
    response = self._send_handling_redirects(
        request,
        follow_redirects=follow_redirects,
        history=history,
    )
  File "C:\Users\JavadTM\Desktop\Start\.venv\Lib\site-packages\httpx\_client.py", line 979, in _send_handling_redirects
    response = self._send_single_request(request)
  File "C:\Users\JavadTM\Desktop\Start\.venv\Lib\site-packages\httpx\_client.py", line 1014, in _send_single_request
    response = transport.handle_request(request)
  File "C:\Users\JavadTM\Desktop\Start\.venv\Lib\site-packages\httpx\_transports\default.py", line 249, in handle_request
    with map_httpcore_exceptions():
         ~~~~~~~~~~~~~~~~~~~~~~~^^
  File "C:\Users\JavadTM\AppData\Local\Programs\Python\Python314\Lib\contextlib.py", line 162, in __exit__
    self.gen.throw(value)
    ~~~~~~~~~~~~~~^^^^^^^
  File "C:\Users\JavadTM\Desktop\Start\.venv\Lib\site-packages\httpx\_transports\default.py", line 118, in map_httpcore_exceptions
    raise mapped_exc(message) from exc
httpx.ConnectError: [SSL: UNEXPECTED_EOF_WHILE_READING] EOF occurred in violation of protocol (_ssl.c:1081)
2026-08-05 00:45:18,284 | INFO | HTTP Request: GET https://kintara.gg/api/servers "HTTP/1.1 200 OK"
2026-08-05 00:45:54,383 | INFO | snapshot top3=Server 12:7, Server 14:7, Server 27:6
2026-08-05 00:45:54,384 | INFO | MOLTEN accurate=True coverage=0.96 top=Server 12:7, Server 14:7, Server 27:6
2026-08-05 00:46:12,579 | INFO | HTTP Request: GET https://kintara.gg/api/servers "HTTP/1.1 200 OK"
2026-08-05 00:46:14,414 | INFO | snapshot top3=Server 14:10, Server 12:7, Server 27:6
2026-08-05 00:46:14,414 | INFO | MOLTEN accurate=True coverage=1.00 top=Server 14:10, Server 12:7, Server 27:6
2026-08-05 00:46:34,686 | INFO | snapshot top3=Server 12:7, Server 27:7, Server 14:6
2026-08-05 00:46:34,687 | INFO | MOLTEN accurate=True coverage=0.96 top=Server 12:7, Server 27:7, Server 14:6
2026-08-05 00:46:57,642 | INFO | snapshot top3=Server 12:8, Server 27:5, Server 8:2
2026-08-05 00:46:57,643 | INFO | MOLTEN accurate=True coverage=0.96 top=Server 12:8, Server 27:5, Server 8:2
2026-08-05 00:47:23,404 | ERROR | Shared Ember service crashed
Traceback (most recent call last):
  File "C:\Users\JavadTM\Desktop\Start\.venv\Lib\site-packages\httpx\_transports\default.py", line 101, in map_httpcore_exceptions
    yield
  File "C:\Users\JavadTM\Desktop\Start\.venv\Lib\site-packages\httpx\_transports\default.py", line 250, in handle_request
    resp = self._pool.handle_request(req)
  File "C:\Users\JavadTM\Desktop\Start\.venv\Lib\site-packages\httpcore\_sync\connection_pool.py", line 256, in handle_request
    raise exc from None
  File "C:\Users\JavadTM\Desktop\Start\.venv\Lib\site-packages\httpcore\_sync\connection_pool.py", line 236, in handle_request
    response = connection.handle_request(
        pool_request.request
    )
  File "C:\Users\JavadTM\Desktop\Start\.venv\Lib\site-packages\httpcore\_sync\http_proxy.py", line 316, in handle_request
    stream = stream.start_tls(**kwargs)
  File "C:\Users\JavadTM\Desktop\Start\.venv\Lib\site-packages\httpcore\_sync\http11.py", line 376, in start_tls
    return self._stream.start_tls(ssl_context, server_hostname, timeout)
           ~~~~~~~~~~~~~~~~~~~~~~^^^^^^^^^^^^^^^^^^^^^^^^^^^^^^^^^^^^^^^
  File "C:\Users\JavadTM\Desktop\Start\.venv\Lib\site-packages\httpcore\_backends\sync.py", line 154, in start_tls
    with map_exceptions(exc_map):
         ~~~~~~~~~~~~~~^^^^^^^^^
  File "C:\Users\JavadTM\AppData\Local\Programs\Python\Python314\Lib\contextlib.py", line 162, in __exit__
    self.gen.throw(value)
    ~~~~~~~~~~~~~~^^^^^^^
  File "C:\Users\JavadTM\Desktop\Start\.venv\Lib\site-packages\httpcore\_exceptions.py", line 14, in map_exceptions
    raise to_exc(exc) from exc
httpcore.ConnectError: [SSL: UNEXPECTED_EOF_WHILE_READING] EOF occurred in violation of protocol (_ssl.c:1081)

The above exception was the direct cause of the following exception:

Traceback (most recent call last):
  File "C:\Users\JavadTM\Desktop\Start\games\kintara\services\ember\runner.py", line 157, in run_service
    monitor.run(
    ~~~~~~~~~~~^
        stop_event,
        ^^^^^^^^^^^
    ...<3 lines>...
        refresh_requested=lambda: shared_service_store.consume_refresh_request(service_key),
        ^^^^^^^^^^^^^^^^^^^^^^^^^^^^^^^^^^^^^^^^^^^^^^^^^^^^^^^^^^^^^^^^^^^^^^^^^^^^^^^^^^^^
    )
    ^
  File "C:\Users\JavadTM\Desktop\Start\games\kintara\services\ember\monitor.py", line 306, in run
    self._sync_watchers()
    ~~~~~~~~~~~~~~~~~~~^^
  File "C:\Users\JavadTM\Desktop\Start\games\kintara\services\ember\monitor.py", line 247, in _sync_watchers
    servers = self._fetch_servers()
  File "C:\Users\JavadTM\Desktop\Start\games\kintara\services\ember\monitor.py", line 237, in _fetch_servers
    response = client.get(self.base_url + "/api/servers")
  File "C:\Users\JavadTM\Desktop\Start\.venv\Lib\site-packages\httpx\_client.py", line 1053, in get
    return self.request(
           ~~~~~~~~~~~~^
        "GET",
        ^^^^^^
    ...<7 lines>...
        extensions=extensions,
        ^^^^^^^^^^^^^^^^^^^^^^
    )
    ^
  File "C:\Users\JavadTM\Desktop\Start\.venv\Lib\site-packages\httpx\_client.py", line 825, in request
    return self.send(request, auth=auth, follow_redirects=follow_redirects)
           ~~~~~~~~~^^^^^^^^^^^^^^^^^^^^^^^^^^^^^^^^^^^^^^^^^^^^^^^^^^^^^^^
  File "C:\Users\JavadTM\Desktop\Start\.venv\Lib\site-packages\httpx\_client.py", line 914, in send
    response = self._send_handling_auth(
        request,
    ...<2 lines>...
        history=[],
    )
  File "C:\Users\JavadTM\Desktop\Start\.venv\Lib\site-packages\httpx\_client.py", line 942, in _send_handling_auth
    response = self._send_handling_redirects(
        request,
        follow_redirects=follow_redirects,
        history=history,
    )
  File "C:\Users\JavadTM\Desktop\Start\.venv\Lib\site-packages\httpx\_client.py", line 979, in _send_handling_redirects
    response = self._send_single_request(request)
  File "C:\Users\JavadTM\Desktop\Start\.venv\Lib\site-packages\httpx\_client.py", line 1014, in _send_single_request
    response = transport.handle_request(request)
  File "C:\Users\JavadTM\Desktop\Start\.venv\Lib\site-packages\httpx\_transports\default.py", line 249, in handle_request
    with map_httpcore_exceptions():
         ~~~~~~~~~~~~~~~~~~~~~~~^^
  File "C:\Users\JavadTM\AppData\Local\Programs\Python\Python314\Lib\contextlib.py", line 162, in __exit__
    self.gen.throw(value)
    ~~~~~~~~~~~~~~^^^^^^^
  File "C:\Users\JavadTM\Desktop\Start\.venv\Lib\site-packages\httpx\_transports\default.py", line 118, in map_httpcore_exceptions
    raise mapped_exc(message) from exc
httpx.ConnectError: [SSL: UNEXPECTED_EOF_WHILE_READING] EOF occurred in violation of protocol (_ssl.c:1081)
2026-08-05 00:47:50,838 | INFO | HTTP Request: GET https://kintara.gg/api/servers "HTTP/1.1 200 OK"
2026-08-05 00:48:05,975 | INFO | snapshot top3=Server 4:4, Server 27:3, Server 8:2
2026-08-05 00:48:05,978 | INFO | MOLTEN accurate=True coverage=0.96 top=Server 4:4, Server 27:3, Server 8:2
2026-08-05 00:48:25,989 | INFO | snapshot top3=Server 4:3, Server 27:3, Server 8:2
2026-08-05 00:48:25,991 | INFO | MOLTEN accurate=True coverage=1.00 top=Server 4:3, Server 27:3, Server 8:2
2026-08-05 00:48:38,397 | INFO | HTTP Request: GET https://kintara.gg/api/servers "HTTP/1.1 200 OK"
2026-08-05 00:48:46,064 | INFO | snapshot top3=Server 27:4, Server 8:2, Server 14:2
2026-08-05 00:48:46,064 | INFO | MOLTEN accurate=True coverage=1.00 top=Server 27:4, Server 8:2, Server 14:2
2026-08-05 00:49:06,102 | INFO | snapshot top3=Server 27:6, Server 26:5, Server 8:2
2026-08-05 00:49:06,102 | INFO | MOLTEN accurate=True coverage=0.96 top=Server 27:6, Server 26:5, Server 8:2
2026-08-05 00:49:35,150 | INFO | HTTP Request: GET https://kintara.gg/api/servers "HTTP/1.1 200 OK"
2026-08-05 00:50:19,459 | WARNING | Molten server refresh failed; keeping the current process alive: _ssl.c:1063: The handshake operation timed out
2026-08-05 00:50:25,386 | INFO | HTTP Request: GET https://kintara.gg/api/servers "HTTP/1.1 200 OK"
2026-08-05 00:50:40,203 | INFO | Molten snapshot updated: Server 17:3, Server 29:3, Server 4:2
2026-08-05 00:51:00,443 | INFO | Molten snapshot updated: Server 17:3, Server 4:2, Server 8:2
2026-08-05 00:51:22,406 | INFO | HTTP Request: GET https://kintara.gg/api/servers "HTTP/1.1 200 OK"
2026-08-05 00:51:22,422 | INFO | Molten snapshot updated: Server 20:4, Server 17:3, Server 4:2
2026-08-05 00:51:40,738 | INFO | Molten snapshot updated: Server 17:3, Server 4:2, Server 8:2
2026-08-05 00:52:00,977 | INFO | Molten snapshot updated: Server 17:6, Server 4:2, Server 8:2
2026-08-05 00:52:27,684 | INFO | HTTP Request: GET https://kintara.gg/api/servers "HTTP/1.1 200 OK"
2026-08-05 00:52:40,788 | INFO | Molten snapshot updated: Server 29:4, Server 4:2, Server 7:2
2026-08-05 00:53:17,187 | INFO | Molten snapshot updated: Server 29:4, Server 10:3, Server 17:3
2026-08-05 00:53:27,929 | INFO | HTTP Request: GET https://kintara.gg/api/servers "HTTP/1.1 200 OK"
2026-08-05 00:53:38,061 | INFO | Molten snapshot updated: Server 17:4, Server 29:4, Server 8:2
2026-08-05 00:53:58,312 | INFO | Molten snapshot updated: Server 17:4, Server 29:4, Server 6:3
2026-08-05 00:54:23,195 | INFO | HTTP Request: GET https://kintara.gg/api/servers "HTTP/1.1 200 OK"
2026-08-05 00:54:23,212 | INFO | Molten snapshot updated: Server 17:5, Server 29:4, Server 8:2
2026-08-05 00:54:44,467 | INFO | Molten snapshot updated: Server 17:5, Server 29:4, Server 13:2
2026-08-05 00:55:04,720 | INFO | Molten snapshot updated: Server 17:4, Server 29:4, Server 8:2
2026-08-05 00:55:31,189 | INFO | HTTP Request: GET https://kintara.gg/api/servers "HTTP/1.1 200 OK"
2026-08-05 00:55:35,265 | INFO | Molten snapshot updated: Server 17:4, Server 29:4, Server 24:3
2026-08-05 00:55:55,482 | INFO | Molten snapshot updated: Server 17:4, Server 29:4, Server 4:2
2026-08-05 00:56:28,475 | INFO | HTTP Request: GET https://kintara.gg/api/servers "HTTP/1.1 200 OK"
2026-08-05 00:56:28,492 | INFO | Molten snapshot updated: Server 17:4, Server 29:4, Server 8:2
2026-08-05 00:57:03,909 | INFO | Molten snapshot updated: Server 17:5, Server 29:4, Server 8:2
2026-08-05 00:57:25,722 | INFO | HTTP Request: GET https://kintara.gg/api/servers "HTTP/1.1 200 OK"
2026-08-05 00:57:26,751 | INFO | Molten snapshot updated: Server 17:4, Server 29:4, Server 8:2
2026-08-05 00:57:46,954 | INFO | Molten snapshot updated: Server 17:5, Server 29:4, Server 8:3
2026-08-05 00:58:07,140 | INFO | Molten snapshot updated: Server 17:6, Server 29:4, Server 8:3
2026-08-05 00:58:25,576 | INFO | HTTP Request: GET https://kintara.gg/api/servers "HTTP/1.1 200 OK"
2026-08-05 00:58:27,613 | INFO | Molten snapshot updated: Server 17:6, Server 29:4, Server 4:3
2026-08-05 00:59:11,064 | INFO | Molten snapshot updated: Server 17:5, Server 29:4, Server 4:2
2026-08-05 00:59:26,309 | INFO | HTTP Request: GET https://kintara.gg/api/servers "HTTP/1.1 200 OK"
2026-08-05 01:00:11,828 | INFO | Molten snapshot updated: Server 17:5, Server 29:5, Server 4:2
2026-08-05 01:00:31,405 | INFO | HTTP Request: GET https://kintara.gg/api/servers "HTTP/1.1 200 OK"
2026-08-05 01:00:32,437 | INFO | Molten snapshot updated: Server 17:6, Server 29:5, Server 4:2
2026-08-05 01:01:29,576 | INFO | HTTP Request: GET https://kintara.gg/api/servers "HTTP/1.1 200 OK"
2026-08-05 01:02:29,281 | INFO | HTTP Request: GET https://kintara.gg/api/servers "HTTP/1.1 200 OK"
2026-08-05 01:03:20,871 | INFO | Molten snapshot updated: Server 17:6, Server 29:6, Server 23:4
2026-08-05 01:03:30,866 | INFO | HTTP Request: GET https://kintara.gg/api/servers "HTTP/1.1 200 OK"
2026-08-05 01:04:01,233 | INFO | Molten snapshot updated: Server 17:6, Server 29:6, Server 23:3
2026-08-05 01:04:28,178 | INFO | HTTP Request: GET https://kintara.gg/api/servers "HTTP/1.1 200 OK"
2026-08-05 01:04:33,250 | INFO | Molten snapshot updated: Server 29:6, Server 17:5, Server 23:5
2026-08-05 01:05:10,610 | INFO | Molten snapshot updated: Server 23:7, Server 29:6, Server 17:5
2026-08-05 01:05:30,832 | INFO | HTTP Request: GET https://kintara.gg/api/servers "HTTP/1.1 200 OK"
2026-08-05 01:05:31,861 | INFO | Molten snapshot updated: Server 23:8, Server 29:7, Server 17:5
2026-08-05 01:05:52,083 | INFO | Molten snapshot updated: Server 23:9, Server 29:7, Server 17:6
2026-08-05 01:06:29,462 | INFO | HTTP Request: GET https://kintara.gg/api/servers "HTTP/1.1 200 OK"
2026-08-05 01:07:02,891 | INFO | Molten snapshot updated: Server 23:7, Server 29:7, Server 17:5
2026-08-05 01:07:23,160 | INFO | Molten snapshot updated: Server 23:7, Server 29:7, Server 17:6
2026-08-05 01:07:33,683 | INFO | HTTP Request: GET https://kintara.gg/api/servers "HTTP/1.1 200 OK"
2026-08-05 01:07:43,798 | INFO | Molten snapshot updated: Server 23:10, Server 29:7, Server 17:6
2026-08-05 01:08:04,068 | INFO | Molten snapshot updated: Server 23:7, Server 29:7, Server 17:6
2026-08-05 01:08:29,755 | INFO | HTTP Request: GET https://kintara.gg/api/servers "HTTP/1.1 200 OK"
2026-08-05 01:08:51,015 | INFO | Molten snapshot updated: Server 17:7, Server 23:7, Server 29:7
2026-08-05 01:09:11,218 | INFO | Molten snapshot updated: Server 23:7, Server 29:7, Server 7:5
2026-08-05 01:09:29,992 | INFO | HTTP Request: GET https://kintara.gg/api/servers "HTTP/1.1 200 OK"
2026-08-05 01:09:32,032 | INFO | Molten snapshot updated: Server 8:6, Server 23:6, Server 29:6
2026-08-05 01:09:52,212 | INFO | Molten snapshot updated: Server 8:7, Server 29:6, Server 7:5
2026-08-05 01:10:15,454 | INFO | Molten snapshot updated: Server 8:8, Server 29:7, Server 7:5
2026-08-05 01:10:36,780 | INFO | HTTP Request: GET https://kintara.gg/api/servers "HTTP/1.1 200 OK"
2026-08-05 01:10:37,812 | INFO | Molten snapshot updated: Server 8:8, Server 29:7, Server 7:6
2026-08-05 01:11:22,292 | INFO | Molten snapshot updated: Server 8:8, Server 29:8, Server 7:6
2026-08-05 01:11:50,094 | INFO | HTTP Request: GET https://kintara.gg/api/servers "HTTP/1.1 200 OK"
2026-08-05 01:12:29,051 | INFO | Molten snapshot updated: Server 7:9, Server 29:7, Server 8:4
2026-08-05 01:12:50,475 | INFO | HTTP Request: GET https://kintara.gg/api/servers "HTTP/1.1 200 OK"
2026-08-05 01:13:23,821 | INFO | Molten snapshot updated: Server 7:13, Server 29:8, Server 8:3
2026-08-05 01:13:44,064 | INFO | Molten snapshot updated: Server 7:10, Server 29:8, Server 8:2
2026-08-05 01:13:53,211 | INFO | HTTP Request: GET https://kintara.gg/api/servers "HTTP/1.1 200 OK"
2026-08-05 01:14:04,357 | INFO | Molten snapshot updated: Server 7:11, Server 29:8, Server 8:2
2026-08-05 01:14:24,577 | INFO | Molten snapshot updated: Server 7:12, Server 29:8, Server 20:2
2026-08-05 01:14:44,796 | INFO | Molten snapshot updated: Server 7:11, Server 29:8, Server 28:5
2026-08-05 01:14:48,671 | INFO | HTTP Request: GET https://kintara.gg/api/servers "HTTP/1.1 200 OK"
2026-08-05 01:15:04,896 | INFO | Molten snapshot updated: Server 7:11, Server 29:7, Server 28:6
2026-08-05 01:15:25,074 | INFO | Molten snapshot updated: Server 7:10, Server 28:7, Server 29:4
2026-08-05 01:15:45,307 | INFO | Molten snapshot updated: Server 7:7, Server 28:7, Server 20:2
2026-08-05 01:15:57,244 | INFO | HTTP Request: GET https://kintara.gg/api/servers "HTTP/1.1 200 OK"
2026-08-05 01:16:15,453 | INFO | Molten snapshot updated: Server 28:7, Server 7:4, Server 17:3
2026-08-05 01:16:43,749 | INFO | Molten snapshot updated: Server 28:7, Server 17:3, Server 7:2
2026-08-05 01:16:54,519 | INFO | HTTP Request: GET https://kintara.gg/api/servers "HTTP/1.1 200 OK"
2026-08-05 01:17:04,652 | INFO | Molten snapshot updated: Server 28:7, Server 20:2, Server 5:1
2026-08-05 01:17:24,880 | INFO | Molten snapshot updated: Server 28:8, Server 23:4, Server 7:2
2026-08-05 01:17:49,753 | INFO | HTTP Request: GET https://kintara.gg/api/servers "HTTP/1.1 200 OK"
2026-08-05 01:17:53,813 | INFO | Molten snapshot updated: Server 28:8, Server 23:5, Server 14:2
2026-08-05 01:18:14,050 | INFO | Molten snapshot updated: Server 28:8, Server 23:6, Server 20:2
2026-08-05 01:18:34,279 | INFO | Molten snapshot updated: Server 28:9, Server 23:8, Server 17:2
2026-08-05 01:18:49,834 | INFO | HTTP Request: GET https://kintara.gg/api/servers "HTTP/1.1 200 OK"
2026-08-05 01:18:54,909 | INFO | Molten snapshot updated: Server 28:10, Server 23:8, Server 17:2
2026-08-05 01:19:15,062 | INFO | Molten snapshot updated: Server 28:10, Server 23:9, Server 17:2
2026-08-05 01:19:35,296 | INFO | Molten snapshot updated: Server 23:10, Server 28:10, Server 17:3
2026-08-05 01:19:50,059 | INFO | HTTP Request: GET https://kintara.gg/api/servers "HTTP/1.1 200 OK"
2026-08-05 01:20:16,345 | INFO | Molten snapshot updated: Server 28:11, Server 23:10, Server 17:3
2026-08-05 01:20:50,156 | INFO | HTTP Request: GET https://kintara.gg/api/servers "HTTP/1.1 200 OK"
2026-08-05 01:21:50,467 | INFO | HTTP Request: GET https://kintara.gg/api/servers "HTTP/1.1 200 OK"
2026-08-05 01:21:58,604 | INFO | Molten snapshot updated: Server 28:12, Server 23:10, Server 17:3
2026-08-05 01:22:18,827 | INFO | Molten snapshot updated: Server 28:11, Server 23:10, Server 17:3
2026-08-05 01:22:51,586 | INFO | HTTP Request: GET https://kintara.gg/api/servers "HTTP/1.1 200 OK"
2026-08-05 01:23:50,831 | INFO | HTTP Request: GET https://kintara.gg/api/servers "HTTP/1.1 200 OK"
2026-08-05 01:24:53,190 | INFO | HTTP Request: GET https://kintara.gg/api/servers "HTTP/1.1 200 OK"
2026-08-05 01:25:02,374 | INFO | Molten snapshot updated: Server 28:12, Server 23:10, Server 17:3
2026-08-05 01:25:22,578 | INFO | Molten snapshot updated: Server 23:10, Server 17:3, Server 15:2
2026-08-05 01:25:42,782 | INFO | Molten snapshot updated: Server 28:12, Server 23:10, Server 17:4
2026-08-05 01:25:51,785 | INFO | HTTP Request: GET https://kintara.gg/api/servers "HTTP/1.1 200 OK"
2026-08-05 01:26:02,952 | INFO | Molten snapshot updated: Server 28:13, Server 23:10, Server 17:4
2026-08-05 01:26:23,200 | INFO | Molten snapshot updated: Server 28:13, Server 23:11, Server 17:4
2026-08-05 01:26:52,075 | INFO | HTTP Request: GET https://kintara.gg/api/servers "HTTP/1.1 200 OK"
2026-08-05 01:27:24,529 | INFO | Molten snapshot updated: Server 28:15, Server 23:11, Server 17:4
2026-08-05 01:27:44,796 | INFO | Molten snapshot updated: Server 28:16, Server 23:11, Server 17:4
2026-08-05 01:27:53,254 | INFO | HTTP Request: GET https://kintara.gg/api/servers "HTTP/1.1 200 OK"
2026-08-05 01:28:05,453 | INFO | Molten snapshot updated: Server 28:14, Server 23:11, Server 17:4
2026-08-05 01:28:25,704 | INFO | Molten snapshot updated: Server 28:14, Server 23:12, Server 17:5
2026-08-05 01:28:52,183 | INFO | HTTP Request: GET https://kintara.gg/api/servers "HTTP/1.1 200 OK"
2026-08-05 01:28:59,270 | INFO | Molten snapshot updated: Server 28:12, Server 23:11, Server 17:5
2026-08-05 01:29:19,452 | INFO | Molten snapshot updated: Server 23:11, Server 28:9, Server 17:5
2026-08-05 01:29:39,641 | INFO | Molten snapshot updated: Server 23:11, Server 28:6, Server 17:4
2026-08-05 01:29:53,020 | INFO | HTTP Request: GET https://kintara.gg/api/servers "HTTP/1.1 200 OK"
2026-08-05 01:30:00,112 | INFO | Molten snapshot updated: Server 23:10, Server 17:3, Server 28:3
2026-08-05 01:30:20,314 | INFO | Molten snapshot updated: Server 23:11, Server 7:4, Server 17:4
2026-08-05 01:30:41,559 | INFO | Molten snapshot updated: Server 23:13, Server 7:6, Server 17:3
2026-08-05 01:30:54,276 | INFO | HTTP Request: GET https://kintara.gg/api/servers "HTTP/1.1 200 OK"
2026-08-05 01:31:02,405 | INFO | Molten snapshot updated: Server 23:13, Server 7:6, Server 28:3
2026-08-05 01:31:22,625 | INFO | Molten snapshot updated: Server 23:12, Server 7:7, Server 28:4
2026-08-05 01:31:42,905 | INFO | Molten snapshot updated: Server 23:13, Server 7:7, Server 9:2
2026-08-05 01:31:55,359 | INFO | HTTP Request: GET https://kintara.gg/api/servers "HTTP/1.1 200 OK"
2026-08-05 01:32:03,469 | INFO | Molten snapshot updated: Server 23:12, Server 7:7, Server 5:2
2026-08-05 01:32:23,721 | INFO | Molten snapshot updated: Server 23:13, Server 7:7, Server 6:2
2026-08-05 01:32:51,031 | INFO | Molten snapshot updated: Server 23:16, Server 7:8, Server 12:3
2026-08-05 01:32:55,171 | INFO | HTTP Request: GET https://kintara.gg/api/servers "HTTP/1.1 200 OK"
2026-08-05 01:33:11,313 | INFO | Molten snapshot updated: Server 23:14, Server 7:8, Server 6:2
2026-08-05 01:33:40,624 | INFO | Molten snapshot updated: Server 23:13, Server 7:9, Server 12:4
2026-08-05 01:33:55,427 | INFO | HTTP Request: GET https://kintara.gg/api/servers "HTTP/1.1 200 OK"
2026-08-05 01:34:01,519 | INFO | Molten snapshot updated: Server 23:16, Server 7:9, Server 12:4
2026-08-05 01:34:21,759 | INFO | Molten snapshot updated: Server 23:18, Server 7:9, Server 12:4
2026-08-05 01:34:42,000 | INFO | Molten snapshot updated: Server 23:17, Server 7:10, Server 12:4
2026-08-05 01:34:58,375 | INFO | HTTP Request: GET https://kintara.gg/api/servers "HTTP/1.1 200 OK"
2026-08-05 01:35:23,685 | INFO | Molten snapshot updated: Server 23:20, Server 7:10, Server 12:4
2026-08-05 01:35:43,976 | INFO | Molten snapshot updated: Server 23:20, Server 7:11, Server 12:4
2026-08-05 01:35:56,717 | INFO | HTTP Request: GET https://kintara.gg/api/servers "HTTP/1.1 200 OK"
2026-08-05 01:36:25,061 | INFO | Molten snapshot updated: Server 23:19, Server 7:11, Server 12:4
2026-08-05 01:36:45,250 | INFO | Molten snapshot updated: Server 23:20, Server 7:11, Server 12:4
2026-08-05 01:36:57,701 | INFO | HTTP Request: GET https://kintara.gg/api/servers "HTTP/1.1 200 OK"
2026-08-05 01:37:05,798 | INFO | Molten snapshot updated: Server 23:20, Server 7:11, Server 12:5
2026-08-05 01:37:57,477 | INFO | HTTP Request: GET https://kintara.gg/api/servers "HTTP/1.1 200 OK"
2026-08-05 01:38:26,752 | INFO | Molten snapshot updated: Server 23:19, Server 7:12, Server 12:5
2026-08-05 01:38:46,983 | INFO | Molten snapshot updated: Server 23:20, Server 7:11, Server 12:5
2026-08-05 01:38:57,646 | INFO | HTTP Request: GET https://kintara.gg/api/servers "HTTP/1.1 200 OK"
2026-08-05 01:39:07,767 | INFO | Molten snapshot updated: Server 23:19, Server 7:11, Server 12:5
2026-08-05 01:39:27,997 | INFO | Molten snapshot updated: Server 23:20, Server 7:11, Server 12:5
2026-08-05 01:39:57,882 | INFO | HTTP Request: GET https://kintara.gg/api/servers "HTTP/1.1 200 OK"
2026-08-05 01:40:09,092 | INFO | Molten snapshot updated: Server 23:19, Server 7:11, Server 12:5
2026-08-05 01:40:29,311 | INFO | Molten snapshot updated: Server 7:13, Server 23:11, Server 12:6
2026-08-05 01:40:49,538 | INFO | Molten snapshot updated: Server 7:13, Server 23:7, Server 12:6
2026-08-05 01:40:59,202 | INFO | HTTP Request: GET https://kintara.gg/api/servers "HTTP/1.1 200 OK"
2026-08-05 01:41:10,360 | INFO | Molten snapshot updated: Server 7:14, Server 24:8, Server 12:7
2026-08-05 01:41:30,499 | INFO | Molten snapshot updated: Server 7:14, Server 24:11, Server 12:7
2026-08-05 01:41:50,674 | INFO | Molten snapshot updated: Server 7:14, Server 24:11, Server 12:8
2026-08-05 01:41:58,960 | INFO | HTTP Request: GET https://kintara.gg/api/servers "HTTP/1.1 200 OK"
2026-08-05 01:42:23,436 | INFO | HTTP Request: GET https://kintara.gg/api/servers "HTTP/1.1 200 OK"
2026-08-05 01:43:06,466 | INFO | Molten snapshot updated: Server 7:16, Server 24:11, Server 12:8
2026-08-05 01:43:17,240 | INFO | HTTP Request: GET https://kintara.gg/api/servers "HTTP/1.1 200 OK"
2026-08-05 01:43:27,312 | INFO | Molten snapshot updated: Server 7:15, Server 24:14, Server 12:8
2026-08-05 01:44:17,852 | INFO | HTTP Request: GET https://kintara.gg/api/servers "HTTP/1.1 200 OK"
2026-08-05 01:44:20,915 | INFO | Molten snapshot updated: Server 24:15, Server 7:13, Server 12:8
2026-08-05 01:45:20,131 | INFO | HTTP Request: GET https://kintara.gg/api/servers "HTTP/1.1 200 OK"
2026-08-05 01:45:24,208 | INFO | Molten snapshot updated: Server 24:15, Server 7:10, Server 12:8
2026-08-05 01:45:44,401 | INFO | Molten snapshot updated: Server 24:14, Server 7:10, Server 12:7
2026-08-05 01:46:04,653 | INFO | Molten snapshot updated: Server 24:15, Server 7:9, Server 29:5
2026-08-05 01:46:18,705 | INFO | HTTP Request: GET https://kintara.gg/api/servers "HTTP/1.1 200 OK"
2026-08-05 01:46:24,773 | INFO | Molten snapshot updated: Server 24:19, Server 7:8, Server 29:6
2026-08-05 01:46:45,028 | INFO | Molten snapshot updated: Server 24:13, Server 29:7, Server 7:6
2026-08-05 01:47:05,227 | INFO | Molten snapshot updated: Server 24:8, Server 29:8, Server 6:3
2026-08-05 01:47:19,474 | INFO | HTTP Request: GET https://kintara.gg/api/servers "HTTP/1.1 200 OK"
2026-08-05 01:47:25,570 | INFO | Molten snapshot updated: Server 24:11, Server 29:8, Server 7:3
2026-08-05 01:47:45,820 | INFO | Molten snapshot updated: Server 24:12, Server 29:8, Server 15:2
2026-08-05 01:48:06,021 | INFO | Molten snapshot updated: Server 24:14, Server 29:8, Server 15:2
2026-08-05 01:48:20,185 | INFO | HTTP Request: GET https://kintara.gg/api/servers "HTTP/1.1 200 OK"
2026-08-05 01:48:26,271 | INFO | Molten snapshot updated: Server 24:14, Server 29:9, Server 11:2
2026-08-05 01:48:46,506 | INFO | Molten snapshot updated: Server 24:13, Server 29:9, Server 15:2
2026-08-05 01:49:06,670 | INFO | Molten snapshot updated: Server 24:14, Server 29:9, Server 15:2
2026-08-05 01:49:20,038 | INFO | HTTP Request: GET https://kintara.gg/api/servers "HTTP/1.1 200 OK"
2026-08-05 01:49:29,141 | INFO | Molten snapshot updated: Server 24:18, Server 29:9, Server 18:3
2026-08-05 01:49:56,379 | INFO | Molten snapshot updated: Server 24:18, Server 29:10, Server 18:3
2026-08-05 01:50:16,602 | INFO | Molten snapshot updated: Server 24:14, Server 29:9, Server 18:3
2026-08-05 01:50:21,766 | INFO | HTTP Request: GET https://kintara.gg/api/servers "HTTP/1.1 200 OK"
2026-08-05 01:50:36,902 | INFO | Molten snapshot updated: Server 24:13, Server 29:10, Server 18:3
2026-08-05 01:50:57,148 | INFO | Molten snapshot updated: Server 24:14, Server 29:10, Server 28:7
2026-08-05 01:51:17,377 | INFO | Molten snapshot updated: Server 24:13, Server 29:10, Server 28:7
2026-08-05 01:51:23,272 | INFO | HTTP Request: GET https://kintara.gg/api/servers "HTTP/1.1 200 OK"
2026-08-05 01:51:43,528 | INFO | Molten snapshot updated: Server 29:10, Server 28:8, Server 24:6
2026-08-05 01:52:03,771 | INFO | Molten snapshot updated: Server 29:11, Server 28:9, Server 24:5
2026-08-05 01:52:22,659 | INFO | HTTP Request: GET https://kintara.gg/api/servers "HTTP/1.1 200 OK"
2026-08-05 01:52:24,709 | INFO | Molten snapshot updated: Server 29:12, Server 28:9, Server 18:4
2026-08-05 01:53:05,121 | INFO | Molten snapshot updated: Server 29:12, Server 28:9, Server 18:3
2026-08-05 01:53:23,915 | INFO | HTTP Request: GET https://kintara.gg/api/servers "HTTP/1.1 200 OK"
2026-08-05 01:53:25,958 | INFO | Molten snapshot updated: Server 29:12, Server 28:10, Server 18:3
2026-08-05 01:53:46,190 | INFO | Molten snapshot updated: Server 29:12, Server 28:11, Server 18:3
2026-08-05 01:54:24,542 | INFO | HTTP Request: GET https://kintara.gg/api/servers "HTTP/1.1 200 OK"
2026-08-05 01:54:26,586 | INFO | Molten snapshot updated: Server 28:12, Server 29:12, Server 18:4
2026-08-05 01:55:23,897 | INFO | HTTP Request: GET https://kintara.gg/api/servers "HTTP/1.1 200 OK"
2026-08-05 01:55:27,966 | INFO | Molten snapshot updated: Server 28:13, Server 29:12, Server 18:4
2026-08-05 01:56:09,468 | INFO | Molten snapshot updated: Server 29:12, Server 28:11, Server 18:4
2026-08-05 01:56:24,293 | INFO | HTTP Request: GET https://kintara.gg/api/servers "HTTP/1.1 200 OK"
2026-08-05 01:56:30,367 | INFO | Molten snapshot updated: Server 28:12, Server 29:12, Server 18:4
2026-08-05 01:56:50,657 | INFO | Molten snapshot updated: Server 29:8, Server 18:4, Server 11:2
2026-08-05 01:57:10,883 | INFO | Molten snapshot updated: Server 28:12, Server 29:5, Server 18:4
2026-08-05 01:57:30,564 | INFO | HTTP Request: GET https://kintara.gg/api/servers "HTTP/1.1 200 OK"
2026-08-05 01:57:31,594 | INFO | Molten snapshot updated: Server 28:8, Server 18:4, Server 29:3
2026-08-05 01:57:51,801 | INFO | Molten snapshot updated: Server 28:7, Server 18:4, Server 29:3
2026-08-05 01:58:12,006 | INFO | Molten snapshot updated: Server 28:7, Server 18:4, Server 5:2
2026-08-05 01:58:24,853 | INFO | HTTP Request: GET https://kintara.gg/api/servers "HTTP/1.1 200 OK"
2026-08-05 01:58:32,982 | INFO | Molten snapshot updated: Server 28:9, Server 9:4, Server 18:4
2026-08-05 01:58:53,206 | INFO | Molten snapshot updated: Server 9:6, Server 28:6, Server 18:4
2026-08-05 01:59:13,407 | INFO | Molten snapshot updated: Server 9:7, Server 28:6, Server 24:5
2026-08-05 01:59:32,368 | INFO | HTTP Request: GET https://kintara.gg/api/servers "HTTP/1.1 200 OK"
2026-08-05 01:59:37,461 | INFO | Molten snapshot updated: Server 24:8, Server 9:7, Server 28:6
2026-08-05 01:59:57,686 | INFO | Molten snapshot updated: Server 24:9, Server 9:7, Server 28:6
2026-08-05 02:00:21,955 | INFO | Molten snapshot updated: Server 24:10, Server 9:7, Server 28:6
2026-08-05 02:00:28,857 | INFO | HTTP Request: GET https://kintara.gg/api/servers "HTTP/1.1 200 OK"
2026-08-05 02:01:02,163 | INFO | Molten snapshot updated: Server 24:9, Server 9:7, Server 28:6
2026-08-05 02:01:22,407 | INFO | Molten snapshot updated: Server 9:7, Server 28:6, Server 24:4
2026-08-05 02:01:25,743 | INFO | HTTP Request: GET https://kintara.gg/api/servers "HTTP/1.1 200 OK"
2026-08-05 02:01:42,907 | INFO | Molten snapshot updated: Server 9:7, Server 28:6, Server 24:3
2026-08-05 02:02:03,107 | INFO | Molten snapshot updated: Server 9:7, Server 28:3, Server 5:2
2026-08-05 02:02:23,313 | INFO | Molten snapshot updated: Server 9:7, Server 28:3, Server 18:2
2026-08-05 02:02:26,788 | INFO | HTTP Request: GET https://kintara.gg/api/servers "HTTP/1.1 200 OK"
2026-08-05 02:02:44,032 | INFO | Molten snapshot updated: Server 9:7, Server 18:2, Server 28:2
2026-08-05 02:03:04,278 | INFO | Molten snapshot updated: Server 9:3, Server 6:2, Server 18:2
2026-08-05 02:03:24,623 | INFO | Molten snapshot updated: Server 5:2, Server 6:2, Server 4:1
2026-08-05 02:03:27,529 | INFO | HTTP Request: GET https://kintara.gg/api/servers "HTTP/1.1 200 OK"
2026-08-05 02:03:44,732 | INFO | Molten snapshot updated: Server 7:4, Server 9:3, Server 4:1
2026-08-05 02:04:05,018 | INFO | Molten snapshot updated: Server 9:3, Server 7:2, Server 4:1
2026-08-05 02:04:25,260 | INFO | Molten snapshot updated: Server 9:5, Server 6:2, Server 7:2
2026-08-05 02:04:29,844 | INFO | HTTP Request: GET https://kintara.gg/api/servers "HTTP/1.1 200 OK"
2026-08-05 02:04:46,065 | INFO | Molten snapshot updated: Server 9:5, Server 23:2, Server 4:1
2026-08-05 02:05:06,282 | INFO | Molten snapshot updated: Server 9:8, Server 6:2, Server 7:2
2026-08-05 02:05:29,872 | INFO | HTTP Request: GET https://kintara.gg/api/servers "HTTP/1.1 200 OK"
2026-08-05 02:05:29,887 | INFO | Molten snapshot updated: Server 9:9, Server 24:4, Server 6:2
2026-08-05 02:05:47,097 | INFO | Molten snapshot updated: Server 24:4, Server 6:2, Server 23:2
2026-08-05 02:06:07,294 | INFO | Molten snapshot updated: Server 24:4, Server 6:2, Server 19:2
2026-08-05 02:06:29,339 | INFO | HTTP Request: GET https://kintara.gg/api/servers "HTTP/1.1 200 OK"
2026-08-05 02:06:29,370 | INFO | Molten snapshot updated: Server 9:9, Server 24:4, Server 6:2
2026-08-05 02:06:47,579 | INFO | Molten snapshot updated: Server 9:9, Server 23:4, Server 24:4
2026-08-05 02:07:07,812 | INFO | Molten snapshot updated: Server 9:9, Server 23:4, Server 24:3
2026-08-05 02:07:33,599 | INFO | HTTP Request: GET https://kintara.gg/api/servers "HTTP/1.1 200 OK"
2026-08-05 02:07:33,615 | INFO | Molten snapshot updated: Server 9:9, Server 24:4, Server 5:2
2026-08-05 02:07:48,811 | INFO | Molten snapshot updated: Server 9:10, Server 5:3, Server 24:3
2026-08-05 02:08:09,009 | INFO | Molten snapshot updated: Server 9:10, Server 5:4, Server 6:2
2026-08-05 02:08:29,817 | INFO | HTTP Request: GET https://kintara.gg/api/servers "HTTP/1.1 200 OK"
2026-08-05 02:08:50,027 | INFO | HTTP Request: GET https://kintara.gg/api/servers "HTTP/1.1 200 OK"
2026-08-05 02:08:55,799 | INFO | Molten snapshot updated: Server 9:11, Server 5:5, Server 6:2
2026-08-05 02:09:48,820 | INFO | HTTP Request: GET https://kintara.gg/api/servers "HTTP/1.1 200 OK"
2026-08-05 02:09:51,367 | INFO | HTTP Request: GET https://kintara.gg/api/servers "HTTP/1.1 200 OK"
2026-08-05 02:10:10,526 | INFO | Molten snapshot updated: Server 9:12, Server 5:6, Server 6:2
2026-08-05 02:10:30,777 | INFO | Molten snapshot updated: Server 9:13, Server 5:6, Server 6:2
2026-08-05 02:10:56,137 | INFO | HTTP Request: GET https://kintara.gg/api/servers "HTTP/1.1 200 OK"
2026-08-05 02:10:56,158 | INFO | Molten snapshot updated: Server 9:13, Server 5:7, Server 6:2
2026-08-05 02:11:11,315 | INFO | Molten snapshot updated: Server 9:13, Server 5:8, Server 6:2
2026-08-05 02:11:53,529 | INFO | HTTP Request: GET https://kintara.gg/api/servers "HTTP/1.1 200 OK"
2026-08-05 02:11:53,548 | INFO | Molten snapshot updated: Server 9:12, Server 5:9, Server 6:2
2026-08-05 02:12:31,985 | INFO | Molten snapshot updated: Server 9:14, Server 5:9, Server 6:2
2026-08-05 02:12:54,425 | INFO | HTTP Request: GET https://kintara.gg/api/servers "HTTP/1.1 200 OK"
2026-08-05 02:12:54,446 | INFO | Molten snapshot updated: Server 9:13, Server 5:9, Server 6:2
2026-08-05 02:13:12,657 | INFO | Molten snapshot updated: Server 9:14, Server 5:9, Server 6:3
2026-08-05 02:13:33,012 | INFO | Molten snapshot updated: Server 9:15, Server 5:9, Server 6:3
2026-08-05 02:13:53,606 | INFO | HTTP Request: GET https://kintara.gg/api/servers "HTTP/1.1 200 OK"
2026-08-05 02:14:14,814 | INFO | Molten snapshot updated: Server 9:15, Server 5:9, Server 6:2
2026-08-05 02:14:53,807 | INFO | HTTP Request: GET https://kintara.gg/api/servers "HTTP/1.1 200 OK"
2026-08-05 02:14:55,837 | INFO | Molten snapshot updated: Server 9:15, Server 5:9, Server 29:3
2026-08-05 02:15:16,062 | INFO | Molten snapshot updated: Server 9:15, Server 5:10, Server 10:2
2026-08-05 02:15:42,345 | INFO | Molten snapshot updated: Server 9:15, Server 5:11, Server 18:2
2026-08-05 02:15:54,346 | INFO | HTTP Request: GET https://kintara.gg/api/servers "HTTP/1.1 200 OK"
2026-08-05 02:16:02,435 | INFO | Molten snapshot updated: Server 9:15, Server 5:11, Server 10:2
2026-08-05 02:16:22,667 | INFO | Molten snapshot updated: Server 9:15, Server 5:11, Server 27:3
2026-08-05 02:16:42,891 | INFO | Molten snapshot updated: Server 9:15, Server 5:11, Server 10:2
2026-08-05 02:16:54,806 | INFO | HTTP Request: GET https://kintara.gg/api/servers "HTTP/1.1 200 OK"
2026-08-05 02:17:02,922 | INFO | Molten snapshot updated: Server 9:15, Server 5:12, Server 19:3
2026-08-05 02:17:43,490 | INFO | Molten snapshot updated: Server 9:15, Server 5:13, Server 19:4
2026-08-05 02:18:00,860 | INFO | HTTP Request: GET https://kintara.gg/api/servers "HTTP/1.1 200 OK"
2026-08-05 02:18:03,922 | INFO | Molten snapshot updated: Server 9:15, Server 5:12, Server 19:3
2026-08-05 02:18:56,132 | INFO | HTTP Request: GET https://kintara.gg/api/servers "HTTP/1.1 200 OK"
2026-08-05 02:19:07,280 | INFO | Molten snapshot updated: Server 9:16, Server 5:12, Server 19:3
2026-08-05 02:19:47,736 | INFO | Molten snapshot updated: Server 5:12, Server 9:11, Server 10:3
2026-08-05 02:19:56,803 | INFO | HTTP Request: GET https://kintara.gg/api/servers "HTTP/1.1 200 OK"
2026-08-05 02:20:08,015 | INFO | Molten snapshot updated: Server 5:11, Server 9:9, Server 19:3
2026-08-05 02:20:28,234 | INFO | Molten snapshot updated: Server 5:12, Server 9:7, Server 19:3
2026-08-05 02:20:48,461 | INFO | Molten snapshot updated: Server 5:12, Server 16:3, Server 19:3
2026-08-05 02:20:56,927 | INFO | HTTP Request: GET https://kintara.gg/api/servers "HTTP/1.1 200 OK"
2026-08-05 02:21:09,080 | INFO | Molten snapshot updated: Server 5:12, Server 16:6, Server 19:3
2026-08-05 02:21:29,346 | INFO | Molten snapshot updated: Server 5:12, Server 16:8, Server 19:3
2026-08-05 02:21:59,596 | INFO | HTTP Request: GET https://kintara.gg/api/servers "HTTP/1.1 200 OK"
2026-08-05 02:22:09,731 | INFO | Molten snapshot updated: Server 16:8, Server 18:3, Server 19:3
2026-08-05 02:22:29,924 | INFO | Molten snapshot updated: Server 16:8, Server 11:3, Server 18:3
2026-08-05 02:22:57,874 | INFO | HTTP Request: GET https://kintara.gg/api/servers "HTTP/1.1 200 OK"
2026-08-05 02:23:08,987 | INFO | Molten snapshot updated: Server 5:13, Server 16:8, Server 19:3
2026-08-05 02:23:29,178 | INFO | Molten snapshot updated: Server 5:10, Server 16:8, Server 19:3
2026-08-05 02:23:49,408 | INFO | Molten snapshot updated: Server 5:9, Server 16:8, Server 19:3
2026-08-05 02:23:57,858 | INFO | HTTP Request: GET https://kintara.gg/api/servers "HTTP/1.1 200 OK"
2026-08-05 02:24:10,015 | INFO | Molten snapshot updated: Server 16:8, Server 5:6, Server 10:2
2026-08-05 02:24:30,234 | INFO | Molten snapshot updated: Server 16:8, Server 5:7, Server 4:3
2026-08-05 02:24:50,437 | INFO | Molten snapshot updated: Server 16:9, Server 5:8, Server 18:4
2026-08-05 02:24:59,916 | INFO | HTTP Request: GET https://kintara.gg/api/servers "HTTP/1.1 200 OK"
2026-08-05 02:25:11,063 | INFO | Molten snapshot updated: Server 16:9, Server 5:6, Server 18:4
2026-08-05 02:25:31,314 | INFO | Molten snapshot updated: Server 16:9, Server 18:4, Server 5:3
2026-08-05 02:25:51,518 | INFO | Molten snapshot updated: Server 16:9, Server 5:4, Server 18:4
2026-08-05 02:25:58,794 | INFO | HTTP Request: GET https://kintara.gg/api/servers "HTTP/1.1 200 OK"
2026-08-05 02:26:11,967 | INFO | Molten snapshot updated: Server 16:10, Server 5:5, Server 10:4
2026-08-05 02:26:32,166 | INFO | Molten snapshot updated: Server 16:10, Server 11:4, Server 18:4
2026-08-05 02:26:52,359 | INFO | Molten snapshot updated: Server 16:10, Server 18:5, Server 19:3
2026-08-05 02:26:58,809 | INFO | HTTP Request: GET https://kintara.gg/api/servers "HTTP/1.1 200 OK"
2026-08-05 02:27:12,999 | INFO | Molten snapshot updated: Server 16:10, Server 18:7, Server 19:3
2026-08-05 02:27:33,304 | INFO | Molten snapshot updated: Server 16:9, Server 18:7, Server 19:3
2026-08-05 02:27:53,548 | INFO | Molten snapshot updated: Server 16:7, Server 18:7, Server 19:3
2026-08-05 02:27:58,827 | INFO | HTTP Request: GET https://kintara.gg/api/servers "HTTP/1.1 200 OK"
2026-08-05 02:28:14,011 | INFO | Molten snapshot updated: Server 18:10, Server 19:3, Server 11:2
2026-08-05 02:28:34,254 | INFO | Molten snapshot updated: Server 18:5, Server 16:4, Server 19:3
2026-08-05 02:28:54,438 | INFO | Molten snapshot updated: Server 19:5, Server 18:4, Server 27:3
2026-08-05 02:29:01,994 | INFO | HTTP Request: GET https://kintara.gg/api/servers "HTTP/1.1 200 OK"
2026-08-05 02:29:15,136 | INFO | Molten snapshot updated: Server 18:3, Server 27:3, Server 11:2
2026-08-05 02:29:43,480 | INFO | Molten snapshot updated: Server 18:5, Server 5:4, Server 19:4
2026-08-05 02:30:00,071 | INFO | HTTP Request: GET https://kintara.gg/api/servers "HTTP/1.1 200 OK"
2026-08-05 02:30:04,157 | INFO | Molten snapshot updated: Server 18:5, Server 19:4, Server 23:3
2026-08-05 02:30:24,361 | INFO | Molten snapshot updated: Server 18:7, Server 10:3, Server 19:3
2026-08-05 02:30:44,565 | INFO | Molten snapshot updated: Server 18:7, Server 11:3, Server 19:3
2026-08-05 02:31:02,161 | INFO | HTTP Request: GET https://kintara.gg/api/servers "HTTP/1.1 200 OK"
2026-08-05 02:31:05,189 | INFO | Molten snapshot updated: Server 18:10, Server 7:3, Server 19:3
2026-08-05 02:31:25,470 | INFO | Molten snapshot updated: Server 18:10, Server 19:4, Server 27:4
2026-08-05 02:31:45,683 | INFO | Molten snapshot updated: Server 18:11, Server 19:3, Server 7:2
2026-08-05 02:32:00,952 | INFO | HTTP Request: GET https://kintara.gg/api/servers "HTTP/1.1 200 OK"
2026-08-05 02:32:06,033 | INFO | Molten snapshot updated: Server 18:12, Server 19:3, Server 7:2
2026-08-05 02:33:06,719 | INFO | HTTP Request: GET https://kintara.gg/api/servers "HTTP/1.1 200 OK"
2026-08-05 02:34:05,213 | INFO | HTTP Request: GET https://kintara.gg/api/servers "HTTP/1.1 200 OK"
2026-08-05 02:34:08,283 | INFO | Molten snapshot updated: Server 18:14, Server 19:3, Server 11:2
2026-08-05 02:34:28,529 | INFO | Molten snapshot updated: Server 18:13, Server 19:3, Server 11:2
2026-08-05 02:34:48,783 | INFO | Molten snapshot updated: Server 18:12, Server 19:3, Server 10:2
2026-08-05 02:35:02,672 | INFO | HTTP Request: GET https://kintara.gg/api/servers "HTTP/1.1 200 OK"
2026-08-05 02:35:29,970 | INFO | Molten snapshot updated: Server 18:11, Server 19:3, Server 10:2
2026-08-05 02:35:50,205 | INFO | Molten snapshot updated: Server 18:14, Server 19:3, Server 10:2
2026-08-05 02:36:06,711 | INFO | HTTP Request: GET https://kintara.gg/api/servers "HTTP/1.1 200 OK"
2026-08-05 02:36:10,760 | INFO | Molten snapshot updated: Server 18:14, Server 19:3, Server 21:3
2026-08-05 02:36:30,993 | INFO | Molten snapshot updated: Server 18:14, Server 10:3, Server 19:3
2026-08-05 02:36:51,197 | INFO | Molten snapshot updated: Server 18:14, Server 19:4, Server 6:2
2026-08-05 02:37:04,992 | INFO | HTTP Request: GET https://kintara.gg/api/servers "HTTP/1.1 200 OK"
2026-08-05 02:37:12,105 | INFO | Molten snapshot updated: Server 18:15, Server 19:4, Server 9:3
2026-08-05 02:37:32,427 | INFO | Molten snapshot updated: Server 18:15, Server 19:4, Server 6:2
2026-08-05 02:37:52,685 | INFO | Molten snapshot updated: Server 18:13, Server 19:4, Server 6:2
2026-08-05 02:38:07,428 | WARNING | Molten server refresh failed; keeping the current process alive: [SSL: UNEXPECTED_EOF_WHILE_READING] EOF occurred in violation of protocol (_ssl.c:1081)
2026-08-05 02:38:09,846 | INFO | HTTP Request: GET https://kintara.gg/api/servers "HTTP/1.1 200 OK"
2026-08-05 02:38:15,924 | INFO | Molten snapshot updated: Server 18:14, Server 19:3, Server 6:2
2026-08-05 02:38:56,534 | INFO | Molten snapshot updated: Server 18:14, Server 19:4, Server 6:2
2026-08-05 02:39:10,544 | INFO | HTTP Request: GET https://kintara.gg/api/servers "HTTP/1.1 200 OK"
2026-08-05 02:39:22,681 | INFO | Molten snapshot updated: Server 19:4, Server 6:2, Server 10:2
2026-08-05 02:39:42,943 | INFO | Molten snapshot updated: Server 18:14, Server 19:4, Server 6:2
2026-08-05 02:40:11,177 | INFO | HTTP Request: GET https://kintara.gg/api/servers "HTTP/1.1 200 OK"
2026-08-05 02:40:23,323 | INFO | Molten snapshot updated: Server 18:10, Server 19:5, Server 6:2
2026-08-05 02:41:03,781 | INFO | Molten snapshot updated: Server 18:11, Server 6:2, Server 10:2
2026-08-05 02:41:11,109 | INFO | HTTP Request: GET https://kintara.gg/api/servers "HTTP/1.1 200 OK"
2026-08-05 02:41:24,290 | INFO | Molten snapshot updated: Server 18:12, Server 19:5, Server 6:2
2026-08-05 02:41:44,502 | INFO | Molten snapshot updated: Server 18:12, Server 19:4, Server 6:2
2026-08-05 02:42:04,738 | INFO | Molten snapshot updated: Server 18:11, Server 19:5, Server 6:2
2026-08-05 02:42:12,473 | INFO | HTTP Request: GET https://kintara.gg/api/servers "HTTP/1.1 200 OK"
2026-08-05 02:42:25,639 | INFO | Molten snapshot updated: Server 19:5, Server 18:4, Server 27:3
2026-08-05 02:42:45,908 | INFO | Molten snapshot updated: Server 19:5, Server 10:3, Server 27:3
2026-08-05 02:43:06,154 | INFO | Molten snapshot updated: Server 19:5, Server 4:3, Server 27:3
2026-08-05 02:43:13,468 | INFO | HTTP Request: GET https://kintara.gg/api/servers "HTTP/1.1 200 OK"
2026-08-05 02:43:26,635 | INFO | Molten snapshot updated: Server 4:5, Server 19:5, Server 8:3
2026-08-05 02:43:46,835 | INFO | Molten snapshot updated: Server 4:6, Server 19:5, Server 27:3
2026-08-05 02:44:07,044 | INFO | Molten snapshot updated: Server 4:9, Server 19:5, Server 8:2
2026-08-05 02:44:16,679 | INFO | HTTP Request: GET https://kintara.gg/api/servers "HTTP/1.1 200 OK"
2026-08-05 02:44:27,849 | INFO | Molten snapshot updated: Server 4:9, Server 19:5, Server 18:3
2026-08-05 02:44:48,086 | INFO | Molten snapshot updated: Server 4:10, Server 19:5, Server 18:4
2026-08-05 02:45:08,395 | INFO | Molten snapshot updated: Server 4:10, Server 19:4, Server 18:3
2026-08-05 02:45:13,914 | INFO | HTTP Request: GET https://kintara.gg/api/servers "HTTP/1.1 200 OK"
2026-08-05 02:45:29,161 | INFO | Molten snapshot updated: Server 4:11, Server 18:4, Server 19:4
2026-08-05 02:45:49,306 | INFO | Molten snapshot updated: Server 4:11, Server 19:5, Server 18:3
2026-08-05 02:46:09,476 | INFO | Molten snapshot updated: Server 4:10, Server 19:6, Server 10:2
2026-08-05 02:46:14,505 | INFO | HTTP Request: GET https://kintara.gg/api/servers "HTTP/1.1 200 OK"
2026-08-05 02:46:29,694 | INFO | Molten snapshot updated: Server 4:9, Server 19:6, Server 10:2
2026-08-05 02:46:49,940 | INFO | Molten snapshot updated: Server 4:10, Server 19:7, Server 24:3
2026-08-05 02:47:14,858 | INFO | HTTP Request: GET https://kintara.gg/api/servers "HTTP/1.1 200 OK"
2026-08-05 02:47:21,944 | INFO | Molten snapshot updated: Server 4:13, Server 19:9, Server 27:3
2026-08-05 02:47:42,192 | INFO | Molten snapshot updated: Server 4:12, Server 19:9, Server 18:7
2026-08-05 02:48:02,416 | INFO | Molten snapshot updated: Server 4:12, Server 18:7, Server 19:7
2026-08-05 02:48:15,370 | INFO | HTTP Request: GET https://kintara.gg/api/servers "HTTP/1.1 200 OK"
2026-08-05 02:48:22,451 | INFO | Molten snapshot updated: Server 4:15, Server 18:9, Server 19:7
2026-08-05 02:48:42,813 | INFO | Molten snapshot updated: Server 4:9, Server 18:9, Server 19:5
2026-08-05 02:49:03,073 | INFO | Molten snapshot updated: Server 18:11, Server 4:6, Server 19:3
2026-08-05 02:49:19,967 | INFO | HTTP Request: GET https://kintara.gg/api/servers "HTTP/1.1 200 OK"
2026-08-05 02:49:24,006 | INFO | Molten snapshot updated: Server 18:11, Server 4:7, Server 27:3
2026-08-05 02:49:44,213 | INFO | Molten snapshot updated: Server 18:12, Server 4:6, Server 27:3
2026-08-05 02:50:04,406 | INFO | Molten snapshot updated: Server 18:12, Server 4:5, Server 26:4
2026-08-05 02:50:17,442 | INFO | HTTP Request: GET https://kintara.gg/api/servers "HTTP/1.1 200 OK"
2026-08-05 02:50:24,500 | INFO | Molten snapshot updated: Server 18:12, Server 29:5, Server 4:4
2026-08-05 02:50:48,746 | INFO | Molten snapshot updated: Server 18:14, Server 26:11, Server 29:5
2026-08-05 02:51:18,154 | INFO | HTTP Request: GET https://kintara.gg/api/servers "HTTP/1.1 200 OK"
2026-08-05 02:51:49,523 | INFO | Molten snapshot updated: Server 18:12, Server 26:11, Server 29:6
2026-08-05 02:52:09,716 | INFO | Molten snapshot updated: Server 18:12, Server 26:6, Server 29:6
2026-08-05 02:52:19,820 | INFO | HTTP Request: GET https://kintara.gg/api/servers "HTTP/1.1 200 OK"
2026-08-05 02:52:29,939 | INFO | Molten snapshot updated: Server 18:9, Server 29:6, Server 26:3
2026-08-05 02:52:56,219 | INFO | Molten snapshot updated: Server 29:6, Server 18:2, Server 24:2
2026-08-05 02:53:25,794 | INFO | HTTP Request: GET https://kintara.gg/api/servers "HTTP/1.1 200 OK"
2026-08-05 02:53:25,814 | INFO | Molten snapshot updated: Server 29:6, Server 26:3, Server 24:2
2026-08-05 02:53:36,936 | INFO | Molten snapshot updated: Server 29:6, Server 24:2, Server 5:1
2026-08-05 02:53:57,136 | INFO | Molten snapshot updated: Server 5:1, Server 7:1, Server 11:1
2026-08-05 02:54:19,179 | INFO | HTTP Request: GET https://kintara.gg/api/servers "HTTP/1.1 200 OK"
2026-08-05 02:54:19,195 | INFO | Molten snapshot updated: Server 8:1, Server 20:1, Server 26:1
2026-08-05 02:54:37,418 | INFO | Molten snapshot updated: Server 18:2, Server 6:1, Server 7:1
2026-08-05 02:54:57,586 | INFO | Molten snapshot updated: Server 18:6, Server 6:1, Server 7:1
2026-08-05 02:55:20,736 | INFO | HTTP Request: GET https://kintara.gg/api/servers "HTTP/1.1 200 OK"
2026-08-05 02:55:20,750 | INFO | Molten snapshot updated: Server 18:6, Server 13:5, Server 6:1
2026-08-05 02:55:37,913 | INFO | Molten snapshot updated: Server 13:8, Server 18:6, Server 16:2
2026-08-05 02:56:33,406 | WARNING | Molten server refresh failed; keeping the current process alive: _ssl.c:1063: The handshake operation timed out
2026-08-05 02:56:33,431 | INFO | Molten snapshot updated: Server 13:8, Server 18:7, Server 16:4
2026-08-05 02:56:36,331 | INFO | HTTP Request: GET https://kintara.gg/api/servers "HTTP/1.1 200 OK"
2026-08-05 02:56:59,633 | INFO | Molten snapshot updated: Server 13:8, Server 18:7, Server 16:3
2026-08-05 02:57:19,815 | INFO | Molten snapshot updated: Server 13:9, Server 18:9, Server 16:3
2026-08-05 02:57:49,944 | WARNING | Molten server refresh failed; keeping the current process alive: _ssl.c:1063: The handshake operation timed out
2026-08-05 02:57:53,428 | INFO | HTTP Request: GET https://kintara.gg/api/servers "HTTP/1.1 200 OK"
2026-08-05 02:57:53,447 | INFO | Molten snapshot updated: Server 13:11, Server 18:7, Server 16:3
2026-08-05 02:58:11,663 | INFO | Molten snapshot updated: Server 13:14, Server 18:8, Server 16:3
2026-08-05 02:58:31,904 | INFO | Molten snapshot updated: Server 13:14, Server 18:7, Server 16:3
2026-08-05 02:58:52,813 | INFO | HTTP Request: GET https://kintara.gg/api/servers "HTTP/1.1 200 OK"
2026-08-05 02:58:53,841 | INFO | Molten snapshot updated: Server 13:14, Server 18:10, Server 16:3
2026-08-05 02:59:14,048 | INFO | Molten snapshot updated: Server 18:10, Server 13:9, Server 16:3
2026-08-05 02:59:34,322 | INFO | Molten snapshot updated: Server 18:12, Server 13:9, Server 16:3
2026-08-05 02:59:53,507 | INFO | HTTP Request: GET https://kintara.gg/api/servers "HTTP/1.1 200 OK"
2026-08-05 02:59:54,525 | INFO | Molten snapshot updated: Server 18:11, Server 13:9, Server 16:4
2026-08-05 03:00:14,775 | INFO | Molten snapshot updated: Server 13:11, Server 18:10, Server 16:3
2026-08-05 03:00:35,069 | INFO | Molten snapshot updated: Server 13:12, Server 18:10, Server 16:4
2026-08-05 03:00:53,904 | INFO | HTTP Request: GET https://kintara.gg/api/servers "HTTP/1.1 200 OK"
2026-08-05 03:00:55,954 | INFO | Molten snapshot updated: Server 13:12, Server 18:8, Server 16:4
2026-08-05 03:01:16,142 | INFO | Molten snapshot updated: Server 13:11, Server 18:5, Server 6:2
2026-08-05 03:01:36,373 | INFO | Molten snapshot updated: Server 13:12, Server 18:6, Server 16:5
2026-08-05 03:01:53,916 | INFO | HTTP Request: GET https://kintara.gg/api/servers "HTTP/1.1 200 OK"
2026-08-05 03:01:56,980 | INFO | Molten snapshot updated: Server 13:13, Server 18:5, Server 16:3
2026-08-05 03:02:17,175 | INFO | Molten snapshot updated: Server 13:9, Server 16:4, Server 18:4
2026-08-05 03:02:37,379 | INFO | Molten snapshot updated: Server 13:6, Server 16:6, Server 18:4
2026-08-05 03:03:04,508 | INFO | HTTP Request: GET https://kintara.gg/api/servers "HTTP/1.1 200 OK"
2026-08-05 03:03:10,584 | INFO | Molten snapshot updated: Server 16:6, Server 13:3, Server 27:3
2026-08-05 03:03:30,830 | INFO | Molten snapshot updated: Server 16:8, Server 27:7, Server 15:2
2026-08-05 03:03:55,857 | INFO | HTTP Request: GET https://kintara.gg/api/servers "HTTP/1.1 200 OK"
2026-08-05 03:03:55,875 | INFO | Molten snapshot updated: Server 16:10, Server 27:7, Server 15:2
2026-08-05 03:04:14,054 | INFO | Molten snapshot updated: Server 16:11, Server 27:9, Server 15:2
2026-08-05 03:04:34,338 | INFO | Molten snapshot updated: Server 16:13, Server 27:9, Server 15:2
2026-08-05 03:04:57,777 | INFO | HTTP Request: GET https://kintara.gg/api/servers "HTTP/1.1 200 OK"
2026-08-05 03:05:56,471 | INFO | HTTP Request: GET https://kintara.gg/api/servers "HTTP/1.1 200 OK"
2026-08-05 03:05:56,490 | INFO | Molten snapshot updated: Server 16:13, Server 27:9, Server 15:3
2026-08-05 03:06:35,951 | INFO | Molten snapshot updated: Server 16:14, Server 27:9, Server 15:3
2026-08-05 03:06:57,777 | INFO | HTTP Request: GET https://kintara.gg/api/servers "HTTP/1.1 200 OK"
2026-08-05 03:06:58,810 | INFO | Molten snapshot updated: Server 16:13, Server 27:9, Server 12:2
2026-08-05 03:07:19,046 | INFO | Molten snapshot updated: Server 16:15, Server 27:9, Server 28:4
2026-08-05 03:07:39,313 | INFO | Molten snapshot updated: Server 16:15, Server 27:9, Server 28:5
2026-08-05 03:08:02,538 | INFO | HTTP Request: GET https://kintara.gg/api/servers "HTTP/1.1 200 OK"
2026-08-05 03:08:03,565 | INFO | Molten snapshot updated: Server 16:14, Server 27:9, Server 28:6
2026-08-05 03:08:23,744 | INFO | Molten snapshot updated: Server 16:15, Server 27:9, Server 28:6
2026-08-05 03:09:01,871 | INFO | HTTP Request: GET https://kintara.gg/api/servers "HTTP/1.1 200 OK"
2026-08-05 03:09:25,171 | INFO | Molten snapshot updated: Server 16:15, Server 27:7, Server 28:6
2026-08-05 03:09:59,093 | INFO | HTTP Request: GET https://kintara.gg/api/servers "HTTP/1.1 200 OK"
2026-08-05 03:10:59,394 | INFO | HTTP Request: GET https://kintara.gg/api/servers "HTTP/1.1 200 OK"
2026-08-05 03:11:27,726 | INFO | Molten snapshot updated: Server 16:16, Server 27:7, Server 28:6
2026-08-05 03:12:01,046 | INFO | HTTP Request: GET https://kintara.gg/api/servers "HTTP/1.1 200 OK"
2026-08-05 03:13:01,088 | INFO | HTTP Request: GET https://kintara.gg/api/servers "HTTP/1.1 200 OK"
2026-08-05 03:13:09,151 | INFO | Molten snapshot updated: Server 27:7, Server 28:6, Server 4:2
2026-08-05 03:13:29,382 | INFO | Molten snapshot updated: Server 16:16, Server 27:7, Server 28:6
2026-08-05 03:13:49,800 | INFO | Molten snapshot updated: Server 16:14, Server 27:7, Server 28:6
2026-08-05 03:14:00,712 | INFO | HTTP Request: GET https://kintara.gg/api/servers "HTTP/1.1 200 OK"
2026-08-05 03:14:09,807 | INFO | Molten snapshot updated: Server 16:10, Server 27:7, Server 28:7
2026-08-05 03:14:30,034 | INFO | Molten snapshot updated: Server 27:7, Server 28:7, Server 16:5
2026-08-05 03:14:50,271 | INFO | Molten snapshot updated: Server 27:7, Server 16:6, Server 28:6
2026-08-05 03:15:00,803 | INFO | HTTP Request: GET https://kintara.gg/api/servers "HTTP/1.1 200 OK"
2026-08-05 03:15:13,966 | INFO | Molten snapshot updated: Server 16:7, Server 27:7, Server 28:7
2026-08-05 03:15:34,199 | INFO | Molten snapshot updated: Server 27:7, Server 28:7, Server 16:6
2026-08-05 03:15:54,431 | INFO | Molten snapshot updated: Server 27:7, Server 28:7, Server 16:5
2026-08-05 03:16:01,887 | INFO | HTTP Request: GET https://kintara.gg/api/servers "HTTP/1.1 200 OK"
2026-08-05 03:16:15,104 | INFO | Molten snapshot updated: Server 27:7, Server 28:7, Server 16:4
2026-08-05 03:16:35,321 | INFO | Molten snapshot updated: Server 28:8, Server 27:7, Server 16:3
2026-08-05 03:16:55,546 | INFO | Molten snapshot updated: Server 27:7, Server 28:7, Server 9:5
2026-08-05 03:17:01,461 | INFO | HTTP Request: GET https://kintara.gg/api/servers "HTTP/1.1 200 OK"
2026-08-05 03:17:15,657 | INFO | Molten snapshot updated: Server 27:8, Server 28:8, Server 16:3
2026-08-05 03:17:35,879 | INFO | Molten snapshot updated: Server 27:9, Server 28:8, Server 16:3
2026-08-05 03:17:56,088 | INFO | Molten snapshot updated: Server 27:10, Server 28:8, Server 16:3
2026-08-05 03:18:01,629 | INFO | HTTP Request: GET https://kintara.gg/api/servers "HTTP/1.1 200 OK"
2026-08-05 03:18:16,817 | INFO | Molten snapshot updated: Server 27:10, Server 28:9, Server 16:4
2026-08-05 03:18:57,349 | INFO | Molten snapshot updated: Server 27:10, Server 28:9, Server 4:2
2026-08-05 03:19:04,221 | INFO | HTTP Request: GET https://kintara.gg/api/servers "HTTP/1.1 200 OK"
2026-08-05 03:19:17,369 | INFO | Molten snapshot updated: Server 27:11, Server 28:9, Server 23:3
2026-08-05 03:19:37,644 | INFO | Molten snapshot updated: Server 27:11, Server 28:9, Server 24:4
2026-08-05 03:19:57,970 | INFO | Molten snapshot updated: Server 27:11, Server 28:9, Server 4:2
2026-08-05 03:20:03,331 | INFO | HTTP Request: GET https://kintara.gg/api/servers "HTTP/1.1 200 OK"
2026-08-05 03:20:18,537 | INFO | Molten snapshot updated: Server 28:9, Server 27:6, Server 16:5
2026-08-05 03:20:38,806 | INFO | Molten snapshot updated: Server 28:11, Server 16:5, Server 4:2
2026-08-05 03:20:59,045 | INFO | Molten snapshot updated: Server 16:6, Server 28:3, Server 4:2
2026-08-05 03:21:02,789 | INFO | HTTP Request: GET https://kintara.gg/api/servers "HTTP/1.1 200 OK"
2026-08-05 03:21:20,047 | INFO | Molten snapshot updated: Server 16:7, Server 28:4, Server 4:2
2026-08-05 03:21:40,346 | INFO | Molten snapshot updated: Server 16:8, Server 28:5, Server 9:2
2026-08-05 03:22:00,587 | INFO | Molten snapshot updated: Server 16:8, Server 28:5, Server 23:3
2026-08-05 03:22:02,861 | INFO | HTTP Request: GET https://kintara.gg/api/servers "HTTP/1.1 200 OK"
2026-08-05 03:22:21,069 | INFO | Molten snapshot updated: Server 16:9, Server 28:9, Server 9:2
2026-08-05 03:23:01,502 | INFO | Molten snapshot updated: Server 28:10, Server 16:9, Server 5:2
2026-08-05 03:23:03,956 | INFO | HTTP Request: GET https://kintara.gg/api/servers "HTTP/1.1 200 OK"
2026-08-05 03:23:22,115 | INFO | Molten snapshot updated: Server 28:10, Server 16:8, Server 9:2
2026-08-05 03:23:42,414 | INFO | Molten snapshot updated: Server 28:9, Server 16:8, Server 9:2
2026-08-05 03:24:04,047 | INFO | HTTP Request: GET https://kintara.gg/api/servers "HTTP/1.1 200 OK"
2026-08-05 03:24:04,073 | INFO | Molten snapshot updated: Server 28:9, Server 16:7, Server 9:2
2026-08-05 03:24:23,223 | INFO | Molten snapshot updated: Server 28:9, Server 16:8, Server 9:2
2026-08-05 03:24:43,365 | INFO | Molten snapshot updated: Server 28:9, Server 16:8, Server 9:3
2026-08-05 03:25:07,080 | INFO | HTTP Request: GET https://kintara.gg/api/servers "HTTP/1.1 200 OK"
2026-08-05 03:25:07,097 | INFO | Molten snapshot updated: Server 28:10, Server 16:9, Server 9:2
2026-08-05 03:25:24,282 | INFO | Molten snapshot updated: Server 28:12, Server 16:9, Server 4:2
2026-08-05 03:25:44,558 | INFO | Molten snapshot updated: Server 28:11, Server 16:8, Server 10:2
2026-08-05 03:26:05,250 | INFO | HTTP Request: GET https://kintara.gg/api/servers "HTTP/1.1 200 OK"
2026-08-05 03:26:06,265 | INFO | Molten snapshot updated: Server 28:10, Server 16:8, Server 9:2
2026-08-05 03:26:26,503 | INFO | Molten snapshot updated: Server 28:8, Server 16:7, Server 9:2
2026-08-05 03:26:46,772 | INFO | Molten snapshot updated: Server 28:8, Server 16:3, Server 9:2
2026-08-05 03:27:06,909 | INFO | HTTP Request: GET https://kintara.gg/api/servers "HTTP/1.1 200 OK"
2026-08-05 03:27:07,928 | INFO | Molten snapshot updated: Server 28:4, Server 10:2, Server 4:1
2026-08-05 03:27:28,102 | INFO | Molten snapshot updated: Server 28:4, Server 9:2, Server 10:2
2026-08-05 03:27:48,349 | INFO | Molten snapshot updated: Server 28:3, Server 10:2, Server 6:1
2026-08-05 03:28:05,979 | INFO | HTTP Request: GET https://kintara.gg/api/servers "HTTP/1.1 200 OK"
2026-08-05 03:28:09,033 | INFO | Molten snapshot updated: Server 9:2, Server 10:2, Server 14:2
2026-08-05 03:28:29,317 | INFO | Molten snapshot updated: Server 9:2, Server 10:2, Server 28:2
2026-08-05 03:28:49,605 | INFO | Molten snapshot updated: Server 27:2, Server 28:2, Server 9:1
2026-08-05 03:29:06,653 | INFO | HTTP Request: GET https://kintara.gg/api/servers "HTTP/1.1 200 OK"
2026-08-05 03:29:11,740 | INFO | Molten snapshot updated: Server 6:1, Server 7:1, Server 10:1
2026-08-05 03:29:31,917 | INFO | Molten snapshot updated: Server 28:3, Server 6:1, Server 7:1
2026-08-05 03:30:07,231 | INFO | HTTP Request: GET https://kintara.gg/api/servers "HTTP/1.1 200 OK"
2026-08-05 03:30:52,708 | INFO | Molten snapshot updated: Server 28:4, Server 6:1, Server 7:1
2026-08-05 03:31:07,274 | INFO | HTTP Request: GET https://kintara.gg/api/servers "HTTP/1.1 200 OK"
2026-08-05 03:31:13,353 | INFO | Molten snapshot updated: Server 28:6, Server 14:2, Server 6:1
2026-08-05 03:31:33,607 | INFO | Molten snapshot updated: Server 14:3, Server 28:3, Server 6:1
2026-08-05 03:31:53,902 | INFO | Molten snapshot updated: Server 14:4, Server 28:4, Server 21:2
2026-08-05 03:32:07,682 | INFO | HTTP Request: GET https://kintara.gg/api/servers "HTTP/1.1 200 OK"
2026-08-05 03:32:14,768 | INFO | Molten snapshot updated: Server 28:5, Server 14:4, Server 6:2
2026-08-05 03:32:35,014 | INFO | Molten snapshot updated: Server 14:4, Server 28:3, Server 6:2
2026-08-05 03:33:08,234 | INFO | HTTP Request: GET https://kintara.gg/api/servers "HTTP/1.1 200 OK"
2026-08-05 03:33:55,712 | INFO | Molten snapshot updated: Server 14:3, Server 15:3, Server 28:3
2026-08-05 03:34:08,150 | INFO | HTTP Request: GET https://kintara.gg/api/servers "HTTP/1.1 200 OK"
2026-08-05 03:34:16,265 | INFO | Molten snapshot updated: Server 28:6, Server 14:3, Server 6:2
2026-08-05 03:34:36,512 | INFO | Molten snapshot updated: Server 28:9, Server 6:2, Server 14:2
2026-08-05 03:34:56,794 | INFO | Molten snapshot updated: Server 28:7, Server 6:2, Server 14:2
2026-08-05 03:35:08,388 | INFO | HTTP Request: GET https://kintara.gg/api/servers "HTTP/1.1 200 OK"
2026-08-05 03:35:17,493 | INFO | Molten snapshot updated: Server 28:7, Server 6:2, Server 15:2
2026-08-05 03:35:37,745 | INFO | Molten snapshot updated: Server 28:6, Server 6:2, Server 14:2
2026-08-05 03:35:58,001 | INFO | Molten snapshot updated: Server 6:2, Server 14:2, Server 15:2
2026-08-05 03:36:08,759 | INFO | HTTP Request: GET https://kintara.gg/api/servers "HTTP/1.1 200 OK"
2026-08-05 03:36:39,145 | INFO | Molten snapshot updated: Server 14:3, Server 6:2, Server 15:2
2026-08-05 03:36:59,448 | INFO | Molten snapshot updated: Server 14:6, Server 6:2, Server 7:2
2026-08-05 03:37:09,903 | INFO | HTTP Request: GET https://kintara.gg/api/servers "HTTP/1.1 200 OK"
2026-08-05 03:37:20,009 | INFO | Molten snapshot updated: Server 14:6, Server 6:2, Server 8:2
2026-08-05 03:37:40,236 | INFO | Molten snapshot updated: Server 14:7, Server 6:2, Server 10:2
2026-08-05 03:38:00,505 | INFO | Molten snapshot updated: Server 14:8, Server 6:2, Server 15:2
2026-08-05 03:38:09,235 | INFO | HTTP Request: GET https://kintara.gg/api/servers "HTTP/1.1 200 OK"
2026-08-05 03:38:21,384 | INFO | Molten snapshot updated: Server 14:9, Server 6:2, Server 15:2
2026-08-05 03:38:41,593 | INFO | Molten snapshot updated: Server 14:10, Server 6:2, Server 15:2
2026-08-05 03:39:09,343 | INFO | HTTP Request: GET https://kintara.gg/api/servers "HTTP/1.1 200 OK"
2026-08-05 03:39:22,512 | INFO | Molten snapshot updated: Server 14:10, Server 15:2, Server 20:2
2026-08-05 03:39:42,784 | INFO | Molten snapshot updated: Server 14:10, Server 20:3, Server 6:2
2026-08-05 03:40:10,009 | INFO | HTTP Request: GET https://kintara.gg/api/servers "HTTP/1.1 200 OK"
2026-08-05 03:40:23,168 | INFO | Molten snapshot updated: Server 14:11, Server 20:3, Server 6:2
2026-08-05 03:41:03,597 | INFO | Molten snapshot updated: Server 14:10, Server 20:3, Server 8:2
2026-08-05 03:41:09,745 | INFO | HTTP Request: GET https://kintara.gg/api/servers "HTTP/1.1 200 OK"
2026-08-05 03:41:23,978 | INFO | Molten snapshot updated: Server 14:11, Server 20:3, Server 15:2
2026-08-05 03:41:44,168 | INFO | Molten snapshot updated: Server 14:11, Server 15:2, Server 28:2
2026-08-05 03:42:04,546 | INFO | Molten snapshot updated: Server 14:4, Server 15:2, Server 27:2
2026-08-05 03:42:11,064 | INFO | HTTP Request: GET https://kintara.gg/api/servers "HTTP/1.1 200 OK"
2026-08-05 03:42:25,361 | INFO | Molten snapshot updated: Server 28:3, Server 15:2, Server 6:1
2026-08-05 03:42:45,659 | INFO | Molten snapshot updated: Server 28:3, Server 15:2, Server 21:2
2026-08-05 03:43:05,918 | INFO | Molten snapshot updated: Server 28:3, Server 15:2, Server 6:1
2026-08-05 03:43:11,484 | INFO | HTTP Request: GET https://kintara.gg/api/servers "HTTP/1.1 200 OK"
2026-08-05 03:44:07,172 | INFO | Molten snapshot updated: Server 28:3, Server 16:2, Server 4:1
2026-08-05 03:44:13,173 | INFO | HTTP Request: GET https://kintara.gg/api/servers "HTTP/1.1 200 OK"
2026-08-05 03:44:27,402 | INFO | Molten snapshot updated: Server 28:3, Server 4:1, Server 6:1
2026-08-05 03:44:47,694 | INFO | Molten snapshot updated: Server 28:3, Server 6:1, Server 14:1
2026-08-05 03:45:07,879 | INFO | Molten snapshot updated: Server 28:3, Server 6:1, Server 21:1
2026-08-05 03:45:14,018 | INFO | HTTP Request: GET https://kintara.gg/api/servers "HTTP/1.1 200 OK"
2026-08-05 03:45:28,141 | INFO | Molten snapshot updated: Server 28:3, Server 21:2, Server 6:1
2026-08-05 03:45:48,363 | INFO | Molten snapshot updated: Server 28:3, Server 6:2, Server 7:1
2026-08-05 03:46:14,209 | INFO | HTTP Request: GET https://kintara.gg/api/servers "HTTP/1.1 200 OK"
2026-08-05 03:46:29,442 | INFO | Molten snapshot updated: Server 14:3, Server 28:3, Server 6:2
2026-08-05 03:46:49,674 | INFO | Molten snapshot updated: Server 14:4, Server 28:3, Server 6:2
2026-08-05 03:47:09,849 | INFO | Molten snapshot updated: Server 14:3, Server 28:3, Server 6:2
2026-08-05 03:47:15,639 | INFO | HTTP Request: GET https://kintara.gg/api/servers "HTTP/1.1 200 OK"
2026-08-05 03:47:30,806 | INFO | Molten snapshot updated: Server 14:4, Server 28:3, Server 6:2
2026-08-05 03:47:51,022 | INFO | Molten snapshot updated: Server 14:5, Server 28:3, Server 6:2
2026-08-05 03:48:11,302 | INFO | Molten snapshot updated: Server 14:4, Server 28:4, Server 6:1
2026-08-05 03:48:13,421 | INFO | HTTP Request: GET https://kintara.gg/api/servers "HTTP/1.1 200 OK"
2026-08-05 03:48:31,715 | INFO | Molten snapshot updated: Server 28:3, Server 14:2, Server 6:1
2026-08-05 03:48:51,953 | INFO | Molten snapshot updated: Server 28:6, Server 24:2, Server 5:1
2026-08-05 03:49:12,231 | INFO | Molten snapshot updated: Server 28:7, Server 5:1, Server 6:1
2026-08-05 03:49:14,738 | INFO | HTTP Request: GET https://kintara.gg/api/servers "HTTP/1.1 200 OK"
2026-08-05 03:49:33,052 | INFO | Molten snapshot updated: Server 28:8, Server 5:1, Server 6:1
2026-08-05 03:49:53,274 | INFO | Molten snapshot updated: Server 28:10, Server 16:2, Server 5:1
2026-08-05 03:50:17,144 | INFO | HTTP Request: GET https://kintara.gg/api/servers "HTTP/1.1 200 OK"
2026-08-05 03:50:17,161 | INFO | Molten snapshot updated: Server 28:11, Server 5:1, Server 6:1
2026-08-05 03:50:54,746 | INFO | Molten snapshot updated: Server 28:12, Server 5:1, Server 6:1
2026-08-05 03:51:15,201 | INFO | HTTP Request: GET https://kintara.gg/api/servers "HTTP/1.1 200 OK"
2026-08-05 03:51:16,232 | INFO | Molten snapshot updated: Server 28:13, Server 5:1, Server 6:1
2026-08-05 03:51:56,771 | INFO | Molten snapshot updated: Server 28:13, Server 5:2, Server 6:1
2026-08-05 03:52:16,652 | INFO | HTTP Request: GET https://kintara.gg/api/servers "HTTP/1.1 200 OK"
2026-08-05 03:52:17,683 | INFO | Molten snapshot updated: Server 28:13, Server 5:1, Server 6:1
2026-08-05 03:53:16,934 | INFO | HTTP Request: GET https://kintara.gg/api/servers "HTTP/1.1 200 OK"
2026-08-05 03:53:39,328 | INFO | Molten snapshot updated: Server 28:13, Server 5:1, Server 7:1
2026-08-05 03:53:59,567 | INFO | Molten snapshot updated: Server 28:13, Server 5:1, Server 6:1
2026-08-05 03:54:17,048 | INFO | HTTP Request: GET https://kintara.gg/api/servers "HTTP/1.1 200 OK"
2026-08-05 03:54:20,139 | INFO | Molten snapshot updated: Server 28:13, Server 5:1, Server 7:1
2026-08-05 03:55:16,955 | INFO | HTTP Request: GET https://kintara.gg/api/servers "HTTP/1.1 200 OK"
2026-08-05 03:55:41,235 | INFO | Molten snapshot updated: Server 28:14, Server 5:1, Server 7:1
2026-08-05 03:56:01,386 | INFO | Molten snapshot updated: Server 28:13, Server 5:1, Server 7:1
2026-08-05 03:56:17,953 | INFO | HTTP Request: GET https://kintara.gg/api/servers "HTTP/1.1 200 OK"
2026-08-05 03:56:42,286 | INFO | Molten snapshot updated: Server 28:13, Server 30:2, Server 5:1
2026-08-05 03:57:02,444 | INFO | Molten snapshot updated: Server 28:10, Server 30:2, Server 7:1
2026-08-05 03:57:19,323 | INFO | HTTP Request: GET https://kintara.gg/api/servers "HTTP/1.1 200 OK"
2026-08-05 03:57:23,386 | INFO | Molten snapshot updated: Server 28:9, Server 5:1, Server 7:1
2026-08-05 03:57:43,664 | INFO | Molten snapshot updated: Server 28:7, Server 5:1, Server 7:1
2026-08-05 03:58:03,877 | INFO | Molten snapshot updated: Server 28:6, Server 26:2, Server 5:1
2026-08-05 03:58:19,171 | INFO | HTTP Request: GET https://kintara.gg/api/servers "HTTP/1.1 200 OK"
2026-08-05 03:58:24,259 | INFO | Molten snapshot updated: Server 28:6, Server 5:2, Server 26:2
2026-08-05 03:58:44,476 | INFO | Molten snapshot updated: Server 26:3, Server 28:3, Server 5:2
2026-08-05 03:59:04,703 | INFO | Molten snapshot updated: Server 5:2, Server 23:2, Server 26:2
2026-08-05 03:59:21,019 | INFO | HTTP Request: GET https://kintara.gg/api/servers "HTTP/1.1 200 OK"
2026-08-05 03:59:25,059 | INFO | Molten snapshot updated: Server 11:2, Server 24:2, Server 28:2
2026-08-05 04:00:05,475 | INFO | Molten snapshot updated: Server 28:5, Server 6:2, Server 11:2
2026-08-05 04:00:20,221 | INFO | HTTP Request: GET https://kintara.gg/api/servers "HTTP/1.1 200 OK"
2026-08-05 04:00:26,324 | INFO | Molten snapshot updated: Server 28:3, Server 6:2, Server 11:2
2026-08-05 04:00:46,531 | INFO | Molten snapshot updated: Server 6:2, Server 13:2, Server 23:2
2026-08-05 04:01:06,817 | INFO | Molten snapshot updated: Server 6:3, Server 28:3, Server 13:2
2026-08-05 04:01:21,851 | INFO | HTTP Request: GET https://kintara.gg/api/servers "HTTP/1.1 200 OK"
2026-08-05 04:01:26,945 | INFO | Molten snapshot updated: Server 13:3, Server 20:2, Server 23:2
2026-08-05 04:01:47,327 | INFO | Molten snapshot updated: Server 13:8, Server 23:3, Server 5:1
2026-08-05 04:02:07,605 | INFO | Molten snapshot updated: Server 13:8, Server 15:2, Server 23:2
2026-08-05 04:02:21,329 | INFO | HTTP Request: GET https://kintara.gg/api/servers "HTTP/1.1 200 OK"
2026-08-05 04:02:28,481 | INFO | Molten snapshot updated: Server 13:8, Server 7:2, Server 15:2
2026-08-05 04:02:48,758 | INFO | Molten snapshot updated: Server 13:8, Server 9:2, Server 15:2
2026-08-05 04:03:08,911 | INFO | Molten snapshot updated: Server 13:8, Server 15:3, Server 23:2
2026-08-05 04:03:21,963 | INFO | HTTP Request: GET https://kintara.gg/api/servers "HTTP/1.1 200 OK"
2026-08-05 04:03:29,049 | INFO | Molten snapshot updated: Server 13:12, Server 15:3, Server 18:2
2026-08-05 04:03:49,276 | INFO | Molten snapshot updated: Server 15:6, Server 23:2, Server 5:1
2026-08-05 04:04:09,463 | INFO | Molten snapshot updated: Server 13:7, Server 15:3, Server 16:3
2026-08-05 04:04:21,627 | INFO | HTTP Request: GET https://kintara.gg/api/servers "HTTP/1.1 200 OK"
2026-08-05 04:04:29,765 | INFO | Molten snapshot updated: Server 13:4, Server 15:3, Server 9:2
2026-08-05 04:04:50,060 | INFO | Molten snapshot updated: Server 13:4, Server 5:3, Server 15:3
2026-08-05 04:05:10,323 | INFO | Molten snapshot updated: Server 21:5, Server 13:4, Server 15:3
2026-08-05 04:05:22,846 | INFO | HTTP Request: GET https://kintara.gg/api/servers "HTTP/1.1 200 OK"
2026-08-05 04:05:30,933 | INFO | Molten snapshot updated: Server 13:5, Server 21:4, Server 15:3
2026-08-05 04:05:51,176 | INFO | Molten snapshot updated: Server 13:4, Server 15:4, Server 5:2
2026-08-05 04:06:11,372 | INFO | Molten snapshot updated: Server 13:6, Server 15:3, Server 4:1
2026-08-05 04:06:22,672 | INFO | HTTP Request: GET https://kintara.gg/api/servers "HTTP/1.1 200 OK"
2026-08-05 04:06:31,753 | INFO | Molten snapshot updated: Server 13:6, Server 15:3, Server 18:3
2026-08-05 04:06:51,983 | INFO | Molten snapshot updated: Server 13:5, Server 9:3, Server 15:3
2026-08-05 04:07:12,206 | INFO | Molten snapshot updated: Server 13:4, Server 6:3, Server 15:3
2026-08-05 04:07:23,346 | INFO | HTTP Request: GET https://kintara.gg/api/servers "HTTP/1.1 200 OK"
2026-08-05 04:07:32,465 | INFO | Molten snapshot updated: Server 13:4, Server 6:3, Server 15:2
2026-08-05 04:08:12,990 | INFO | Molten snapshot updated: Server 13:4, Server 10:2, Server 15:2
2026-08-05 04:08:24,386 | INFO | HTTP Request: GET https://kintara.gg/api/servers "HTTP/1.1 200 OK"
2026-08-05 04:08:33,479 | INFO | Molten snapshot updated: Server 10:3, Server 15:3, Server 13:2
2026-08-05 04:08:53,703 | INFO | Molten snapshot updated: Server 10:2, Server 14:2, Server 15:2
2026-08-05 04:09:13,862 | INFO | Molten snapshot updated: Server 10:3, Server 14:2, Server 24:2
2026-08-05 04:09:26,225 | INFO | HTTP Request: GET https://kintara.gg/api/servers "HTTP/1.1 200 OK"
2026-08-05 04:09:34,301 | INFO | Molten snapshot updated: Server 14:3, Server 9:2, Server 10:2
2026-08-05 04:09:54,446 | INFO | Molten snapshot updated: Server 14:3, Server 10:2, Server 23:2
2026-08-05 04:10:14,650 | INFO | Molten snapshot updated: Server 14:3, Server 24:3, Server 10:2
2026-08-05 04:10:26,187 | INFO | HTTP Request: GET https://kintara.gg/api/servers "HTTP/1.1 200 OK"
2026-08-05 04:10:36,313 | INFO | Molten snapshot updated: Server 10:2, Server 24:2, Server 5:1
2026-08-05 04:10:56,633 | INFO | Molten snapshot updated: Server 24:3, Server 7:2, Server 5:1
2026-08-05 04:11:16,808 | INFO | Molten snapshot updated: Server 10:2, Server 15:2, Server 5:1
2026-08-05 04:11:26,091 | INFO | HTTP Request: GET https://kintara.gg/api/servers "HTTP/1.1 200 OK"
2026-08-05 04:11:37,302 | INFO | Molten snapshot updated: Server 5:1, Server 6:1, Server 7:1
2026-08-05 04:11:57,603 | INFO | Molten snapshot updated: Server 13:2, Server 4:1, Server 5:1
2026-08-05 04:12:17,838 | INFO | Molten snapshot updated: Server 16:2, Server 4:1, Server 5:1
2026-08-05 04:12:27,092 | INFO | HTTP Request: GET https://kintara.gg/api/servers "HTTP/1.1 200 OK"
2026-08-05 04:12:38,261 | INFO | Molten snapshot updated: Server 4:1, Server 5:1, Server 6:1
2026-08-05 04:13:18,906 | INFO | Molten snapshot updated: Server 17:2, Server 4:1, Server 5:1
2026-08-05 04:13:26,266 | INFO | HTTP Request: GET https://kintara.gg/api/servers "HTTP/1.1 200 OK"
2026-08-05 04:13:39,417 | INFO | Molten snapshot updated: Server 17:3, Server 26:2, Server 4:1
2026-08-05 04:13:59,686 | INFO | Molten snapshot updated: Server 15:2, Server 24:2, Server 4:1
2026-08-05 04:14:19,880 | INFO | Molten snapshot updated: Server 17:2, Server 6:1, Server 7:1
2026-08-05 04:14:39,961 | WARNING | Molten server refresh failed; keeping the current process alive: _ssl.c:1063: The handshake operation timed out
2026-08-05 04:14:42,386 | INFO | HTTP Request: GET https://kintara.gg/api/servers "HTTP/1.1 200 OK"
2026-08-05 04:15:01,606 | INFO | Molten snapshot updated: Server 17:2, Server 5:1, Server 6:1
2026-08-05 04:15:21,810 | INFO | Molten snapshot updated: Server 17:2, Server 6:1, Server 7:1
2026-08-05 04:15:43,219 | INFO | HTTP Request: GET https://kintara.gg/api/servers "HTTP/1.1 200 OK"
2026-08-05 04:15:43,239 | INFO | Molten snapshot updated: Server 6:1, Server 7:1, Server 9:1
2026-08-05 04:16:02,499 | INFO | Molten snapshot updated: Server 15:6, Server 10:2, Server 12:2
2026-08-05 04:16:22,787 | INFO | Molten snapshot updated: Server 10:3, Server 15:2, Server 6:1
2026-08-05 04:16:44,869 | INFO | HTTP Request: GET https://kintara.gg/api/servers "HTTP/1.1 200 OK"
2026-08-05 04:16:44,889 | INFO | Molten snapshot updated: Server 6:6, Server 20:2, Server 7:1
2026-08-05 04:17:03,082 | INFO | Molten snapshot updated: Server 6:8, Server 9:2, Server 30:2
2026-08-05 04:17:23,312 | INFO | Molten snapshot updated: Server 9:5, Server 10:2, Server 18:2
2026-08-05 04:17:45,327 | INFO | HTTP Request: GET https://kintara.gg/api/servers "HTTP/1.1 200 OK"
2026-08-05 04:17:45,345 | INFO | Molten snapshot updated: Server 18:5, Server 9:2, Server 14:2
2026-08-05 04:18:04,553 | INFO | Molten snapshot updated: Server 7:2, Server 9:2, Server 14:2
2026-08-05 04:18:45,578 | INFO | HTTP Request: GET https://kintara.gg/api/servers "HTTP/1.1 200 OK"
2026-08-05 04:18:46,611 | INFO | Molten snapshot updated: Server 14:3, Server 18:3, Server 9:2
2026-08-05 04:19:06,863 | INFO | Molten snapshot updated: Server 9:2, Server 16:2, Server 18:2
2026-08-05 04:19:27,201 | INFO | Molten snapshot updated: Server 7:2, Server 10:2, Server 18:2
2026-08-05 04:19:45,667 | INFO | HTTP Request: GET https://kintara.gg/api/servers "HTTP/1.1 200 OK"
2026-08-05 04:19:47,740 | INFO | Molten snapshot updated: Server 12:2, Server 18:2, Server 27:2
2026-08-05 04:20:07,918 | INFO | Molten snapshot updated: Server 18:3, Server 12:2, Server 6:1
2026-08-05 04:20:28,159 | INFO | Molten snapshot updated: Server 9:2, Server 10:2, Server 18:2
2026-08-05 04:20:47,037 | INFO | HTTP Request: GET https://kintara.gg/api/servers "HTTP/1.1 200 OK"
2026-08-05 04:20:49,057 | INFO | Molten snapshot updated: Server 9:2, Server 11:2, Server 6:1
2026-08-05 04:21:09,245 | INFO | Molten snapshot updated: Server 9:2, Server 6:1, Server 7:1
2026-08-05 04:21:29,484 | INFO | Molten snapshot updated: Server 9:2, Server 14:2, Server 6:1
2026-08-05 04:21:46,938 | INFO | HTTP Request: GET https://kintara.gg/api/servers "HTTP/1.1 200 OK"
2026-08-05 04:21:49,986 | INFO | Molten snapshot updated: Server 14:4, Server 9:2, Server 23:2
2026-08-05 04:22:10,271 | INFO | Molten snapshot updated: Server 14:4, Server 9:2, Server 6:1
2026-08-05 04:22:30,503 | INFO | Molten snapshot updated: Server 14:3, Server 6:1, Server 7:1
2026-08-05 04:22:48,052 | INFO | HTTP Request: GET https://kintara.gg/api/servers "HTTP/1.1 200 OK"
2026-08-05 04:22:51,116 | INFO | Molten snapshot updated: Server 14:2, Server 23:2, Server 6:1
2026-08-05 04:23:11,397 | INFO | Molten snapshot updated: Server 10:2, Server 12:2, Server 27:2
2026-08-05 04:23:31,553 | INFO | Molten snapshot updated: Server 14:4, Server 30:2, Server 4:1
2026-08-05 04:23:49,582 | WARNING | Molten server refresh failed; keeping the current process alive: [SSL: UNEXPECTED_EOF_WHILE_READING] EOF occurred in violation of protocol (_ssl.c:1081)
2026-08-05 04:23:51,607 | INFO | Molten snapshot updated: Server 14:5, Server 6:2, Server 23:2
2026-08-05 04:23:53,931 | INFO | HTTP Request: GET https://kintara.gg/api/servers "HTTP/1.1 200 OK"
2026-08-05 04:24:12,137 | INFO | Molten snapshot updated: Server 14:5, Server 11:2, Server 23:2
2026-08-05 04:24:32,457 | INFO | Molten snapshot updated: Server 14:5, Server 11:2, Server 6:1
2026-08-05 04:24:56,173 | INFO | HTTP Request: GET https://kintara.gg/api/servers "HTTP/1.1 200 OK"
2026-08-05 04:24:56,187 | INFO | Molten snapshot updated: Server 14:5, Server 6:2, Server 11:2
2026-08-05 04:25:13,425 | INFO | Molten snapshot updated: Server 14:5, Server 11:2, Server 6:1
2026-08-05 04:25:33,626 | INFO | Molten snapshot updated: Server 14:6, Server 11:2, Server 27:2
2026-08-05 04:25:53,941 | INFO | HTTP Request: GET https://kintara.gg/api/servers "HTTP/1.1 200 OK"
2026-08-05 04:25:54,975 | INFO | Molten snapshot updated: Server 14:6, Server 27:3, Server 11:2
2026-08-05 04:26:15,136 | INFO | Molten snapshot updated: Server 14:6, Server 11:2, Server 29:2
2026-08-05 04:26:35,441 | INFO | Molten snapshot updated: Server 14:6, Server 11:2, Server 23:2
2026-08-05 04:26:55,296 | INFO | HTTP Request: GET https://kintara.gg/api/servers "HTTP/1.1 200 OK"
2026-08-05 04:26:56,327 | INFO | Molten snapshot updated: Server 14:7, Server 11:2, Server 19:2
2026-08-05 04:27:36,813 | INFO | Molten snapshot updated: Server 14:7, Server 11:2, Server 12:2
2026-08-05 04:27:55,342 | INFO | HTTP Request: GET https://kintara.gg/api/servers "HTTP/1.1 200 OK"
2026-08-05 04:28:17,611 | INFO | Molten snapshot updated: Server 14:7, Server 21:2, Server 5:1
2026-08-05 04:28:37,832 | INFO | Molten snapshot updated: Server 14:8, Server 21:2, Server 5:1
2026-08-05 04:28:56,260 | INFO | HTTP Request: GET https://kintara.gg/api/servers "HTTP/1.1 200 OK"
2026-08-05 04:28:58,291 | INFO | Molten snapshot updated: Server 14:8, Server 21:2, Server 30:2
2026-08-05 04:29:18,565 | INFO | Molten snapshot updated: Server 14:8, Server 21:2, Server 23:2
2026-08-05 04:29:56,745 | INFO | HTTP Request: GET https://kintara.gg/api/servers "HTTP/1.1 200 OK"
2026-08-05 04:30:20,212 | INFO | Molten snapshot updated: Server 14:8, Server 21:2, Server 27:2
2026-08-05 04:30:40,410 | INFO | Molten snapshot updated: Server 14:8, Server 21:2, Server 5:1
2026-08-05 04:30:56,684 | INFO | HTTP Request: GET https://kintara.gg/api/servers "HTTP/1.1 200 OK"
2026-08-05 04:31:20,963 | INFO | Molten snapshot updated: Server 14:8, Server 6:2, Server 21:2
2026-08-05 04:31:41,233 | INFO | Molten snapshot updated: Server 21:2, Server 5:1, Server 6:1
2026-08-05 04:31:58,225 | INFO | HTTP Request: GET https://kintara.gg/api/servers "HTTP/1.1 200 OK"
2026-08-05 04:32:01,253 | INFO | Molten snapshot updated: Server 14:10, Server 21:3, Server 5:1
2026-08-05 04:32:41,663 | INFO | Molten snapshot updated: Server 14:10, Server 21:2, Server 4:1
2026-08-05 04:32:57,927 | INFO | HTTP Request: GET https://kintara.gg/api/servers "HTTP/1.1 200 OK"
2026-08-05 04:33:01,971 | INFO | Molten snapshot updated: Server 14:9, Server 20:2, Server 5:1
2026-08-05 04:33:22,214 | INFO | Molten snapshot updated: Server 14:12, Server 5:1, Server 6:1
2026-08-05 04:33:59,214 | INFO | HTTP Request: GET https://kintara.gg/api/servers "HTTP/1.1 200 OK"
2026-08-05 04:34:03,333 | INFO | Molten snapshot updated: Server 14:12, Server 21:2, Server 5:1
2026-08-05 04:34:43,745 | INFO | Molten snapshot updated: Server 14:7, Server 5:2, Server 21:2
2026-08-05 04:34:59,858 | INFO | HTTP Request: GET https://kintara.gg/api/servers "HTTP/1.1 200 OK"
2026-08-05 04:35:03,887 | INFO | Molten snapshot updated: Server 14:5, Server 21:2, Server 5:1
2026-08-05 04:35:24,177 | INFO | Molten snapshot updated: Server 14:3, Server 21:2, Server 5:1
2026-08-05 04:35:44,395 | INFO | Molten snapshot updated: Server 14:3, Server 11:2, Server 21:2
2026-08-05 04:35:59,804 | INFO | HTTP Request: GET https://kintara.gg/api/servers "HTTP/1.1 200 OK"
2026-08-05 04:36:04,920 | INFO | Molten snapshot updated: Server 14:5, Server 21:3, Server 12:2
2026-08-05 04:36:25,152 | INFO | Molten snapshot updated: Server 14:5, Server 5:2, Server 21:2
2026-08-05 04:36:45,270 | INFO | Molten snapshot updated: Server 14:4, Server 5:2, Server 21:2
2026-08-05 04:37:00,578 | INFO | HTTP Request: GET https://kintara.gg/api/servers "HTTP/1.1 200 OK"
2026-08-05 04:37:05,652 | INFO | Molten snapshot updated: Server 14:6, Server 5:3, Server 6:1
2026-08-05 04:37:25,937 | INFO | Molten snapshot updated: Server 14:6, Server 9:2, Server 5:1
2026-08-05 04:37:46,215 | INFO | Molten snapshot updated: Server 14:5, Server 9:2, Server 5:1
2026-08-05 04:38:00,628 | INFO | HTTP Request: GET https://kintara.gg/api/servers "HTTP/1.1 200 OK"
2026-08-05 04:38:06,667 | INFO | Molten snapshot updated: Server 14:5, Server 9:2, Server 23:2
2026-08-05 04:38:26,784 | INFO | Molten snapshot updated: Server 14:4, Server 23:4, Server 9:2
2026-08-05 04:38:47,082 | INFO | Molten snapshot updated: Server 23:4, Server 9:2, Server 14:2
2026-08-05 04:39:01,547 | INFO | HTTP Request: GET https://kintara.gg/api/servers "HTTP/1.1 200 OK"
2026-08-05 04:39:27,867 | INFO | Molten snapshot updated: Server 23:5, Server 9:2, Server 11:2
2026-08-05 04:39:48,139 | INFO | Molten snapshot updated: Server 23:6, Server 11:2, Server 14:2
2026-08-05 04:40:04,225 | WARNING | Molten server refresh failed; keeping the current process alive: [SSL: UNEXPECTED_EOF_WHILE_READING] EOF occurred in violation of protocol (_ssl.c:1081)
2026-08-05 04:40:08,362 | INFO | HTTP Request: GET https://kintara.gg/api/servers "HTTP/1.1 200 OK"
2026-08-05 04:40:09,389 | INFO | Molten snapshot updated: Server 23:7, Server 14:3, Server 30:2
2026-08-05 04:40:29,597 | INFO | Molten snapshot updated: Server 23:7, Server 30:2, Server 5:1
2026-08-05 04:40:49,804 | INFO | Molten snapshot updated: Server 23:7, Server 14:4, Server 30:2
2026-08-05 04:41:10,271 | INFO | HTTP Request: GET https://kintara.gg/api/servers "HTTP/1.1 200 OK"
2026-08-05 04:41:11,299 | INFO | Molten snapshot updated: Server 23:8, Server 14:3, Server 11:2
2026-08-05 04:41:31,439 | INFO | Molten snapshot updated: Server 14:3, Server 23:2, Server 30:2
2026-08-05 04:41:51,652 | INFO | Molten snapshot updated: Server 14:3, Server 30:2, Server 5:1
2026-08-05 04:42:09,075 | INFO | HTTP Request: GET https://kintara.gg/api/servers "HTTP/1.1 200 OK"
2026-08-05 04:42:12,120 | INFO | Molten snapshot updated: Server 14:3, Server 5:2, Server 23:2
2026-08-05 04:42:32,310 | INFO | Molten snapshot updated: Server 14:4, Server 11:2, Server 30:2
2026-08-05 04:42:52,603 | INFO | Molten snapshot updated: Server 14:3, Server 11:2, Server 19:2
2026-08-05 04:43:11,313 | INFO | HTTP Request: GET https://kintara.gg/api/servers "HTTP/1.1 200 OK"
2026-08-05 04:43:13,360 | INFO | Molten snapshot updated: Server 11:3, Server 14:2, Server 19:2
2026-08-05 04:43:33,519 | INFO | Molten snapshot updated: Server 19:3, Server 26:3, Server 10:2
2026-08-05 04:43:53,702 | INFO | Molten snapshot updated: Server 19:3, Server 26:3, Server 11:2
2026-08-05 04:44:09,948 | INFO | HTTP Request: GET https://kintara.gg/api/servers "HTTP/1.1 200 OK"
2026-08-05 04:44:13,997 | INFO | Molten snapshot updated: Server 19:3, Server 11:2, Server 14:2
2026-08-05 04:44:54,452 | INFO | Molten snapshot updated: Server 19:3, Server 11:2, Server 30:2
2026-08-05 04:45:12,597 | INFO | HTTP Request: GET https://kintara.gg/api/servers "HTTP/1.1 200 OK"
2026-08-05 04:45:14,636 | INFO | Molten snapshot updated: Server 19:3, Server 11:2, Server 23:2
2026-08-05 04:45:34,878 | INFO | Molten snapshot updated: Server 19:4, Server 11:2, Server 5:1
2026-08-05 04:45:55,095 | INFO | Molten snapshot updated: Server 19:6, Server 11:2, Server 5:1
2026-08-05 04:46:11,777 | INFO | HTTP Request: GET https://kintara.gg/api/servers "HTTP/1.1 200 OK"
2026-08-05 04:47:11,470 | INFO | HTTP Request: GET https://kintara.gg/api/servers "HTTP/1.1 200 OK"
2026-08-05 04:47:16,516 | INFO | Molten snapshot updated: Server 19:7, Server 11:2, Server 12:2
2026-08-05 04:47:56,944 | INFO | Molten snapshot updated: Server 19:9, Server 11:2, Server 12:2
2026-08-05 04:48:12,399 | INFO | HTTP Request: GET https://kintara.gg/api/servers "HTTP/1.1 200 OK"
2026-08-05 04:49:14,021 | INFO | HTTP Request: GET https://kintara.gg/api/servers "HTTP/1.1 200 OK"
2026-08-05 04:49:18,074 | INFO | Molten snapshot updated: Server 19:9, Server 11:2, Server 5:1
2026-08-05 04:49:38,320 | INFO | Molten snapshot updated: Server 19:9, Server 5:1, Server 6:1
2026-08-05 04:50:15,576 | INFO | HTTP Request: GET https://kintara.gg/api/servers "HTTP/1.1 200 OK"
2026-08-05 04:50:59,053 | INFO | Molten snapshot updated: Server 19:9, Server 5:1, Server 7:1
2026-08-05 04:51:14,309 | INFO | HTTP Request: GET https://kintara.gg/api/servers "HTTP/1.1 200 OK"
2026-08-05 04:51:39,586 | INFO | Molten snapshot updated: Server 19:9, Server 5:1, Server 6:1
2026-08-05 04:51:59,786 | INFO | Molten snapshot updated: Server 19:9, Server 8:2, Server 6:1
2026-08-05 04:52:15,737 | INFO | HTTP Request: GET https://kintara.gg/api/servers "HTTP/1.1 200 OK"
2026-08-05 04:52:20,813 | INFO | Molten snapshot updated: Server 19:9, Server 6:1, Server 7:1
2026-08-05 04:53:15,678 | INFO | HTTP Request: GET https://kintara.gg/api/servers "HTTP/1.1 200 OK"
2026-08-05 04:53:21,752 | INFO | Molten snapshot updated: Server 19:10, Server 6:1, Server 7:1
2026-08-05 04:54:17,516 | INFO | HTTP Request: GET https://kintara.gg/api/servers "HTTP/1.1 200 OK"
2026-08-05 04:55:03,069 | INFO | Molten snapshot updated: Server 19:9, Server 6:1, Server 7:1
2026-08-05 04:55:17,643 | INFO | HTTP Request: GET https://kintara.gg/api/servers "HTTP/1.1 200 OK"
2026-08-05 04:55:23,863 | INFO | Molten snapshot updated: Server 19:10, Server 6:1, Server 7:1
2026-08-05 04:56:04,356 | INFO | Molten snapshot updated: Server 19:11, Server 6:1, Server 7:1
2026-08-05 04:56:17,787 | INFO | HTTP Request: GET https://kintara.gg/api/servers "HTTP/1.1 200 OK"
2026-08-05 04:57:18,696 | INFO | HTTP Request: GET https://kintara.gg/api/servers "HTTP/1.1 200 OK"
2026-08-05 04:57:25,779 | INFO | Molten snapshot updated: Server 19:10, Server 6:1, Server 7:1
2026-08-05 04:58:18,747 | INFO | HTTP Request: GET https://kintara.gg/api/servers "HTTP/1.1 200 OK"
2026-08-05 04:58:26,839 | INFO | Molten snapshot updated: Server 19:11, Server 6:1, Server 7:1
2026-08-05 04:58:47,087 | INFO | Molten snapshot updated: Server 19:12, Server 6:1, Server 7:1
2026-08-05 04:59:07,378 | INFO | Molten snapshot updated: Server 19:10, Server 6:1, Server 7:1
2026-08-05 04:59:19,736 | INFO | HTTP Request: GET https://kintara.gg/api/servers "HTTP/1.1 200 OK"
2026-08-05 04:59:27,828 | INFO | Molten snapshot updated: Server 19:11, Server 6:1, Server 7:1
2026-08-05 04:59:48,060 | INFO | Molten snapshot updated: Server 19:12, Server 6:1, Server 7:1
2026-08-05 05:00:21,244 | INFO | HTTP Request: GET https://kintara.gg/api/servers "HTTP/1.1 200 OK"
2026-08-05 05:00:48,733 | INFO | Molten snapshot updated: Server 19:13, Server 6:1, Server 7:1
2026-08-05 05:01:12,978 | INFO | Molten snapshot updated: Server 6:1, Server 7:1, Server 8:1
2026-08-05 05:01:21,136 | INFO | HTTP Request: GET https://kintara.gg/api/servers "HTTP/1.1 200 OK"
2026-08-05 05:01:33,276 | INFO | Molten snapshot updated: Server 19:13, Server 26:2, Server 6:1
2026-08-05 05:01:53,465 | INFO | Molten snapshot updated: Server 19:13, Server 7:1, Server 8:1
2026-08-05 05:02:22,091 | INFO | HTTP Request: GET https://kintara.gg/api/servers "HTTP/1.1 200 OK"
2026-08-05 05:02:34,282 | INFO | Molten snapshot updated: Server 19:13, Server 6:1, Server 7:1
2026-08-05 05:03:21,891 | INFO | HTTP Request: GET https://kintara.gg/api/servers "HTTP/1.1 200 OK"
2026-08-05 05:03:35,036 | INFO | Molten snapshot updated: Server 19:14, Server 6:1, Server 7:1
2026-08-05 05:03:55,243 | INFO | Molten snapshot updated: Server 19:7, Server 6:1, Server 7:1
2026-08-05 05:04:15,462 | INFO | Molten snapshot updated: Server 19:4, Server 6:1, Server 7:1
2026-08-05 05:04:22,781 | INFO | HTTP Request: GET https://kintara.gg/api/servers "HTTP/1.1 200 OK"
2026-08-05 05:04:35,919 | INFO | Molten snapshot updated: Server 19:3, Server 6:2, Server 7:1
2026-08-05 05:04:56,060 | INFO | Molten snapshot updated: Server 19:2, Server 6:1, Server 7:1
2026-08-05 05:05:16,216 | INFO | Molten snapshot updated: Server 6:1, Server 7:1, Server 8:1
2026-08-05 05:05:23,792 | INFO | HTTP Request: GET https://kintara.gg/api/servers "HTTP/1.1 200 OK"
2026-08-05 05:05:36,957 | INFO | Molten snapshot updated: Server 10:2, Server 12:2, Server 6:1
2026-08-05 05:05:57,144 | INFO | Molten snapshot updated: Server 6:1, Server 7:1, Server 8:1
2026-08-05 05:06:17,447 | INFO | Molten snapshot updated: Server 8:2, Server 12:2, Server 19:2
2026-08-05 05:06:23,844 | INFO | HTTP Request: GET https://kintara.gg/api/servers "HTTP/1.1 200 OK"
2026-08-05 05:06:38,016 | INFO | Molten snapshot updated: Server 12:2, Server 16:2, Server 19:2
2026-08-05 05:06:58,219 | INFO | Molten snapshot updated: Server 12:2, Server 19:2, Server 6:1
2026-08-05 05:07:25,889 | INFO | HTTP Request: GET https://kintara.gg/api/servers "HTTP/1.1 200 OK"
2026-08-05 05:07:39,051 | INFO | Molten snapshot updated: Server 12:3, Server 19:3, Server 6:1
2026-08-05 05:07:59,291 | INFO | Molten snapshot updated: Server 12:2, Server 19:2, Server 6:1
2026-08-05 05:08:19,625 | INFO | Molten snapshot updated: Server 18:4, Server 12:2, Server 19:2
2026-08-05 05:08:25,160 | INFO | HTTP Request: GET https://kintara.gg/api/servers "HTTP/1.1 200 OK"
2026-08-05 05:08:40,301 | INFO | Molten snapshot updated: Server 18:4, Server 19:3, Server 6:2
2026-08-05 05:09:00,599 | INFO | Molten snapshot updated: Server 18:4, Server 19:4, Server 23:3
2026-08-05 05:09:20,796 | INFO | Molten snapshot updated: Server 18:4, Server 19:4, Server 6:2
2026-08-05 05:09:25,422 | INFO | HTTP Request: GET https://kintara.gg/api/servers "HTTP/1.1 200 OK"
2026-08-05 05:09:41,644 | INFO | Molten snapshot updated: Server 18:5, Server 19:4, Server 29:2
2026-08-05 05:10:01,959 | INFO | Molten snapshot updated: Server 18:6, Server 19:3, Server 12:2
2026-08-05 05:10:25,364 | INFO | HTTP Request: GET https://kintara.gg/api/servers "HTTP/1.1 200 OK"
2026-08-05 05:10:42,556 | INFO | Molten snapshot updated: Server 18:6, Server 19:3, Server 10:2
2026-08-05 05:11:02,777 | INFO | Molten snapshot updated: Server 18:6, Server 19:4, Server 12:3
2026-08-05 05:11:23,046 | INFO | Molten snapshot updated: Server 18:6, Server 12:3, Server 19:3
2026-08-05 05:11:26,574 | INFO | HTTP Request: GET https://kintara.gg/api/servers "HTTP/1.1 200 OK"
2026-08-05 05:11:43,801 | INFO | Molten snapshot updated: Server 18:6, Server 19:3, Server 12:2
2026-08-05 05:12:24,269 | INFO | Molten snapshot updated: Server 18:6, Server 12:2, Server 19:2
2026-08-05 05:12:26,492 | INFO | HTTP Request: GET https://kintara.gg/api/servers "HTTP/1.1 200 OK"
2026-08-05 05:12:44,640 | INFO | Molten snapshot updated: Server 18:7, Server 12:2, Server 19:2
2026-08-05 05:13:25,147 | INFO | Molten snapshot updated: Server 18:9, Server 19:3, Server 12:2
2026-08-05 05:13:27,407 | INFO | HTTP Request: GET https://kintara.gg/api/servers "HTTP/1.1 200 OK"
2026-08-05 05:13:45,583 | INFO | Molten snapshot updated: Server 18:9, Server 12:2, Server 6:1
2026-08-05 05:14:05,738 | INFO | Molten snapshot updated: Server 18:9, Server 27:2, Server 29:2
2026-08-05 05:14:25,998 | INFO | Molten snapshot updated: Server 18:9, Server 27:2, Server 6:1
2026-08-05 05:14:28,130 | INFO | HTTP Request: GET https://kintara.gg/api/servers "HTTP/1.1 200 OK"
2026-08-05 05:14:46,329 | INFO | Molten snapshot updated: Server 18:11, Server 12:2, Server 27:2
2026-08-05 05:15:26,720 | INFO | Molten snapshot updated: Server 18:11, Server 10:3, Server 12:2
2026-08-05 05:15:28,828 | INFO | HTTP Request: GET https://kintara.gg/api/servers "HTTP/1.1 200 OK"
2026-08-05 05:15:47,010 | INFO | Molten snapshot updated: Server 18:11, Server 10:3, Server 8:2
2026-08-05 05:16:07,173 | INFO | Molten snapshot updated: Server 18:12, Server 10:3, Server 12:2
2026-08-05 05:16:27,355 | INFO | Molten snapshot updated: Server 18:12, Server 10:3, Server 5:1
2026-08-05 05:16:29,576 | INFO | HTTP Request: GET https://kintara.gg/api/servers "HTTP/1.1 200 OK"
2026-08-05 05:16:47,813 | INFO | Molten snapshot updated: Server 18:11, Server 10:3, Server 6:2
2026-08-05 05:17:08,094 | INFO | Molten snapshot updated: Server 18:11, Server 10:3, Server 7:2
2026-08-05 05:17:29,658 | INFO | HTTP Request: GET https://kintara.gg/api/servers "HTTP/1.1 200 OK"
2026-08-05 05:17:29,678 | INFO | Molten snapshot updated: Server 18:12, Server 10:3, Server 19:2
2026-08-05 05:17:48,882 | INFO | Molten snapshot updated: Server 18:12, Server 23:3, Server 10:2
2026-08-05 05:18:11,182 | INFO | Molten snapshot updated: Server 18:12, Server 10:2, Server 6:1
2026-08-05 05:18:30,906 | INFO | HTTP Request: GET https://kintara.gg/api/servers "HTTP/1.1 200 OK"
2026-08-05 05:18:31,927 | INFO | Molten snapshot updated: Server 18:11, Server 14:3, Server 10:2
2026-08-05 05:18:52,180 | INFO | Molten snapshot updated: Server 18:11, Server 10:2, Server 13:2
2026-08-05 05:19:12,434 | INFO | Molten snapshot updated: Server 18:7, Server 10:2, Server 13:2
2026-08-05 05:19:31,122 | INFO | HTTP Request: GET https://kintara.gg/api/servers "HTTP/1.1 200 OK"
2026-08-05 05:19:33,152 | INFO | Molten snapshot updated: Server 18:3, Server 6:2, Server 7:2
2026-08-05 05:19:53,408 | INFO | Molten snapshot updated: Server 7:2, Server 14:2, Server 19:2
2026-08-05 05:20:13,684 | INFO | Molten snapshot updated: Server 11:2, Server 18:2, Server 19:2
2026-08-05 05:20:31,024 | INFO | HTTP Request: GET https://kintara.gg/api/servers "HTTP/1.1 200 OK"
2026-08-05 05:20:34,056 | INFO | Molten snapshot updated: Server 18:2, Server 19:2, Server 4:1
2026-08-05 05:21:14,396 | INFO | Molten snapshot updated: Server 16:2, Server 18:2, Server 19:2
2026-08-05 05:21:31,555 | INFO | HTTP Request: GET https://kintara.gg/api/servers "HTTP/1.1 200 OK"
2026-08-05 05:21:34,585 | INFO | Molten snapshot updated: Server 9:3, Server 19:2, Server 4:1
2026-08-05 05:21:54,774 | INFO | Molten snapshot updated: Server 9:5, Server 19:2, Server 4:1
2026-08-05 05:22:32,533 | INFO | HTTP Request: GET https://kintara.gg/api/servers "HTTP/1.1 200 OK"
2026-08-05 05:22:35,558 | INFO | Molten snapshot updated: Server 9:6, Server 19:2, Server 4:1
2026-08-05 05:22:55,703 | INFO | Molten snapshot updated: Server 9:6, Server 19:2, Server 24:2
2026-08-05 05:23:15,903 | INFO | Molten snapshot updated: Server 9:6, Server 19:3, Server 24:2
2026-08-05 05:23:33,611 | INFO | HTTP Request: GET https://kintara.gg/api/servers "HTTP/1.1 200 OK"
2026-08-05 05:23:36,656 | INFO | Molten snapshot updated: Server 19:2, Server 20:2, Server 4:1
2026-08-05 05:23:56,915 | INFO | Molten snapshot updated: Server 9:6, Server 19:2, Server 4:1
2026-08-05 05:24:17,161 | INFO | Molten snapshot updated: Server 9:7, Server 18:2, Server 19:2
2026-08-05 05:24:33,621 | INFO | HTTP Request: GET https://kintara.gg/api/servers "HTTP/1.1 200 OK"
2026-08-05 05:24:37,684 | INFO | Molten snapshot updated: Server 9:7, Server 19:2, Server 4:1
2026-08-05 05:24:57,940 | INFO | Molten snapshot updated: Server 9:7, Server 4:2, Server 16:2
2026-08-05 05:25:18,134 | INFO | Molten snapshot updated: Server 9:8, Server 14:3, Server 19:3
2026-08-05 05:25:34,788 | INFO | HTTP Request: GET https://kintara.gg/api/servers "HTTP/1.1 200 OK"
2026-08-05 05:25:38,874 | INFO | Molten snapshot updated: Server 9:8, Server 19:3, Server 11:2
2026-08-05 05:25:59,083 | INFO | Molten snapshot updated: Server 9:8, Server 11:2, Server 19:2
2026-08-05 05:26:19,310 | INFO | Molten snapshot updated: Server 9:10, Server 4:1, Server 6:1
2026-08-05 05:26:34,734 | INFO | HTTP Request: GET https://kintara.gg/api/servers "HTTP/1.1 200 OK"
2026-08-05 05:26:39,805 | INFO | Molten snapshot updated: Server 9:9, Server 7:1, Server 8:1
2026-08-05 05:26:59,984 | INFO | Molten snapshot updated: Server 9:8, Server 6:1, Server 7:1
2026-08-05 05:27:25,233 | INFO | Molten snapshot updated: Server 9:6, Server 6:1, Server 7:1
2026-08-05 05:27:35,505 | INFO | HTTP Request: GET https://kintara.gg/api/servers "HTTP/1.1 200 OK"
2026-08-05 05:27:45,628 | INFO | Molten snapshot updated: Server 9:4, Server 23:2, Server 6:1
2026-08-05 05:28:05,861 | INFO | Molten snapshot updated: Server 9:3, Server 11:2, Server 12:2
2026-08-05 05:28:26,142 | INFO | Molten snapshot updated: Server 9:3, Server 15:2, Server 6:1
2026-08-05 05:28:36,908 | INFO | HTTP Request: GET https://kintara.gg/api/servers "HTTP/1.1 200 OK"
2026-08-05 05:28:47,040 | INFO | Molten snapshot updated: Server 9:4, Server 15:3, Server 19:2
2026-08-05 05:29:07,237 | INFO | Molten snapshot updated: Server 15:4, Server 9:3, Server 19:3
2026-08-05 05:29:27,453 | INFO | Molten snapshot updated: Server 15:4, Server 9:3, Server 19:2
2026-08-05 05:29:37,213 | INFO | HTTP Request: GET https://kintara.gg/api/servers "HTTP/1.1 200 OK"
2026-08-05 05:29:48,288 | INFO | Molten snapshot updated: Server 15:3, Server 14:2, Server 19:2
2026-08-05 05:30:08,492 | INFO | Molten snapshot updated: Server 9:4, Server 15:4, Server 19:2
2026-08-05 05:30:28,693 | INFO | Molten snapshot updated: Server 15:6, Server 9:4, Server 19:2
2026-08-05 05:30:36,961 | INFO | HTTP Request: GET https://kintara.gg/api/servers "HTTP/1.1 200 OK"
2026-08-05 05:31:09,314 | INFO | Molten snapshot updated: Server 15:6, Server 9:3, Server 4:1
2026-08-05 05:31:29,673 | INFO | Molten snapshot updated: Server 15:6, Server 9:4, Server 4:1
2026-08-05 05:31:37,895 | INFO | HTTP Request: GET https://kintara.gg/api/servers "HTTP/1.1 200 OK"
2026-08-05 05:31:50,030 | INFO | Molten snapshot updated: Server 15:6, Server 9:4, Server 12:2
2026-08-05 05:32:10,305 | INFO | Molten snapshot updated: Server 15:6, Server 9:5, Server 14:2
2026-08-05 05:32:30,493 | INFO | Molten snapshot updated: Server 15:6, Server 9:4, Server 14:2
2026-08-05 05:32:39,061 | INFO | HTTP Request: GET https://kintara.gg/api/servers "HTTP/1.1 200 OK"
2026-08-05 05:33:11,528 | INFO | Molten snapshot updated: Server 15:6, Server 9:4, Server 6:2
2026-08-05 05:33:31,745 | INFO | Molten snapshot updated: Server 15:6, Server 9:3, Server 14:2
2026-08-05 05:33:38,861 | INFO | HTTP Request: GET https://kintara.gg/api/servers "HTTP/1.1 200 OK"
2026-08-05 05:33:52,035 | INFO | Molten snapshot updated: Server 15:6, Server 14:3, Server 9:2
2026-08-05 05:34:12,209 | INFO | Molten snapshot updated: Server 15:8, Server 9:2, Server 14:2
2026-08-05 05:34:39,796 | INFO | HTTP Request: GET https://kintara.gg/api/servers "HTTP/1.1 200 OK"
2026-08-05 05:34:52,948 | INFO | Molten snapshot updated: Server 15:8, Server 9:3, Server 14:3
2026-08-05 05:35:13,143 | INFO | Molten snapshot updated: Server 15:9, Server 9:2, Server 14:2
2026-08-05 05:35:33,371 | INFO | Molten snapshot updated: Server 15:8, Server 9:3, Server 14:2
2026-08-05 05:35:40,638 | INFO | HTTP Request: GET https://kintara.gg/api/servers "HTTP/1.1 200 OK"
2026-08-05 05:35:53,838 | INFO | Molten snapshot updated: Server 15:9, Server 9:2, Server 14:2
2026-08-05 05:36:14,148 | INFO | Molten snapshot updated: Server 15:9, Server 14:3, Server 9:2
2026-08-05 05:36:34,315 | INFO | Molten snapshot updated: Server 15:9, Server 14:4, Server 9:2
2026-08-05 05:36:41,583 | INFO | HTTP Request: GET https://kintara.gg/api/servers "HTTP/1.1 200 OK"
2026-08-05 05:36:54,737 | INFO | Molten snapshot updated: Server 15:9, Server 14:4, Server 11:2
2026-08-05 05:37:15,000 | INFO | Molten snapshot updated: Server 15:9, Server 14:4, Server 4:1
2026-08-05 05:37:35,197 | INFO | Molten snapshot updated: Server 15:9, Server 14:4, Server 19:2
2026-08-05 05:37:42,554 | INFO | HTTP Request: GET https://kintara.gg/api/servers "HTTP/1.1 200 OK"
2026-08-05 05:37:55,748 | INFO | Molten snapshot updated: Server 15:9, Server 14:5, Server 4:1
2026-08-05 05:38:15,919 | INFO | Molten snapshot updated: Server 15:9, Server 14:5, Server 7:2
2026-08-05 05:38:36,173 | INFO | Molten snapshot updated: Server 15:10, Server 14:5, Server 6:2
2026-08-05 05:38:43,520 | INFO | HTTP Request: GET https://kintara.gg/api/servers "HTTP/1.1 200 OK"
2026-08-05 05:39:16,870 | INFO | Molten snapshot updated: Server 15:10, Server 14:6, Server 6:2
2026-08-05 05:39:44,498 | INFO | HTTP Request: GET https://kintara.gg/api/servers "HTTP/1.1 200 OK"
2026-08-05 05:40:17,959 | INFO | Molten snapshot updated: Server 15:11, Server 14:6, Server 6:2
2026-08-05 05:40:38,305 | INFO | Molten snapshot updated: Server 15:12, Server 14:6, Server 6:2
2026-08-05 05:40:58,376 | WARNING | Molten server refresh failed; keeping the current process alive: _ssl.c:1063: The handshake operation timed out
2026-08-05 05:41:00,886 | INFO | HTTP Request: GET https://kintara.gg/api/servers "HTTP/1.1 200 OK"
2026-08-05 05:41:00,987 | INFO | Molten snapshot updated: Server 15:12, Server 14:6, Server 6:3
2026-08-05 05:41:20,237 | INFO | Molten snapshot updated: Server 15:12, Server 14:6, Server 7:3
2026-08-05 05:42:01,374 | INFO | HTTP Request: GET https://kintara.gg/api/servers "HTTP/1.1 200 OK"
2026-08-05 05:42:02,399 | INFO | Molten snapshot updated: Server 15:12, Server 14:6, Server 7:4
2026-08-05 05:42:22,619 | INFO | Molten snapshot updated: Server 15:12, Server 7:6, Server 14:6
2026-08-05 05:42:42,817 | INFO | Molten snapshot updated: Server 15:12, Server 14:7, Server 7:6
2026-08-05 05:43:01,421 | INFO | HTTP Request: GET https://kintara.gg/api/servers "HTTP/1.1 200 OK"
2026-08-05 05:43:44,007 | INFO | Molten snapshot updated: Server 15:11, Server 14:7, Server 7:6
2026-08-05 05:44:01,288 | INFO | HTTP Request: GET https://kintara.gg/api/servers "HTTP/1.1 200 OK"
2026-08-05 05:44:24,667 | INFO | Molten snapshot updated: Server 15:12, Server 14:7, Server 7:6
2026-08-05 05:44:44,939 | INFO | Molten snapshot updated: Server 15:12, Server 14:8, Server 7:6
2026-08-05 05:45:02,639 | INFO | HTTP Request: GET https://kintara.gg/api/servers "HTTP/1.1 200 OK"
2026-08-05 05:45:05,685 | INFO | Molten snapshot updated: Server 15:11, Server 14:8, Server 7:6
2026-08-05 05:45:26,033 | INFO | Molten snapshot updated: Server 15:13, Server 14:8, Server 7:6
2026-08-05 05:45:46,245 | INFO | Molten snapshot updated: Server 15:10, Server 14:8, Server 7:6
2026-08-05 05:46:03,026 | INFO | HTTP Request: GET https://kintara.gg/api/servers "HTTP/1.1 200 OK"
2026-08-05 05:46:07,080 | INFO | Molten snapshot updated: Server 14:8, Server 15:8, Server 7:6
2026-08-05 05:47:03,402 | INFO | HTTP Request: GET https://kintara.gg/api/servers "HTTP/1.1 200 OK"
2026-08-05 05:47:07,469 | INFO | Molten snapshot updated: Server 15:9, Server 14:8, Server 7:6
2026-08-05 05:48:03,369 | INFO | HTTP Request: GET https://kintara.gg/api/servers "HTTP/1.1 200 OK"
2026-08-05 05:48:08,457 | INFO | Molten snapshot updated: Server 15:10, Server 14:8, Server 7:6
2026-08-05 05:48:28,774 | INFO | Molten snapshot updated: Server 15:10, Server 14:8, Server 7:5
2026-08-05 05:48:49,072 | INFO | Molten snapshot updated: Server 15:11, Server 14:8, Server 7:5
2026-08-05 05:49:03,719 | INFO | HTTP Request: GET https://kintara.gg/api/servers "HTTP/1.1 200 OK"
2026-08-05 05:50:03,723 | INFO | HTTP Request: GET https://kintara.gg/api/servers "HTTP/1.1 200 OK"
2026-08-05 05:51:04,815 | INFO | HTTP Request: GET https://kintara.gg/api/servers "HTTP/1.1 200 OK"
2026-08-05 05:52:04,632 | INFO | HTTP Request: GET https://kintara.gg/api/servers "HTTP/1.1 200 OK"
2026-08-05 05:52:12,842 | INFO | Molten snapshot updated: Server 15:11, Server 14:7, Server 7:5
2026-08-05 05:52:33,124 | INFO | Molten snapshot updated: Server 15:11, Server 14:8, Server 7:5
2026-08-05 05:52:53,354 | INFO | Molten snapshot updated: Server 15:11, Server 14:9, Server 7:5
2026-08-05 05:53:04,812 | INFO | HTTP Request: GET https://kintara.gg/api/servers "HTTP/1.1 200 OK"
2026-08-05 05:53:34,126 | INFO | Molten snapshot updated: Server 15:11, Server 14:9, Server 29:4
2026-08-05 05:53:54,340 | INFO | Molten snapshot updated: Server 15:10, Server 14:9, Server 7:5
2026-08-05 05:54:06,895 | INFO | HTTP Request: GET https://kintara.gg/api/servers "HTTP/1.1 200 OK"
2026-08-05 05:54:35,358 | INFO | Molten snapshot updated: Server 15:11, Server 14:9, Server 7:5
2026-08-05 05:54:55,578 | INFO | Molten snapshot updated: Server 15:11, Server 14:9, Server 29:7
2026-08-05 05:55:05,973 | INFO | HTTP Request: GET https://kintara.gg/api/servers "HTTP/1.1 200 OK"
2026-08-05 05:55:16,164 | INFO | Molten snapshot updated: Server 15:12, Server 14:9, Server 29:6
2026-08-05 05:55:36,436 | INFO | Molten snapshot updated: Server 15:13, Server 14:9, Server 29:6
2026-08-05 05:56:06,176 | INFO | HTTP Request: GET https://kintara.gg/api/servers "HTTP/1.1 200 OK"
2026-08-05 05:56:57,726 | INFO | Molten snapshot updated: Server 15:12, Server 14:9, Server 29:6
2026-08-05 05:57:07,629 | WARNING | Molten server refresh failed; keeping the current process alive: [SSL: UNEXPECTED_EOF_WHILE_READING] EOF occurred in violation of protocol (_ssl.c:1081)
2026-08-05 05:57:12,084 | INFO | HTTP Request: GET https://kintara.gg/api/servers "HTTP/1.1 200 OK"
2026-08-05 05:57:38,438 | INFO | Molten snapshot updated: Server 15:12, Server 14:8, Server 29:6
2026-08-05 05:57:58,555 | INFO | Molten snapshot updated: Server 15:12, Server 14:9, Server 29:6
2026-08-05 05:58:12,034 | INFO | HTTP Request: GET https://kintara.gg/api/servers "HTTP/1.1 200 OK"
2026-08-05 05:58:39,358 | INFO | Molten snapshot updated: Server 15:12, Server 14:9, Server 29:7
2026-08-05 05:58:59,569 | INFO | Molten snapshot updated: Server 15:12, Server 14:8, Server 29:6
2026-08-05 05:59:13,023 | INFO | HTTP Request: GET https://kintara.gg/api/servers "HTTP/1.1 200 OK"
2026-08-05 05:59:20,098 | INFO | Molten snapshot updated: Server 15:12, Server 14:9, Server 29:6
2026-08-05 05:59:40,403 | INFO | Molten snapshot updated: Server 15:12, Server 14:9, Server 7:5
2026-08-05 06:00:13,128 | INFO | HTTP Request: GET https://kintara.gg/api/servers "HTTP/1.1 200 OK"
2026-08-05 06:00:21,221 | INFO | Molten snapshot updated: Server 15:11, Server 14:9, Server 7:5
2026-08-05 06:00:41,452 | INFO | Molten snapshot updated: Server 15:10, Server 14:9, Server 7:5
2026-08-05 06:01:01,741 | INFO | Molten snapshot updated: Server 15:11, Server 14:9, Server 7:5
2026-08-05 06:01:14,211 | INFO | HTTP Request: GET https://kintara.gg/api/servers "HTTP/1.1 200 OK"
2026-08-05 06:01:42,531 | INFO | Molten snapshot updated: Server 15:12, Server 14:9, Server 7:5
2026-08-05 06:02:15,106 | INFO | HTTP Request: GET https://kintara.gg/api/servers "HTTP/1.1 200 OK"
2026-08-05 06:02:23,213 | INFO | Molten snapshot updated: Server 15:10, Server 14:9, Server 7:5
2026-08-05 06:02:43,342 | INFO | Molten snapshot updated: Server 15:10, Server 14:9, Server 29:6
2026-08-05 06:03:03,513 | INFO | Molten snapshot updated: Server 15:11, Server 14:9, Server 29:6
2026-08-05 06:03:14,837 | INFO | HTTP Request: GET https://kintara.gg/api/servers "HTTP/1.1 200 OK"
2026-08-05 06:03:23,906 | INFO | Molten snapshot updated: Server 15:11, Server 14:9, Server 29:7
2026-08-05 06:04:04,351 | INFO | Molten snapshot updated: Server 15:12, Server 14:9, Server 29:7
2026-08-05 06:04:15,694 | INFO | HTTP Request: GET https://kintara.gg/api/servers "HTTP/1.1 200 OK"
2026-08-05 06:04:45,187 | INFO | Molten snapshot updated: Server 15:12, Server 14:10, Server 29:8
2026-08-05 06:05:15,808 | INFO | HTTP Request: GET https://kintara.gg/api/servers "HTTP/1.1 200 OK"
2026-08-05 06:05:46,170 | INFO | Molten snapshot updated: Server 15:12, Server 14:10, Server 29:7
2026-08-05 06:06:06,419 | INFO | Molten snapshot updated: Server 15:12, Server 14:10, Server 29:8
2026-08-05 06:06:16,649 | INFO | HTTP Request: GET https://kintara.gg/api/servers "HTTP/1.1 200 OK"
2026-08-05 06:07:08,247 | INFO | Molten snapshot updated: Server 15:12, Server 14:11, Server 29:8
2026-08-05 06:07:17,427 | INFO | HTTP Request: GET https://kintara.gg/api/servers "HTTP/1.1 200 OK"
2026-08-05 06:07:28,617 | INFO | Molten snapshot updated: Server 15:12, Server 14:10, Server 29:8
2026-08-05 06:07:48,943 | INFO | Molten snapshot updated: Server 15:12, Server 29:8, Server 14:5
2026-08-05 06:08:09,212 | INFO | Molten snapshot updated: Server 15:12, Server 29:8, Server 14:4
2026-08-05 06:08:18,767 | INFO | HTTP Request: GET https://kintara.gg/api/servers "HTTP/1.1 200 OK"
2026-08-05 06:08:32,929 | INFO | Molten snapshot updated: Server 15:12, Server 29:8, Server 27:3
2026-08-05 06:09:13,429 | INFO | Molten snapshot updated: Server 15:12, Server 29:8, Server 14:3
2026-08-05 06:09:19,345 | INFO | HTTP Request: GET https://kintara.gg/api/servers "HTTP/1.1 200 OK"
2026-08-05 06:09:33,465 | INFO | Molten snapshot updated: Server 15:12, Server 29:8, Server 27:3
2026-08-05 06:09:53,712 | INFO | Molten snapshot updated: Server 15:12, Server 29:8, Server 16:3
2026-08-05 06:10:13,921 | INFO | Molten snapshot updated: Server 15:12, Server 29:8, Server 27:4
2026-08-05 06:10:19,293 | INFO | HTTP Request: GET https://kintara.gg/api/servers "HTTP/1.1 200 OK"
2026-08-05 06:11:14,987 | INFO | Molten snapshot updated: Server 15:12, Server 29:8, Server 16:4
2026-08-05 06:11:19,868 | INFO | HTTP Request: GET https://kintara.gg/api/servers "HTTP/1.1 200 OK"
2026-08-05 06:11:35,032 | INFO | Molten snapshot updated: Server 15:13, Server 29:9, Server 16:4
2026-08-05 06:11:55,310 | INFO | Molten snapshot updated: Server 15:13, Server 29:6, Server 16:4
2026-08-05 06:12:15,571 | INFO | Molten snapshot updated: Server 15:13, Server 16:5, Server 27:4
2026-08-05 06:12:20,433 | INFO | HTTP Request: GET https://kintara.gg/api/servers "HTTP/1.1 200 OK"
2026-08-05 06:12:36,574 | INFO | Molten snapshot updated: Server 15:13, Server 5:4, Server 16:4
2026-08-05 06:12:56,927 | INFO | Molten snapshot updated: Server 15:13, Server 16:4, Server 27:4
2026-08-05 06:13:17,163 | INFO | Molten snapshot updated: Server 15:13, Server 29:5, Server 5:4
2026-08-05 06:13:22,599 | INFO | HTTP Request: GET https://kintara.gg/api/servers "HTTP/1.1 200 OK"
2026-08-05 06:13:37,718 | INFO | Molten snapshot updated: Server 15:13, Server 5:5, Server 29:5
2026-08-05 06:13:58,028 | INFO | Molten snapshot updated: Server 15:12, Server 5:5, Server 29:5
2026-08-05 06:14:18,257 | INFO | Molten snapshot updated: Server 15:13, Server 5:6, Server 29:5
2026-08-05 06:14:34,264 | WARNING | Molten server refresh failed; keeping the current process alive: _ssl.c:1063: The handshake operation timed out
2026-08-05 06:14:36,770 | INFO | HTTP Request: GET https://kintara.gg/api/servers "HTTP/1.1 200 OK"
2026-08-05 06:14:38,808 | INFO | Molten snapshot updated: Server 15:13, Server 5:7, Server 29:5
2026-08-05 06:14:59,030 | INFO | Molten snapshot updated: Server 15:13, Server 5:8, Server 27:5
2026-08-05 06:15:19,248 | INFO | Molten snapshot updated: Server 15:12, Server 5:8, Server 27:5
2026-08-05 06:15:37,191 | INFO | HTTP Request: GET https://kintara.gg/api/servers "HTTP/1.1 200 OK"
2026-08-05 06:15:40,227 | INFO | Molten snapshot updated: Server 15:13, Server 5:8, Server 29:6
2026-08-05 06:16:00,532 | INFO | Molten snapshot updated: Server 15:12, Server 5:9, Server 27:5
2026-08-05 06:16:20,721 | INFO | Molten snapshot updated: Server 15:13, Server 5:9, Server 27:5
2026-08-05 06:16:36,967 | INFO | HTTP Request: GET https://kintara.gg/api/servers "HTTP/1.1 200 OK"
2026-08-05 06:17:38,593 | INFO | HTTP Request: GET https://kintara.gg/api/servers "HTTP/1.1 200 OK"
2026-08-05 06:18:01,948 | INFO | Molten snapshot updated: Server 15:13, Server 5:8, Server 27:5
2026-08-05 06:18:38,924 | INFO | HTTP Request: GET https://kintara.gg/api/servers "HTTP/1.1 200 OK"
2026-08-05 06:19:23,534 | INFO | Molten snapshot updated: Server 15:12, Server 5:8, Server 27:5
2026-08-05 06:19:39,573 | INFO | HTTP Request: GET https://kintara.gg/api/servers "HTTP/1.1 200 OK"
2026-08-05 06:20:03,835 | INFO | Molten snapshot updated: Server 15:13, Server 5:8, Server 27:5
2026-08-05 06:20:39,533 | INFO | HTTP Request: GET https://kintara.gg/api/servers "HTTP/1.1 200 OK"
2026-08-05 06:21:04,872 | INFO | Molten snapshot updated: Server 15:12, Server 5:8, Server 27:5
2026-08-05 06:21:39,618 | INFO | HTTP Request: GET https://kintara.gg/api/servers "HTTP/1.1 200 OK"
2026-08-05 06:22:40,593 | INFO | HTTP Request: GET https://kintara.gg/api/servers "HTTP/1.1 200 OK"
2026-08-05 06:22:46,648 | INFO | Molten snapshot updated: Server 15:12, Server 5:8, Server 27:6
2026-08-05 06:23:40,428 | INFO | HTTP Request: GET https://kintara.gg/api/servers "HTTP/1.1 200 OK"
2026-08-05 06:23:47,493 | INFO | Molten snapshot updated: Server 15:12, Server 5:8, Server 27:7
2026-08-05 06:24:07,756 | INFO | Molten snapshot updated: Server 15:12, Server 5:8, Server 27:6
2026-08-05 06:24:42,596 | INFO | HTTP Request: GET https://kintara.gg/api/servers "HTTP/1.1 200 OK"
2026-08-05 06:24:48,708 | INFO | Molten snapshot updated: Server 15:12, Server 5:8, Server 27:7
2026-08-05 06:25:08,956 | INFO | Molten snapshot updated: Server 15:11, Server 5:8, Server 27:7
2026-08-05 06:25:29,109 | INFO | Molten snapshot updated: Server 15:13, Server 5:8, Server 27:7
2026-08-05 06:25:42,164 | INFO | HTTP Request: GET https://kintara.gg/api/servers "HTTP/1.1 200 OK"
2026-08-05 06:26:29,701 | INFO | Molten snapshot updated: Server 15:13, Server 5:9, Server 27:7
2026-08-05 06:26:42,942 | INFO | HTTP Request: GET https://kintara.gg/api/servers "HTTP/1.1 200 OK"
2026-08-05 06:26:50,069 | INFO | Molten snapshot updated: Server 15:12, Server 5:8, Server 27:7
2026-08-05 06:27:30,503 | INFO | Molten snapshot updated: Server 15:12, Server 5:8, Server 27:8
2026-08-05 06:27:43,161 | INFO | HTTP Request: GET https://kintara.gg/api/servers "HTTP/1.1 200 OK"
2026-08-05 06:28:31,804 | INFO | Molten snapshot updated: Server 15:14, Server 5:8, Server 27:8
2026-08-05 06:28:43,556 | INFO | HTTP Request: GET https://kintara.gg/api/servers "HTTP/1.1 200 OK"
2026-08-05 06:29:12,863 | INFO | Molten snapshot updated: Server 15:15, Server 5:8, Server 27:8
2026-08-05 06:29:33,098 | INFO | Molten snapshot updated: Server 15:13, Server 5:8, Server 27:8
2026-08-05 06:29:45,408 | INFO | HTTP Request: GET https://kintara.gg/api/servers "HTTP/1.1 200 OK"
2026-08-05 06:30:13,747 | INFO | Molten snapshot updated: Server 15:14, Server 5:8, Server 27:8
2026-08-05 06:30:33,990 | INFO | Molten snapshot updated: Server 15:11, Server 5:9, Server 27:8
2026-08-05 06:30:44,824 | INFO | HTTP Request: GET https://kintara.gg/api/servers "HTTP/1.1 200 OK"
2026-08-05 06:30:54,973 | INFO | Molten snapshot updated: Server 15:13, Server 5:8, Server 27:7
2026-08-05 06:31:15,276 | INFO | Molten snapshot updated: Server 15:14, Server 5:8, Server 21:2
2026-08-05 06:31:35,578 | INFO | Molten snapshot updated: Server 15:12, Server 5:9, Server 21:2
2026-08-05 06:31:45,500 | INFO | HTTP Request: GET https://kintara.gg/api/servers "HTTP/1.1 200 OK"
2026-08-05 06:31:55,681 | INFO | Molten snapshot updated: Server 15:13, Server 5:9, Server 19:2
2026-08-05 06:32:15,936 | INFO | Molten snapshot updated: Server 15:13, Server 5:8, Server 21:2
2026-08-05 06:32:45,408 | INFO | HTTP Request: GET https://kintara.gg/api/servers "HTTP/1.1 200 OK"
2026-08-05 06:32:56,539 | INFO | Molten snapshot updated: Server 15:13, Server 5:7, Server 24:3
2026-08-05 06:33:16,717 | INFO | Molten snapshot updated: Server 15:13, Server 5:3, Server 24:3
2026-08-05 06:33:36,896 | INFO | Molten snapshot updated: Server 15:13, Server 24:3, Server 5:2
2026-08-05 06:33:46,307 | INFO | HTTP Request: GET https://kintara.gg/api/servers "HTTP/1.1 200 OK"
2026-08-05 06:33:57,412 | INFO | Molten snapshot updated: Server 15:13, Server 24:3, Server 21:2
2026-08-05 06:34:17,660 | INFO | Molten snapshot updated: Server 15:14, Server 24:3, Server 21:2
2026-08-05 06:34:37,944 | INFO | Molten snapshot updated: Server 15:14, Server 24:5, Server 21:2
2026-08-05 06:34:46,284 | INFO | HTTP Request: GET https://kintara.gg/api/servers "HTTP/1.1 200 OK"
2026-08-05 06:34:58,445 | INFO | Molten snapshot updated: Server 15:14, Server 24:6, Server 5:2
2026-08-05 06:35:18,692 | INFO | Molten snapshot updated: Server 15:14, Server 5:6, Server 24:6
2026-08-05 06:35:38,847 | INFO | Molten snapshot updated: Server 15:12, Server 5:6, Server 24:6
2026-08-05 06:35:47,353 | INFO | HTTP Request: GET https://kintara.gg/api/servers "HTTP/1.1 200 OK"
2026-08-05 06:35:59,463 | INFO | Molten snapshot updated: Server 5:7, Server 15:6, Server 24:6
2026-08-05 06:36:19,675 | INFO | Molten snapshot updated: Server 5:9, Server 15:6, Server 24:6
2026-08-05 06:36:44,942 | INFO | Molten snapshot updated: Server 24:6, Server 15:5, Server 6:1
2026-08-05 06:36:47,188 | INFO | HTTP Request: GET https://kintara.gg/api/servers "HTTP/1.1 200 OK"
2026-08-05 06:37:05,403 | INFO | Molten snapshot updated: Server 5:9, Server 24:5, Server 15:3
2026-08-05 06:37:25,593 | INFO | Molten snapshot updated: Server 5:9, Server 24:6, Server 9:2
2026-08-05 06:37:45,731 | INFO | Molten snapshot updated: Server 5:10, Server 24:6, Server 15:2
2026-08-05 06:37:48,618 | INFO | HTTP Request: GET https://kintara.gg/api/servers "HTTP/1.1 200 OK"
2026-08-05 06:38:46,246 | INFO | Molten snapshot updated: Server 5:11, Server 24:6, Server 6:1
2026-08-05 06:38:49,434 | INFO | HTTP Request: GET https://kintara.gg/api/servers "HTTP/1.1 200 OK"
2026-08-05 06:39:06,666 | INFO | Molten snapshot updated: Server 5:10, Server 24:6, Server 6:1
2026-08-05 06:39:49,710 | INFO | HTTP Request: GET https://kintara.gg/api/servers "HTTP/1.1 200 OK"
2026-08-05 06:40:07,863 | INFO | Molten snapshot updated: Server 5:12, Server 24:6, Server 6:1
2026-08-05 06:40:28,052 | INFO | Molten snapshot updated: Server 5:13, Server 24:6, Server 6:1
2026-08-05 06:40:49,647 | INFO | HTTP Request: GET https://kintara.gg/api/servers "HTTP/1.1 200 OK"
2026-08-05 06:41:29,115 | INFO | Molten snapshot updated: Server 5:13, Server 24:6, Server 15:2
2026-08-05 06:41:49,757 | INFO | HTTP Request: GET https://kintara.gg/api/servers "HTTP/1.1 200 OK"
2026-08-05 06:42:31,181 | INFO | Molten snapshot updated: Server 5:14, Server 24:6, Server 27:2
2026-08-05 06:42:50,714 | INFO | HTTP Request: GET https://kintara.gg/api/servers "HTTP/1.1 200 OK"
2026-08-05 06:42:51,742 | INFO | Molten snapshot updated: Server 5:14, Server 24:6, Server 27:3
2026-08-05 06:43:32,343 | INFO | Molten snapshot updated: Server 5:15, Server 24:6, Server 27:3
2026-08-05 06:43:50,601 | INFO | HTTP Request: GET https://kintara.gg/api/servers "HTTP/1.1 200 OK"
2026-08-05 06:44:51,518 | INFO | HTTP Request: GET https://kintara.gg/api/servers "HTTP/1.1 200 OK"
2026-08-05 06:45:13,916 | INFO | Molten snapshot updated: Server 5:16, Server 24:6, Server 27:3
2026-08-05 06:45:34,092 | INFO | Molten snapshot updated: Server 5:16, Server 24:6, Server 27:2
2026-08-05 06:45:53,399 | INFO | HTTP Request: GET https://kintara.gg/api/servers "HTTP/1.1 200 OK"
2026-08-05 06:45:54,421 | INFO | Molten snapshot updated: Server 5:16, Server 24:6, Server 18:2
2026-08-05 06:46:14,676 | INFO | Molten snapshot updated: Server 5:16, Server 24:6, Server 28:3
2026-08-05 06:46:34,898 | INFO | Molten snapshot updated: Server 5:16, Server 24:6, Server 27:2
2026-08-05 06:46:53,918 | INFO | HTTP Request: GET https://kintara.gg/api/servers "HTTP/1.1 200 OK"
2026-08-05 06:46:54,950 | INFO | Molten snapshot updated: Server 5:17, Server 24:6, Server 27:2
2026-08-05 06:47:15,134 | INFO | Molten snapshot updated: Server 5:17, Server 24:6, Server 7:2
2026-08-05 06:47:35,377 | INFO | Molten snapshot updated: Server 5:17, Server 24:6, Server 27:3
2026-08-05 06:47:54,654 | INFO | HTTP Request: GET https://kintara.gg/api/servers "HTTP/1.1 200 OK"
2026-08-05 06:47:55,687 | INFO | Molten snapshot updated: Server 5:17, Server 24:5, Server 27:2
2026-08-05 06:48:56,126 | INFO | HTTP Request: GET https://kintara.gg/api/servers "HTTP/1.1 200 OK"
2026-08-05 06:48:57,142 | INFO | Molten snapshot updated: Server 5:18, Server 4:5, Server 24:5
2026-08-05 06:49:17,481 | INFO | Molten snapshot updated: Server 5:10, Server 24:5, Server 27:2
2026-08-05 06:49:37,714 | INFO | Molten snapshot updated: Server 24:5, Server 5:4, Server 8:2
2026-08-05 06:49:54,984 | INFO | HTTP Request: GET https://kintara.gg/api/servers "HTTP/1.1 200 OK"
2026-08-05 06:49:58,055 | INFO | Molten snapshot updated: Server 24:6, Server 5:3, Server 8:2
2026-08-05 06:50:18,267 | INFO | Molten snapshot updated: Server 24:6, Server 5:2, Server 12:2
2026-08-05 06:50:38,438 | INFO | Molten snapshot updated: Server 24:6, Server 30:3, Server 5:2
2026-08-05 06:50:55,713 | INFO | HTTP Request: GET https://kintara.gg/api/servers "HTTP/1.1 200 OK"
2026-08-05 06:50:58,764 | INFO | Molten snapshot updated: Server 24:6, Server 5:4, Server 18:2
2026-08-05 06:51:18,870 | INFO | Molten snapshot updated: Server 24:6, Server 5:5, Server 30:3
2026-08-05 06:51:39,133 | INFO | Molten snapshot updated: Server 24:7, Server 5:5, Server 30:3
2026-08-05 06:51:56,846 | INFO | HTTP Request: GET https://kintara.gg/api/servers "HTTP/1.1 200 OK"
2026-08-05 06:51:59,912 | INFO | Molten snapshot updated: Server 24:7, Server 5:6, Server 23:4
2026-08-05 06:52:20,261 | INFO | Molten snapshot updated: Server 24:10, Server 5:6, Server 7:3
2026-08-05 06:52:41,560 | INFO | Molten snapshot updated: Server 5:9, Server 24:8, Server 7:4
2026-08-05 06:52:57,343 | INFO | HTTP Request: GET https://kintara.gg/api/servers "HTTP/1.1 200 OK"
2026-08-05 06:53:02,424 | INFO | Molten snapshot updated: Server 5:10, Server 7:5, Server 19:2
2026-08-05 06:53:22,650 | INFO | Molten snapshot updated: Server 5:13, Server 28:6, Server 7:4
2026-08-05 06:53:42,949 | INFO | Molten snapshot updated: Server 5:15, Server 28:5, Server 7:4
2026-08-05 06:53:57,480 | INFO | HTTP Request: GET https://kintara.gg/api/servers "HTTP/1.1 200 OK"
2026-08-05 06:54:03,521 | INFO | Molten snapshot updated: Server 7:4, Server 28:2, Server 29:2
2026-08-05 06:54:23,772 | INFO | Molten snapshot updated: Server 5:15, Server 7:4, Server 15:2
2026-08-05 06:54:44,034 | INFO | Molten snapshot updated: Server 5:16, Server 7:4, Server 4:3
2026-08-05 06:54:57,725 | INFO | HTTP Request: GET https://kintara.gg/api/servers "HTTP/1.1 200 OK"
2026-08-05 06:55:04,844 | INFO | Molten snapshot updated: Server 5:14, Server 7:4, Server 20:2
2026-08-05 06:55:25,105 | INFO | Molten snapshot updated: Server 5:6, Server 7:5, Server 18:2
2026-08-05 06:55:45,286 | INFO | Molten snapshot updated: Server 5:5, Server 7:5, Server 9:2
2026-08-05 06:55:58,129 | INFO | HTTP Request: GET https://kintara.gg/api/servers "HTTP/1.1 200 OK"
2026-08-05 06:56:06,222 | INFO | Molten snapshot updated: Server 5:5, Server 7:5, Server 20:3
2026-08-05 06:56:26,441 | INFO | Molten snapshot updated: Server 7:5, Server 5:4, Server 20:3
2026-08-05 06:56:46,608 | INFO | Molten snapshot updated: Server 7:5, Server 5:3, Server 20:3
2026-08-05 06:56:57,815 | INFO | HTTP Request: GET https://kintara.gg/api/servers "HTTP/1.1 200 OK"
2026-08-05 06:57:07,029 | INFO | Molten snapshot updated: Server 7:5, Server 20:4, Server 4:1
2026-08-05 06:57:27,242 | INFO | Molten snapshot updated: Server 20:10, Server 7:6, Server 4:1
2026-08-05 06:57:47,528 | INFO | Molten snapshot updated: Server 7:6, Server 20:6, Server 4:1
2026-08-05 06:57:59,183 | INFO | HTTP Request: GET https://kintara.gg/api/servers "HTTP/1.1 200 OK"
2026-08-05 06:58:08,285 | INFO | Molten snapshot updated: Server 7:6, Server 20:4, Server 5:2
2026-08-05 06:58:28,590 | INFO | Molten snapshot updated: Server 7:7, Server 20:4, Server 19:3
2026-08-05 06:58:48,772 | INFO | Molten snapshot updated: Server 7:6, Server 20:3, Server 5:2
2026-08-05 06:58:59,327 | INFO | HTTP Request: GET https://kintara.gg/api/servers "HTTP/1.1 200 OK"
2026-08-05 06:59:09,468 | INFO | Molten snapshot updated: Server 7:6, Server 20:4, Server 28:3
2026-08-05 06:59:29,680 | INFO | Molten snapshot updated: Server 7:6, Server 28:5, Server 20:3
2026-08-05 06:59:49,848 | INFO | Molten snapshot updated: Server 7:6, Server 28:4, Server 9:2
2026-08-05 06:59:59,274 | INFO | HTTP Request: GET https://kintara.gg/api/servers "HTTP/1.1 200 OK"
2026-08-05 07:00:10,366 | INFO | Molten snapshot updated: Server 7:6, Server 19:3, Server 8:2
2026-08-05 07:00:30,587 | INFO | Molten snapshot updated: Server 7:6, Server 20:4, Server 26:2
2026-08-05 07:00:50,810 | INFO | Molten snapshot updated: Server 7:7, Server 20:6, Server 27:3
2026-08-05 07:01:01,000 | INFO | HTTP Request: GET https://kintara.gg/api/servers "HTTP/1.1 200 OK"
2026-08-05 07:01:11,104 | INFO | Molten snapshot updated: Server 7:7, Server 20:7, Server 21:2
2026-08-05 07:01:31,268 | INFO | Molten snapshot updated: Server 20:9, Server 7:7, Server 19:3
2026-08-05 07:02:01,376 | INFO | HTTP Request: GET https://kintara.gg/api/servers "HTTP/1.1 200 OK"
2026-08-05 07:02:12,531 | INFO | Molten snapshot updated: Server 20:10, Server 7:8, Server 19:3
2026-08-05 07:02:32,816 | INFO | Molten snapshot updated: Server 20:13, Server 7:8, Server 19:3
2026-08-05 07:02:53,013 | INFO | Molten snapshot updated: Server 20:13, Server 7:9, Server 19:3
2026-08-05 07:03:01,418 | INFO | HTTP Request: GET https://kintara.gg/api/servers "HTTP/1.1 200 OK"
2026-08-05 07:03:13,574 | INFO | Molten snapshot updated: Server 20:13, Server 7:9, Server 30:3
2026-08-05 07:03:33,822 | INFO | Molten snapshot updated: Server 20:14, Server 7:9, Server 30:4
2026-08-05 07:03:54,067 | INFO | Molten snapshot updated: Server 20:15, Server 7:9, Server 30:4
2026-08-05 07:04:01,419 | INFO | HTTP Request: GET https://kintara.gg/api/servers "HTTP/1.1 200 OK"
2026-08-05 07:04:14,590 | INFO | Molten snapshot updated: Server 20:16, Server 7:9, Server 30:5
2026-08-05 07:04:34,816 | INFO | Molten snapshot updated: Server 20:13, Server 7:9, Server 14:2
2026-08-05 07:04:55,099 | INFO | Molten snapshot updated: Server 7:9, Server 20:9, Server 30:4
2026-08-05 07:05:01,175 | INFO | HTTP Request: GET https://kintara.gg/api/servers "HTTP/1.1 200 OK"
2026-08-05 07:05:20,419 | INFO | Molten snapshot updated: Server 7:9, Server 20:6, Server 30:4
2026-08-05 07:06:02,362 | INFO | HTTP Request: GET https://kintara.gg/api/servers "HTTP/1.1 200 OK"
2026-08-05 07:06:02,377 | INFO | Molten snapshot updated: Server 7:10, Server 20:6, Server 30:4
2026-08-05 07:06:21,631 | INFO | Molten snapshot updated: Server 7:9, Server 20:7, Server 30:4
2026-08-05 07:06:41,800 | INFO | Molten snapshot updated: Server 7:9, Server 20:8, Server 30:4
2026-08-05 07:07:02,613 | INFO | HTTP Request: GET https://kintara.gg/api/servers "HTTP/1.1 200 OK"
2026-08-05 07:07:03,678 | INFO | Molten snapshot updated: Server 20:9, Server 30:5, Server 7:3
2026-08-05 07:07:23,823 | INFO | Molten snapshot updated: Server 20:10, Server 30:4, Server 7:3
2026-08-05 07:07:43,974 | INFO | Molten snapshot updated: Server 20:11, Server 7:4, Server 28:2
2026-08-05 07:08:02,597 | INFO | HTTP Request: GET https://kintara.gg/api/servers "HTTP/1.1 200 OK"
2026-08-05 07:08:04,627 | INFO | Molten snapshot updated: Server 20:12, Server 30:5, Server 7:4
2026-08-05 07:08:24,916 | INFO | Molten snapshot updated: Server 20:12, Server 30:5, Server 7:3
2026-08-05 07:08:45,240 | INFO | Molten snapshot updated: Server 7:5, Server 20:5, Server 30:5
2026-08-05 07:09:02,930 | INFO | HTTP Request: GET https://kintara.gg/api/servers "HTTP/1.1 200 OK"
2026-08-05 07:09:26,209 | INFO | Molten snapshot updated: Server 20:8, Server 7:5, Server 30:5
2026-08-05 07:09:46,487 | INFO | Molten snapshot updated: Server 20:7, Server 7:5, Server 30:5
2026-08-05 07:10:02,879 | INFO | HTTP Request: GET https://kintara.gg/api/servers "HTTP/1.1 200 OK"
2026-08-05 07:10:06,927 | INFO | Molten snapshot updated: Server 20:8, Server 7:5, Server 30:5
2026-08-05 07:10:27,135 | INFO | Molten snapshot updated: Server 20:9, Server 30:6, Server 7:5
2026-08-05 07:10:47,345 | INFO | Molten snapshot updated: Server 20:10, Server 30:6, Server 7:5
2026-08-05 07:11:03,879 | INFO | HTTP Request: GET https://kintara.gg/api/servers "HTTP/1.1 200 OK"
2026-08-05 07:11:07,912 | INFO | Molten snapshot updated: Server 20:11, Server 30:6, Server 7:2
2026-08-05 07:11:28,132 | INFO | Molten snapshot updated: Server 20:13, Server 30:6, Server 7:2
2026-08-05 07:11:48,425 | INFO | Molten snapshot updated: Server 20:13, Server 30:6, Server 7:5
2026-08-05 07:12:05,441 | INFO | HTTP Request: GET https://kintara.gg/api/servers "HTTP/1.1 200 OK"
2026-08-05 07:12:08,472 | INFO | Molten snapshot updated: Server 20:15, Server 7:6, Server 30:6
2026-08-05 07:12:28,662 | INFO | Molten snapshot updated: Server 20:15, Server 7:7, Server 30:6
2026-08-05 07:12:48,825 | INFO | Molten snapshot updated: Server 20:14, Server 7:7, Server 30:6
2026-08-05 07:13:05,200 | INFO | HTTP Request: GET https://kintara.gg/api/servers "HTTP/1.1 200 OK"
2026-08-05 07:13:09,247 | INFO | Molten snapshot updated: Server 20:14, Server 7:7, Server 30:7
2026-08-05 07:13:29,556 | INFO | Molten snapshot updated: Server 20:15, Server 7:7, Server 30:7
2026-08-05 07:13:49,779 | INFO | Molten snapshot updated: Server 20:10, Server 7:7, Server 30:7
2026-08-05 07:14:06,089 | INFO | HTTP Request: GET https://kintara.gg/api/servers "HTTP/1.1 200 OK"
2026-08-05 07:14:10,125 | INFO | Molten snapshot updated: Server 20:8, Server 7:7, Server 30:5
2026-08-05 07:14:30,383 | INFO | Molten snapshot updated: Server 7:7, Server 20:6, Server 30:5
2026-08-05 07:15:07,449 | INFO | HTTP Request: GET https://kintara.gg/api/servers "HTTP/1.1 200 OK"
2026-08-05 07:15:11,479 | INFO | Molten snapshot updated: Server 7:7, Server 30:5, Server 20:4
2026-08-05 07:15:31,739 | INFO | Molten snapshot updated: Server 7:7, Server 20:5, Server 30:5
2026-08-05 07:15:52,042 | INFO | Molten snapshot updated: Server 7:7, Server 30:5, Server 5:4
2026-08-05 07:16:07,837 | INFO | HTTP Request: GET https://kintara.gg/api/servers "HTTP/1.1 200 OK"
2026-08-05 07:16:12,918 | INFO | Molten snapshot updated: Server 7:7, Server 5:5, Server 30:4
2026-08-05 07:16:33,111 | INFO | Molten snapshot updated: Server 7:8, Server 5:5, Server 30:4
2026-08-05 07:16:53,332 | INFO | Molten snapshot updated: Server 7:8, Server 5:7, Server 30:5
2026-08-05 07:17:09,184 | INFO | HTTP Request: GET https://kintara.gg/api/servers "HTTP/1.1 200 OK"
2026-08-05 07:17:14,266 | INFO | Molten snapshot updated: Server 5:9, Server 7:8, Server 30:6
2026-08-05 07:17:34,492 | INFO | Molten snapshot updated: Server 7:8, Server 30:6, Server 10:3
2026-08-05 07:17:54,658 | INFO | Molten snapshot updated: Server 5:11, Server 7:8, Server 30:7
2026-08-05 07:18:08,260 | INFO | HTTP Request: GET https://kintara.gg/api/servers "HTTP/1.1 200 OK"
2026-08-05 07:18:15,337 | INFO | Molten snapshot updated: Server 5:13, Server 7:8, Server 10:3
2026-08-05 07:18:35,737 | INFO | Molten snapshot updated: Server 5:13, Server 7:8, Server 30:7
2026-08-05 07:18:56,007 | INFO | Molten snapshot updated: Server 7:8, Server 30:7, Server 10:3
2026-08-05 07:19:08,737 | INFO | HTTP Request: GET https://kintara.gg/api/servers "HTTP/1.1 200 OK"
2026-08-05 07:19:16,821 | INFO | Molten snapshot updated: Server 5:15, Server 7:8, Server 30:7
2026-08-05 07:19:37,051 | INFO | Molten snapshot updated: Server 5:16, Server 7:8, Server 30:7
2026-08-05 07:20:08,325 | INFO | HTTP Request: GET https://kintara.gg/api/servers "HTTP/1.1 200 OK"
2026-08-05 07:20:17,436 | INFO | Molten snapshot updated: Server 5:12, Server 7:8, Server 30:7
2026-08-05 07:20:37,658 | INFO | Molten snapshot updated: Server 5:9, Server 7:8, Server 30:7
2026-08-05 07:20:57,848 | INFO | Molten snapshot updated: Server 7:8, Server 5:7, Server 30:7
2026-08-05 07:21:09,478 | INFO | HTTP Request: GET https://kintara.gg/api/servers "HTTP/1.1 200 OK"
2026-08-05 07:21:18,549 | INFO | Molten snapshot updated: Server 7:8, Server 30:7, Server 10:4
2026-08-05 07:21:38,766 | INFO | Molten snapshot updated: Server 7:7, Server 30:7, Server 10:4
2026-08-05 07:21:59,112 | INFO | Molten snapshot updated: Server 30:7, Server 18:6, Server 10:4
2026-08-05 07:22:09,842 | INFO | HTTP Request: GET https://kintara.gg/api/servers "HTTP/1.1 200 OK"
2026-08-05 07:22:19,939 | INFO | Molten snapshot updated: Server 30:8, Server 18:7, Server 10:4
2026-08-05 07:23:02,463 | INFO | Molten snapshot updated: Server 18:7, Server 30:7, Server 10:4
2026-08-05 07:23:09,719 | INFO | HTTP Request: GET https://kintara.gg/api/servers "HTTP/1.1 200 OK"
2026-08-05 07:23:22,923 | INFO | Molten snapshot updated: Server 30:8, Server 18:7, Server 10:5
2026-08-05 07:23:43,172 | INFO | Molten snapshot updated: Server 30:9, Server 18:8, Server 10:5
2026-08-05 07:24:03,445 | INFO | Molten snapshot updated: Server 18:10, Server 30:9, Server 10:5
2026-08-05 07:24:11,001 | INFO | HTTP Request: GET https://kintara.gg/api/servers "HTTP/1.1 200 OK"
2026-08-05 07:25:11,286 | INFO | HTTP Request: GET https://kintara.gg/api/servers "HTTP/1.1 200 OK"
2026-08-05 07:25:45,625 | INFO | Molten snapshot updated: Server 18:11, Server 30:10, Server 10:4
2026-08-05 07:26:05,890 | INFO | Molten snapshot updated: Server 18:11, Server 30:9, Server 10:4
2026-08-05 07:26:11,967 | INFO | HTTP Request: GET https://kintara.gg/api/servers "HTTP/1.1 200 OK"
2026-08-05 07:26:26,136 | INFO | Molten snapshot updated: Server 18:11, Server 30:9, Server 10:5
2026-08-05 07:26:46,398 | INFO | Molten snapshot updated: Server 18:11, Server 30:10, Server 10:5
2026-08-05 07:27:06,655 | INFO | Molten snapshot updated: Server 18:11, Server 30:7, Server 10:5
2026-08-05 07:27:11,954 | INFO | HTTP Request: GET https://kintara.gg/api/servers "HTTP/1.1 200 OK"
2026-08-05 07:27:27,204 | INFO | Molten snapshot updated: Server 18:11, Server 30:6, Server 10:5
2026-08-05 07:27:47,458 | INFO | Molten snapshot updated: Server 18:11, Server 10:5, Server 30:5
2026-08-05 07:28:07,786 | INFO | Molten snapshot updated: Server 18:10, Server 10:6, Server 30:6
2026-08-05 07:28:12,401 | INFO | HTTP Request: GET https://kintara.gg/api/servers "HTTP/1.1 200 OK"
2026-08-05 07:28:28,529 | INFO | Molten snapshot updated: Server 18:11, Server 30:7, Server 10:6
2026-08-05 07:28:48,733 | INFO | Molten snapshot updated: Server 18:11, Server 30:8, Server 10:6
2026-08-05 07:29:08,986 | INFO | Molten snapshot updated: Server 18:8, Server 30:7, Server 10:6
2026-08-05 07:29:12,756 | INFO | HTTP Request: GET https://kintara.gg/api/servers "HTTP/1.1 200 OK"
2026-08-05 07:29:29,947 | INFO | Molten snapshot updated: Server 30:7, Server 10:6, Server 18:5
2026-08-05 07:29:50,167 | INFO | Molten snapshot updated: Server 30:8, Server 10:6, Server 18:5
2026-08-05 07:30:10,362 | INFO | Molten snapshot updated: Server 30:8, Server 5:6, Server 10:6
2026-08-05 07:30:12,520 | INFO | HTTP Request: GET https://kintara.gg/api/servers "HTTP/1.1 200 OK"
2026-08-05 07:30:30,731 | INFO | Molten snapshot updated: Server 30:9, Server 10:5, Server 18:5
2026-08-05 07:30:51,000 | INFO | Molten snapshot updated: Server 30:9, Server 7:7, Server 18:5
2026-08-05 07:31:11,202 | INFO | Molten snapshot updated: Server 30:8, Server 10:7, Server 18:5
2026-08-05 07:31:14,318 | INFO | HTTP Request: GET https://kintara.gg/api/servers "HTTP/1.1 200 OK"
2026-08-05 07:31:31,488 | INFO | Molten snapshot updated: Server 30:8, Server 18:6, Server 11:4
2026-08-05 07:31:54,766 | INFO | Molten snapshot updated: Server 30:6, Server 18:5, Server 14:2
2026-08-05 07:32:14,520 | INFO | HTTP Request: GET https://kintara.gg/api/servers "HTTP/1.1 200 OK"
2026-08-05 07:32:15,556 | INFO | Molten snapshot updated: Server 30:7, Server 18:3, Server 24:2
2026-08-05 07:32:35,897 | INFO | Molten snapshot updated: Server 30:6, Server 21:4, Server 18:3
2026-08-05 07:32:56,108 | INFO | Molten snapshot updated: Server 18:3, Server 30:3, Server 24:2
2026-08-05 07:33:15,060 | INFO | HTTP Request: GET https://kintara.gg/api/servers "HTTP/1.1 200 OK"
2026-08-05 07:33:17,109 | INFO | Molten snapshot updated: Server 23:4, Server 7:2, Server 18:2
2026-08-05 07:33:37,396 | INFO | Molten snapshot updated: Server 23:4, Server 4:2, Server 7:2
2026-08-05 07:33:57,650 | INFO | Molten snapshot updated: Server 4:2, Server 5:2, Server 7:2
2026-08-05 07:34:15,246 | INFO | HTTP Request: GET https://kintara.gg/api/servers "HTTP/1.1 200 OK"
2026-08-05 07:34:18,304 | INFO | Molten snapshot updated: Server 4:4, Server 7:3, Server 10:2
2026-08-05 07:34:38,575 | INFO | Molten snapshot updated: Server 4:4, Server 7:4, Server 10:2
2026-08-05 07:34:58,732 | INFO | Molten snapshot updated: Server 4:5, Server 7:3, Server 10:2
2026-08-05 07:35:17,037 | INFO | HTTP Request: GET https://kintara.gg/api/servers "HTTP/1.1 200 OK"
2026-08-05 07:35:39,313 | INFO | Molten snapshot updated: Server 7:3, Server 4:2, Server 10:2
2026-08-05 07:35:59,658 | INFO | Molten snapshot updated: Server 4:3, Server 7:3, Server 10:2
2026-08-05 07:36:18,992 | INFO | HTTP Request: GET https://kintara.gg/api/servers "HTTP/1.1 200 OK"
2026-08-05 07:36:20,013 | INFO | Molten snapshot updated: Server 7:3, Server 10:2, Server 29:2
2026-08-05 07:36:40,205 | INFO | Molten snapshot updated: Server 26:3, Server 29:3, Server 7:2
2026-08-05 07:37:00,401 | INFO | Molten snapshot updated: Server 29:3, Server 7:2, Server 10:2
2026-08-05 07:37:17,049 | INFO | HTTP Request: GET https://kintara.gg/api/servers "HTTP/1.1 200 OK"
2026-08-05 07:37:21,116 | INFO | Molten snapshot updated: Server 29:3, Server 26:2, Server 4:1
2026-08-05 07:37:41,363 | INFO | Molten snapshot updated: Server 26:4, Server 29:3, Server 18:2
2026-08-05 07:38:01,525 | INFO | Molten snapshot updated: Server 26:5, Server 29:3, Server 8:2
2026-08-05 07:38:17,441 | INFO | HTTP Request: GET https://kintara.gg/api/servers "HTTP/1.1 200 OK"
2026-08-05 07:38:22,503 | INFO | Molten snapshot updated: Server 27:2, Server 29:2, Server 30:2
2026-08-05 07:38:42,678 | INFO | Molten snapshot updated: Server 7:3, Server 27:3, Server 5:2
2026-08-05 07:39:02,963 | INFO | Molten snapshot updated: Server 7:3, Server 18:3, Server 27:3
2026-08-05 07:39:18,229 | INFO | HTTP Request: GET https://kintara.gg/api/servers "HTTP/1.1 200 OK"
2026-08-05 07:39:23,289 | INFO | Molten snapshot updated: Server 18:3, Server 7:2, Server 26:2
2026-08-05 07:39:43,605 | INFO | Molten snapshot updated: Server 18:3, Server 27:3, Server 7:2
2026-08-05 07:40:03,847 | INFO | Molten snapshot updated: Server 7:3, Server 27:3, Server 26:2
2026-08-05 07:40:19,812 | INFO | HTTP Request: GET https://kintara.gg/api/servers "HTTP/1.1 200 OK"
2026-08-05 07:40:23,846 | INFO | Molten snapshot updated: Server 7:3, Server 26:2, Server 29:2
2026-08-05 07:40:43,998 | INFO | Molten snapshot updated: Server 7:4, Server 26:2, Server 29:2
2026-08-05 07:41:04,254 | INFO | Molten snapshot updated: Server 7:5, Server 26:2, Server 29:2
2026-08-05 07:41:18,967 | INFO | HTTP Request: GET https://kintara.gg/api/servers "HTTP/1.1 200 OK"
2026-08-05 07:41:25,028 | INFO | Molten snapshot updated: Server 7:5, Server 11:2, Server 29:2
2026-08-05 07:41:45,224 | INFO | Molten snapshot updated: Server 7:4, Server 11:2, Server 29:2
2026-08-05 07:42:05,506 | INFO | Molten snapshot updated: Server 7:4, Server 29:3, Server 5:2
2026-08-05 07:42:19,289 | INFO | HTTP Request: GET https://kintara.gg/api/servers "HTTP/1.1 200 OK"
2026-08-05 07:42:26,380 | INFO | Molten snapshot updated: Server 7:3, Server 29:3, Server 5:2
2026-08-05 07:43:06,912 | INFO | Molten snapshot updated: Server 29:3, Server 7:2, Server 26:2
2026-08-05 07:43:19,350 | INFO | HTTP Request: GET https://kintara.gg/api/servers "HTTP/1.1 200 OK"
2026-08-05 07:43:27,509 | INFO | Molten snapshot updated: Server 7:3, Server 29:2, Server 30:2
2026-08-05 07:43:47,828 | INFO | Molten snapshot updated: Server 26:2, Server 29:2, Server 30:2
2026-08-05 07:44:08,048 | INFO | Molten snapshot updated: Server 26:2, Server 28:2, Server 29:2
2026-08-05 07:44:20,972 | WARNING | Molten server refresh failed; keeping the current process alive: [SSL: UNEXPECTED_EOF_WHILE_READING] EOF occurred in violation of protocol (_ssl.c:1081)
2026-08-05 07:44:26,438 | INFO | HTTP Request: GET https://kintara.gg/api/servers "HTTP/1.1 200 OK"
2026-08-05 07:44:28,480 | INFO | Molten snapshot updated: Server 26:3, Server 8:2, Server 29:2
2026-08-05 07:44:48,649 | INFO | Molten snapshot updated: Server 26:3, Server 4:2, Server 8:2
2026-08-05 07:45:08,900 | INFO | Molten snapshot updated: Server 26:3, Server 8:2, Server 29:2
2026-08-05 07:45:25,401 | INFO | HTTP Request: GET https://kintara.gg/api/servers "HTTP/1.1 200 OK"
2026-08-05 07:45:29,469 | INFO | Molten snapshot updated: Server 26:3, Server 7:2, Server 8:2
2026-08-05 07:45:49,635 | INFO | Molten snapshot updated: Server 26:3, Server 8:2, Server 29:2
2026-08-05 07:46:09,776 | INFO | Molten snapshot updated: Server 8:2, Server 29:2, Server 5:1
2026-08-05 07:46:26,959 | INFO | HTTP Request: GET https://kintara.gg/api/servers "HTTP/1.1 200 OK"
2026-08-05 07:46:30,003 | INFO | Molten snapshot updated: Server 8:3, Server 29:2, Server 5:1
2026-08-05 07:46:50,296 | INFO | Molten snapshot updated: Server 8:4, Server 29:2, Server 5:1
2026-08-05 07:47:10,579 | INFO | Molten snapshot updated: Server 8:4, Server 4:1, Server 5:1
2026-08-05 07:47:28,085 | INFO | HTTP Request: GET https://kintara.gg/api/servers "HTTP/1.1 200 OK"
2026-08-05 07:47:31,133 | INFO | Molten snapshot updated: Server 8:5, Server 4:1, Server 5:1
2026-08-05 07:47:51,391 | INFO | Molten snapshot updated: Server 8:5, Server 30:2, Server 4:1
2026-08-05 07:48:11,680 | INFO | Molten snapshot updated: Server 8:6, Server 30:2, Server 4:1
2026-08-05 07:48:27,354 | INFO | HTTP Request: GET https://kintara.gg/api/servers "HTTP/1.1 200 OK"
2026-08-05 07:48:32,438 | INFO | Molten snapshot updated: Server 8:7, Server 30:3, Server 4:1
2026-08-05 07:48:52,624 | INFO | Molten snapshot updated: Server 8:7, Server 30:4, Server 4:1
2026-08-05 07:49:12,830 | INFO | Molten snapshot updated: Server 8:9, Server 30:3, Server 4:1
2026-08-05 07:49:27,766 | INFO | HTTP Request: GET https://kintara.gg/api/servers "HTTP/1.1 200 OK"
2026-08-05 07:49:32,842 | INFO | Molten snapshot updated: Server 8:10, Server 4:2, Server 19:2
2026-08-05 07:49:53,009 | INFO | Molten snapshot updated: Server 8:9, Server 30:2, Server 4:1
2026-08-05 07:50:13,177 | INFO | Molten snapshot updated: Server 8:11, Server 30:2, Server 4:1
2026-08-05 07:50:28,384 | INFO | HTTP Request: GET https://kintara.gg/api/servers "HTTP/1.1 200 OK"
2026-08-05 07:50:33,492 | INFO | Molten snapshot updated: Server 8:11, Server 4:1, Server 12:1
2026-08-05 07:50:53,751 | INFO | Molten snapshot updated: Server 8:11, Server 30:2, Server 4:1
2026-08-05 07:51:13,991 | INFO | Molten snapshot updated: Server 8:12, Server 4:1, Server 12:1
2026-08-05 07:51:28,238 | INFO | HTTP Request: GET https://kintara.gg/api/servers "HTTP/1.1 200 OK"
2026-08-05 07:51:34,344 | INFO | Molten snapshot updated: Server 8:12, Server 27:2, Server 4:1
2026-08-05 07:51:54,557 | INFO | Molten snapshot updated: Server 8:12, Server 19:2, Server 4:1
2026-08-05 07:52:14,795 | INFO | Molten snapshot updated: Server 8:13, Server 4:1, Server 12:1
2026-08-05 07:52:29,956 | INFO | HTTP Request: GET https://kintara.gg/api/servers "HTTP/1.1 200 OK"
2026-08-05 07:52:55,342 | INFO | Molten snapshot updated: Server 8:13, Server 12:1, Server 14:1
2026-08-05 07:53:15,568 | INFO | Molten snapshot updated: Server 8:13, Server 4:1, Server 12:1
2026-08-05 07:53:30,307 | INFO | HTTP Request: GET https://kintara.gg/api/servers "HTTP/1.1 200 OK"
2026-08-05 07:53:36,386 | INFO | Molten snapshot updated: Server 8:13, Server 12:1, Server 14:1
2026-08-05 07:53:56,593 | INFO | Molten snapshot updated: Server 8:13, Server 6:1, Server 12:1
2026-08-05 07:54:31,815 | INFO | HTTP Request: GET https://kintara.gg/api/servers "HTTP/1.1 200 OK"
2026-08-05 07:55:32,424 | WARNING | Molten server refresh failed; keeping the current process alive: [SSL: UNEXPECTED_EOF_WHILE_READING] EOF occurred in violation of protocol (_ssl.c:1081)
2026-08-05 07:55:37,027 | INFO | HTTP Request: GET https://kintara.gg/api/servers "HTTP/1.1 200 OK"
2026-08-05 07:55:58,346 | INFO | Molten snapshot updated: Server 8:13, Server 12:1, Server 14:1
2026-08-05 07:56:18,610 | INFO | Molten snapshot updated: Server 8:14, Server 19:2, Server 12:1
2026-08-05 07:56:38,634 | WARNING | Molten server refresh failed; keeping the current process alive: [SSL: UNEXPECTED_EOF_WHILE_READING] EOF occurred in violation of protocol (_ssl.c:1081)
2026-08-05 07:56:39,665 | INFO | Molten snapshot updated: Server 8:14, Server 10:1, Server 12:1
2026-08-05 07:56:42,993 | INFO | HTTP Request: GET https://kintara.gg/api/servers "HTTP/1.1 200 OK"
2026-08-05 07:57:00,204 | INFO | Molten snapshot updated: Server 8:15, Server 19:2, Server 12:1
2026-08-05 07:57:20,443 | INFO | Molten snapshot updated: Server 8:15, Server 26:2, Server 12:1
2026-08-05 07:57:44,241 | INFO | HTTP Request: GET https://kintara.gg/api/servers "HTTP/1.1 200 OK"
2026-08-05 07:58:01,429 | INFO | Molten snapshot updated: Server 8:14, Server 12:1, Server 14:1
2026-08-05 07:58:21,670 | INFO | Molten snapshot updated: Server 8:15, Server 29:2, Server 12:1
2026-08-05 07:58:43,121 | INFO | HTTP Request: GET https://kintara.gg/api/servers "HTTP/1.1 200 OK"
2026-08-05 07:58:43,135 | INFO | Molten snapshot updated: Server 8:16, Server 12:1, Server 14:1
2026-08-05 07:59:02,366 | INFO | Molten snapshot updated: Server 8:15, Server 14:2, Server 5:1
2026-08-05 07:59:22,604 | INFO | Molten snapshot updated: Server 8:15, Server 5:1, Server 12:1
2026-08-05 07:59:44,493 | INFO | HTTP Request: GET https://kintara.gg/api/servers "HTTP/1.1 200 OK"
2026-08-05 07:59:44,507 | INFO | Molten snapshot updated: Server 8:17, Server 12:1, Server 14:1
2026-08-05 08:00:23,940 | INFO | Molten snapshot updated: Server 8:16, Server 12:1, Server 14:1
2026-08-05 08:00:44,464 | INFO | HTTP Request: GET https://kintara.gg/api/servers "HTTP/1.1 200 OK"
2026-08-05 08:00:45,492 | INFO | Molten snapshot updated: Server 8:14, Server 12:1, Server 14:1
2026-08-05 08:01:05,655 | INFO | Molten snapshot updated: Server 8:12, Server 12:1, Server 14:1
2026-08-05 08:01:25,928 | INFO | Molten snapshot updated: Server 8:15, Server 12:1, Server 14:1
2026-08-05 08:01:45,108 | INFO | HTTP Request: GET https://kintara.gg/api/servers "HTTP/1.1 200 OK"
2026-08-05 08:01:46,154 | INFO | Molten snapshot updated: Server 8:16, Server 12:1, Server 14:1
2026-08-05 08:02:06,300 | INFO | Molten snapshot updated: Server 8:17, Server 12:1, Server 26:1
2026-08-05 08:02:26,539 | INFO | Molten snapshot updated: Server 8:17, Server 11:1, Server 12:1
2026-08-05 08:02:45,905 | INFO | HTTP Request: GET https://kintara.gg/api/servers "HTTP/1.1 200 OK"
2026-08-05 08:02:46,928 | INFO | Molten snapshot updated: Server 8:18, Server 11:1, Server 12:1
2026-08-05 08:03:07,171 | INFO | Molten snapshot updated: Server 8:19, Server 11:1, Server 12:1
2026-08-05 08:03:27,437 | INFO | Molten snapshot updated: Server 8:18, Server 11:1, Server 12:1
2026-08-05 08:03:47,217 | INFO | HTTP Request: GET https://kintara.gg/api/servers "HTTP/1.1 200 OK"
2026-08-05 08:03:48,245 | INFO | Molten snapshot updated: Server 8:19, Server 11:1, Server 12:1
2026-08-05 08:04:08,425 | INFO | Molten snapshot updated: Server 8:18, Server 11:1, Server 12:1
2026-08-05 08:04:28,614 | INFO | Molten snapshot updated: Server 8:19, Server 11:1, Server 12:1
2026-08-05 08:04:46,583 | INFO | HTTP Request: GET https://kintara.gg/api/servers "HTTP/1.1 200 OK"
2026-08-05 08:04:48,661 | INFO | Molten snapshot updated: Server 8:17, Server 11:1, Server 12:1
2026-08-05 08:05:08,846 | INFO | Molten snapshot updated: Server 8:18, Server 12:1, Server 14:1
2026-08-05 08:05:46,907 | INFO | HTTP Request: GET https://kintara.gg/api/servers "HTTP/1.1 200 OK"
2026-08-05 08:06:47,230 | INFO | HTTP Request: GET https://kintara.gg/api/servers "HTTP/1.1 200 OK"
2026-08-05 08:06:51,319 | INFO | Molten snapshot updated: Server 8:18, Server 5:1, Server 12:1
2026-08-05 08:07:11,584 | INFO | Molten snapshot updated: Server 8:18, Server 12:1, Server 14:1
2026-08-05 08:07:31,802 | INFO | Molten snapshot updated: Server 8:16, Server 12:1, Server 14:1
2026-08-05 08:07:47,537 | INFO | HTTP Request: GET https://kintara.gg/api/servers "HTTP/1.1 200 OK"
2026-08-05 08:07:52,575 | INFO | Molten snapshot updated: Server 8:14, Server 13:2, Server 12:1
2026-08-05 08:08:12,842 | INFO | Molten snapshot updated: Server 8:16, Server 26:2, Server 29:2
2026-08-05 08:08:33,067 | INFO | Molten snapshot updated: Server 8:18, Server 14:2, Server 27:2
2026-08-05 08:08:47,738 | INFO | HTTP Request: GET https://kintara.gg/api/servers "HTTP/1.1 200 OK"
2026-08-05 08:08:53,820 | INFO | Molten snapshot updated: Server 8:17, Server 28:2, Server 12:1
2026-08-05 08:09:14,049 | INFO | Molten snapshot updated: Server 8:19, Server 29:2, Server 12:1
2026-08-05 08:09:34,363 | INFO | Molten snapshot updated: Server 8:21, Server 12:1, Server 14:1
2026-08-05 08:09:49,051 | INFO | HTTP Request: GET https://kintara.gg/api/servers "HTTP/1.1 200 OK"
2026-08-05 08:10:15,473 | INFO | Molten snapshot updated: Server 8:21, Server 24:2, Server 12:1
2026-08-05 08:10:48,095 | INFO | HTTP Request: GET https://kintara.gg/api/servers "HTTP/1.1 200 OK"
2026-08-05 08:10:56,240 | INFO | Molten snapshot updated: Server 8:20, Server 24:2, Server 12:1
2026-08-05 08:11:16,470 | INFO | Molten snapshot updated: Server 8:19, Server 12:1, Server 14:1
2026-08-05 08:11:36,701 | INFO | Molten snapshot updated: Server 8:20, Server 12:1, Server 14:1
2026-08-05 08:11:49,573 | INFO | HTTP Request: GET https://kintara.gg/api/servers "HTTP/1.1 200 OK"
2026-08-05 08:12:17,951 | INFO | Molten snapshot updated: Server 8:19, Server 12:1, Server 14:1
2026-08-05 08:12:38,172 | INFO | Molten snapshot updated: Server 8:14, Server 6:2, Server 7:1
2026-08-05 08:12:49,068 | INFO | HTTP Request: GET https://kintara.gg/api/servers "HTTP/1.1 200 OK"
2026-08-05 08:12:58,184 | INFO | Molten snapshot updated: Server 8:12, Server 6:2, Server 12:1
2026-08-05 08:13:18,408 | INFO | Molten snapshot updated: Server 8:16, Server 6:2, Server 12:1
2026-08-05 08:13:38,520 | INFO | Molten snapshot updated: Server 8:18, Server 6:2, Server 12:1
2026-08-05 08:13:50,623 | INFO | HTTP Request: GET https://kintara.gg/api/servers "HTTP/1.1 200 OK"
2026-08-05 08:14:18,899 | INFO | Molten snapshot updated: Server 8:19, Server 6:2, Server 12:1
2026-08-05 08:14:39,069 | INFO | Molten snapshot updated: Server 8:20, Server 6:2, Server 4:1
2026-08-05 08:14:49,608 | INFO | HTTP Request: GET https://kintara.gg/api/servers "HTTP/1.1 200 OK"
2026-08-05 08:14:59,723 | INFO | Molten snapshot updated: Server 8:21, Server 6:2, Server 12:1
2026-08-05 08:15:19,940 | INFO | Molten snapshot updated: Server 8:21, Server 6:2, Server 10:1
2026-08-05 08:15:40,236 | INFO | Molten snapshot updated: Server 8:22, Server 6:2, Server 7:1
2026-08-05 08:15:50,017 | INFO | HTTP Request: GET https://kintara.gg/api/servers "HTTP/1.1 200 OK"
2026-08-05 08:16:00,248 | INFO | Molten snapshot updated: Server 8:22, Server 6:1, Server 10:1
2026-08-05 08:16:20,545 | INFO | Molten snapshot updated: Server 8:23, Server 6:1, Server 9:1
2026-08-05 08:16:40,730 | INFO | Molten snapshot updated: Server 8:23, Server 6:1, Server 10:1
2026-08-05 08:16:50,444 | INFO | HTTP Request: GET https://kintara.gg/api/servers "HTTP/1.1 200 OK"
2026-08-05 08:17:50,547 | INFO | HTTP Request: GET https://kintara.gg/api/servers "HTTP/1.1 200 OK"
2026-08-05 08:18:02,708 | INFO | Molten snapshot updated: Server 8:21, Server 6:1, Server 10:1
2026-08-05 08:18:22,934 | INFO | Molten snapshot updated: Server 8:22, Server 6:1, Server 10:1
2026-08-05 08:18:50,774 | INFO | HTTP Request: GET https://kintara.gg/api/servers "HTTP/1.1 200 OK"
2026-08-05 08:19:03,903 | INFO | Molten snapshot updated: Server 8:17, Server 26:2, Server 6:1
2026-08-05 08:19:24,155 | INFO | Molten snapshot updated: Server 8:14, Server 14:2, Server 6:1
2026-08-05 08:19:44,368 | INFO | Molten snapshot updated: Server 8:12, Server 27:2, Server 6:1
2026-08-05 08:19:51,034 | INFO | HTTP Request: GET https://kintara.gg/api/servers "HTTP/1.1 200 OK"
2026-08-05 08:20:05,188 | INFO | Molten snapshot updated: Server 8:15, Server 10:1, Server 12:1
2026-08-05 08:20:25,464 | INFO | Molten snapshot updated: Server 8:18, Server 10:1, Server 12:1
2026-08-05 08:20:45,704 | INFO | Molten snapshot updated: Server 8:19, Server 10:1, Server 12:1
2026-08-05 08:20:51,012 | INFO | HTTP Request: GET https://kintara.gg/api/servers "HTTP/1.1 200 OK"
2026-08-05 08:21:06,177 | INFO | Molten snapshot updated: Server 8:20, Server 10:1, Server 12:1
2026-08-05 08:21:26,409 | INFO | Molten snapshot updated: Server 8:20, Server 12:1, Server 24:1
2026-08-05 08:21:46,607 | INFO | Molten snapshot updated: Server 8:20, Server 6:1, Server 10:1
2026-08-05 08:21:52,129 | INFO | HTTP Request: GET https://kintara.gg/api/servers "HTTP/1.1 200 OK"
2026-08-05 08:22:07,270 | INFO | Molten snapshot updated: Server 8:21, Server 27:2, Server 6:1
2026-08-05 08:22:27,395 | INFO | Molten snapshot updated: Server 8:22, Server 6:1, Server 10:1
2026-08-05 08:22:47,626 | INFO | Molten snapshot updated: Server 8:22, Server 10:1, Server 12:1
2026-08-05 08:22:54,283 | INFO | HTTP Request: GET https://kintara.gg/api/servers "HTTP/1.1 200 OK"
2026-08-05 08:23:08,474 | INFO | Molten snapshot updated: Server 8:22, Server 12:3, Server 10:1
2026-08-05 08:23:28,646 | INFO | Molten snapshot updated: Server 8:22, Server 12:1, Server 14:1
2026-08-05 08:23:48,838 | INFO | Molten snapshot updated: Server 8:23, Server 24:2, Server 12:1
2026-08-05 08:23:53,774 | INFO | HTTP Request: GET https://kintara.gg/api/servers "HTTP/1.1 200 OK"
2026-08-05 08:24:08,894 | INFO | Molten snapshot updated: Server 8:23, Server 12:1, Server 13:1
2026-08-05 08:24:29,141 | INFO | Molten snapshot updated: Server 8:23, Server 12:1, Server 14:1
2026-08-05 08:24:49,333 | INFO | Molten snapshot updated: Server 8:25, Server 27:2, Server 12:1
2026-08-05 08:24:54,077 | INFO | HTTP Request: GET https://kintara.gg/api/servers "HTTP/1.1 200 OK"
2026-08-05 08:25:10,224 | INFO | Molten snapshot updated: Server 8:21, Server 12:1, Server 14:1
2026-08-05 08:25:30,449 | INFO | Molten snapshot updated: Server 8:20, Server 4:1, Server 12:1
2026-08-05 08:25:50,731 | INFO | Molten snapshot updated: Server 8:22, Server 26:2, Server 12:1
2026-08-05 08:25:54,055 | INFO | HTTP Request: GET https://kintara.gg/api/servers "HTTP/1.1 200 OK"
2026-08-05 08:26:11,126 | INFO | Molten snapshot updated: Server 8:23, Server 30:2, Server 12:1
2026-08-05 08:26:31,354 | INFO | Molten snapshot updated: Server 8:23, Server 12:1, Server 14:1
2026-08-05 08:26:51,646 | INFO | Molten snapshot updated: Server 8:24, Server 12:1, Server 14:1
2026-08-05 08:26:56,864 | INFO | HTTP Request: GET https://kintara.gg/api/servers "HTTP/1.1 200 OK"
2026-08-05 08:27:12,101 | INFO | Molten snapshot updated: Server 8:24, Server 30:2, Server 4:1
2026-08-05 08:27:32,248 | INFO | Molten snapshot updated: Server 8:25, Server 30:2, Server 4:1
2026-08-05 08:27:52,498 | INFO | Molten snapshot updated: Server 8:25, Server 4:1, Server 12:1
2026-08-05 08:27:55,813 | INFO | HTTP Request: GET https://kintara.gg/api/servers "HTTP/1.1 200 OK"
2026-08-05 08:28:13,103 | INFO | Molten snapshot updated: Server 8:25, Server 28:2, Server 4:1
2026-08-05 08:28:53,559 | INFO | Molten snapshot updated: Server 8:25, Server 4:1, Server 12:1
2026-08-05 08:28:57,444 | WARNING | Molten server refresh failed; keeping the current process alive: [SSL: UNEXPECTED_EOF_WHILE_READING] EOF occurred in violation of protocol (_ssl.c:1081)
2026-08-05 08:29:01,973 | INFO | HTTP Request: GET https://kintara.gg/api/servers "HTTP/1.1 200 OK"
2026-08-05 08:29:14,166 | INFO | Molten snapshot updated: Server 8:24, Server 12:1, Server 14:1
2026-08-05 08:29:34,353 | INFO | Molten snapshot updated: Server 8:25, Server 12:1, Server 14:1
2026-08-05 08:29:54,642 | INFO | Molten snapshot updated: Server 8:23, Server 12:1, Server 14:1
2026-08-05 08:30:02,946 | INFO | HTTP Request: GET https://kintara.gg/api/servers "HTTP/1.1 200 OK"
2026-08-05 08:30:15,069 | INFO | Molten snapshot updated: Server 8:25, Server 12:1, Server 14:1
2026-08-05 08:30:35,285 | INFO | Molten snapshot updated: Server 8:25, Server 9:1, Server 12:1
2026-08-05 08:30:55,466 | INFO | Molten snapshot updated: Server 9:1, Server 12:1, Server 14:1
2026-08-05 08:31:03,144 | INFO | HTTP Request: GET https://kintara.gg/api/servers "HTTP/1.1 200 OK"
2026-08-05 08:31:16,240 | INFO | Molten snapshot updated: Server 8:26, Server 9:1, Server 12:1
2026-08-05 08:31:36,605 | INFO | Molten snapshot updated: Server 8:27, Server 9:1, Server 12:1
2026-08-05 08:31:56,845 | INFO | Molten snapshot updated: Server 8:26, Server 9:1, Server 12:1
2026-08-05 08:32:05,454 | INFO | HTTP Request: GET https://kintara.gg/api/servers "HTTP/1.1 200 OK"
2026-08-05 08:32:17,549 | INFO | Molten snapshot updated: Server 8:27, Server 9:1, Server 12:1
2026-08-05 08:32:37,725 | INFO | Molten snapshot updated: Server 9:1, Server 12:1, Server 14:1
2026-08-05 08:32:57,888 | INFO | Molten snapshot updated: Server 8:28, Server 9:1, Server 12:1
2026-08-05 08:33:03,727 | INFO | HTTP Request: GET https://kintara.gg/api/servers "HTTP/1.1 200 OK"
2026-08-05 08:33:18,880 | INFO | Molten snapshot updated: Server 8:27, Server 9:1, Server 12:1
2026-08-05 08:33:39,101 | INFO | Molten snapshot updated: Server 8:25, Server 9:1, Server 12:1
2026-08-05 08:33:59,287 | INFO | Molten snapshot updated: Server 8:24, Server 9:1, Server 12:1
2026-08-05 08:34:04,184 | INFO | HTTP Request: GET https://kintara.gg/api/servers "HTTP/1.1 200 OK"
2026-08-05 08:34:19,367 | INFO | Molten snapshot updated: Server 8:23, Server 9:1, Server 12:1
2026-08-05 08:34:39,614 | INFO | Molten snapshot updated: Server 8:25, Server 9:1, Server 12:1
2026-08-05 08:35:05,810 | INFO | HTTP Request: GET https://kintara.gg/api/servers "HTTP/1.1 200 OK"
2026-08-05 08:35:19,976 | INFO | Molten snapshot updated: Server 8:24, Server 9:1, Server 12:1
2026-08-05 08:35:40,236 | INFO | Molten snapshot updated: Server 8:19, Server 12:1, Server 14:1
2026-08-05 08:36:00,479 | INFO | Molten snapshot updated: Server 8:14, Server 12:1, Server 14:1
2026-08-05 08:36:05,495 | INFO | HTTP Request: GET https://kintara.gg/api/servers "HTTP/1.1 200 OK"
2026-08-05 08:36:20,658 | INFO | Molten snapshot updated: Server 8:6, Server 4:1, Server 12:1
2026-08-05 08:36:40,905 | INFO | Molten snapshot updated: Server 8:4, Server 12:1, Server 14:1
2026-08-05 08:37:07,632 | INFO | HTTP Request: GET https://kintara.gg/api/servers "HTTP/1.1 200 OK"
2026-08-05 08:37:21,753 | INFO | Molten snapshot updated: Server 8:3, Server 12:1, Server 14:1
2026-08-05 08:38:05,607 | INFO | HTTP Request: GET https://kintara.gg/api/servers "HTTP/1.1 200 OK"
2026-08-05 08:38:22,773 | INFO | Molten snapshot updated: Server 8:4, Server 6:1, Server 12:1
2026-08-05 08:38:43,017 | INFO | Molten snapshot updated: Server 8:6, Server 12:1, Server 23:1
2026-08-05 08:39:19,223 | WARNING | Molten server refresh failed; keeping the current process alive: _ssl.c:1063: The handshake operation timed out
2026-08-05 08:39:21,936 | INFO | HTTP Request: GET https://kintara.gg/api/servers "HTTP/1.1 200 OK"
2026-08-05 08:39:44,142 | INFO | Molten snapshot updated: Server 8:5, Server 10:1, Server 12:1
2026-08-05 08:40:04,409 | INFO | Molten snapshot updated: Server 8:4, Server 12:1, Server 21:1
2026-08-05 08:40:22,246 | INFO | HTTP Request: GET https://kintara.gg/api/servers "HTTP/1.1 200 OK"
2026-08-05 08:40:25,285 | INFO | Molten snapshot updated: Server 8:3, Server 12:1, Server 21:1
2026-08-05 08:40:45,489 | INFO | Molten snapshot updated: Server 8:3, Server 12:1, Server 13:1
2026-08-05 08:41:05,676 | INFO | Molten snapshot updated: Server 8:2, Server 30:2, Server 12:1
2026-08-05 08:41:22,650 | INFO | HTTP Request: GET https://kintara.gg/api/servers "HTTP/1.1 200 OK"
2026-08-05 08:41:26,669 | INFO | Molten snapshot updated: Server 8:4, Server 30:2, Server 12:1
2026-08-05 08:42:07,059 | INFO | Molten snapshot updated: Server 8:3, Server 30:3, Server 9:1
2026-08-05 08:42:22,852 | INFO | HTTP Request: GET https://kintara.gg/api/servers "HTTP/1.1 200 OK"
2026-08-05 08:42:27,953 | INFO | Molten snapshot updated: Server 8:3, Server 30:3, Server 16:2
2026-08-05 08:42:48,137 | INFO | Molten snapshot updated: Server 8:4, Server 30:3, Server 9:1
2026-08-05 08:43:08,303 | INFO | Molten snapshot updated: Server 8:5, Server 30:3, Server 9:1
2026-08-05 08:43:23,301 | INFO | HTTP Request: GET https://kintara.gg/api/servers "HTTP/1.1 200 OK"
2026-08-05 08:43:28,339 | INFO | Molten snapshot updated: Server 8:5, Server 30:2, Server 9:1
2026-08-05 08:43:48,472 | INFO | Molten snapshot updated: Server 8:5, Server 30:3, Server 9:1
2026-08-05 08:44:08,577 | INFO | Molten snapshot updated: Server 8:6, Server 30:3, Server 9:1
2026-08-05 08:44:25,939 | INFO | HTTP Request: GET https://kintara.gg/api/servers "HTTP/1.1 200 OK"
2026-08-05 08:44:49,188 | INFO | Molten snapshot updated: Server 8:7, Server 30:4, Server 28:2
2026-08-05 08:45:09,376 | INFO | Molten snapshot updated: Server 8:10, Server 30:5, Server 28:2
2026-08-05 08:45:24,658 | INFO | HTTP Request: GET https://kintara.gg/api/servers "HTTP/1.1 200 OK"
2026-08-05 08:45:29,756 | INFO | Molten snapshot updated: Server 8:13, Server 30:5, Server 28:2
2026-08-05 08:46:10,258 | INFO | Molten snapshot updated: Server 8:12, Server 30:7, Server 7:2
2026-08-05 08:46:26,648 | INFO | HTTP Request: GET https://kintara.gg/api/servers "HTTP/1.1 200 OK"
2026-08-05 08:46:30,739 | INFO | Molten snapshot updated: Server 8:15, Server 30:8, Server 7:3
2026-08-05 08:46:50,948 | INFO | Molten snapshot updated: Server 8:14, Server 30:5, Server 14:2
2026-08-05 08:47:11,091 | INFO | Molten snapshot updated: Server 8:16, Server 30:5, Server 14:2
2026-08-05 08:47:26,028 | INFO | HTTP Request: GET https://kintara.gg/api/servers "HTTP/1.1 200 OK"
2026-08-05 08:47:32,073 | INFO | Molten snapshot updated: Server 8:17, Server 30:5, Server 7:2
2026-08-05 08:47:52,228 | INFO | Molten snapshot updated: Server 8:15, Server 30:7, Server 7:4
2026-08-05 08:48:12,418 | INFO | Molten snapshot updated: Server 8:19, Server 30:10, Server 7:5
2026-08-05 08:48:28,305 | INFO | HTTP Request: GET https://kintara.gg/api/servers "HTTP/1.1 200 OK"
2026-08-05 08:48:33,385 | INFO | Molten snapshot updated: Server 8:18, Server 30:10, Server 7:5
2026-08-05 08:48:53,551 | INFO | Molten snapshot updated: Server 8:19, Server 30:10, Server 7:5
2026-08-05 08:49:26,246 | INFO | HTTP Request: GET https://kintara.gg/api/servers "HTTP/1.1 200 OK"
2026-08-05 08:49:54,472 | INFO | Molten snapshot updated: Server 8:14, Server 30:11, Server 7:5
2026-08-05 08:50:14,628 | INFO | Molten snapshot updated: Server 30:12, Server 8:10, Server 7:5
2026-08-05 08:50:28,987 | INFO | HTTP Request: GET https://kintara.gg/api/servers "HTTP/1.1 200 OK"
2026-08-05 08:50:35,078 | INFO | Molten snapshot updated: Server 30:14, Server 8:8, Server 7:5
2026-08-05 08:50:55,266 | INFO | Molten snapshot updated: Server 30:15, Server 8:8, Server 7:5
2026-08-05 08:51:20,558 | INFO | Molten snapshot updated: Server 30:16, Server 8:7, Server 7:5
2026-08-05 08:51:28,285 | INFO | HTTP Request: GET https://kintara.gg/api/servers "HTTP/1.1 200 OK"
2026-08-05 08:52:03,515 | INFO | Molten snapshot updated: Server 30:18, Server 8:7, Server 7:5
2026-08-05 08:52:23,777 | INFO | Molten snapshot updated: Server 30:21, Server 7:5, Server 8:3
2026-08-05 08:52:31,742 | INFO | HTTP Request: GET https://kintara.gg/api/servers "HTTP/1.1 200 OK"
2026-08-05 08:52:43,855 | INFO | Molten snapshot updated: Server 30:25, Server 7:5, Server 16:4
2026-08-05 08:53:04,067 | INFO | Molten snapshot updated: Server 30:23, Server 7:5, Server 16:4
2026-08-05 08:53:24,253 | INFO | Molten snapshot updated: Server 30:22, Server 7:5, Server 16:4
2026-08-05 08:53:29,059 | INFO | HTTP Request: GET https://kintara.gg/api/servers "HTTP/1.1 200 OK"
2026-08-05 08:53:45,165 | INFO | Molten snapshot updated: Server 30:21, Server 7:5, Server 16:4
2026-08-05 08:54:05,488 | INFO | Molten snapshot updated: Server 30:21, Server 7:5, Server 8:4
2026-08-05 08:54:25,688 | INFO | Molten snapshot updated: Server 30:22, Server 7:5, Server 16:4
2026-08-05 08:54:29,645 | INFO | HTTP Request: GET https://kintara.gg/api/servers "HTTP/1.1 200 OK"
2026-08-05 08:55:26,242 | INFO | Molten snapshot updated: Server 30:19, Server 7:5, Server 16:4
2026-08-05 08:55:30,117 | INFO | HTTP Request: GET https://kintara.gg/api/servers "HTTP/1.1 200 OK"
2026-08-05 08:55:46,264 | INFO | Molten snapshot updated: Server 30:18, Server 7:5, Server 16:4
2026-08-05 08:56:06,384 | INFO | Molten snapshot updated: Server 30:21, Server 7:6, Server 16:4
2026-08-05 08:56:26,603 | INFO | Molten snapshot updated: Server 30:13, Server 7:7, Server 5:5
2026-08-05 08:56:30,033 | INFO | HTTP Request: GET https://kintara.gg/api/servers "HTTP/1.1 200 OK"
2026-08-05 08:56:47,187 | INFO | Molten snapshot updated: Server 30:10, Server 7:6, Server 5:5
2026-08-05 08:57:07,380 | INFO | Molten snapshot updated: Server 7:6, Server 30:6, Server 5:5
2026-08-05 08:57:27,623 | INFO | Molten snapshot updated: Server 7:6, Server 5:5, Server 16:4
2026-08-05 08:57:32,726 | INFO | HTTP Request: GET https://kintara.gg/api/servers "HTTP/1.1 200 OK"
2026-08-05 08:57:47,862 | INFO | Molten snapshot updated: Server 7:6, Server 5:5, Server 16:5
2026-08-05 08:58:28,221 | INFO | Molten snapshot updated: Server 29:8, Server 7:6, Server 16:6
2026-08-05 08:58:32,231 | INFO | HTTP Request: GET https://kintara.gg/api/servers "HTTP/1.1 200 OK"
2026-08-05 08:59:10,753 | INFO | Molten snapshot updated: Server 29:11, Server 19:7, Server 7:6
2026-08-05 08:59:34,266 | INFO | HTTP Request: GET https://kintara.gg/api/servers "HTTP/1.1 200 OK"
2026-08-05 08:59:42,373 | INFO | Molten snapshot updated: Server 29:10, Server 19:8, Server 7:7
2026-08-05 09:00:22,863 | INFO | Molten snapshot updated: Server 19:8, Server 29:8, Server 16:7
2026-08-05 09:00:32,899 | INFO | HTTP Request: GET https://kintara.gg/api/servers "HTTP/1.1 200 OK"
2026-08-05 09:00:43,013 | INFO | Molten snapshot updated: Server 29:11, Server 19:8, Server 16:7
2026-08-05 09:01:10,340 | INFO | Molten snapshot updated: Server 16:7, Server 7:6, Server 5:5
2026-08-05 09:01:30,484 | INFO | Molten snapshot updated: Server 16:8, Server 19:8, Server 7:6
2026-08-05 09:01:32,659 | INFO | HTTP Request: GET https://kintara.gg/api/servers "HTTP/1.1 200 OK"
2026-08-05 09:01:50,852 | INFO | Molten snapshot updated: Server 19:10, Server 7:6, Server 5:5
2026-08-05 09:02:11,050 | INFO | Molten snapshot updated: Server 19:9, Server 16:8, Server 7:7
2026-08-05 09:02:31,338 | INFO | Molten snapshot updated: Server 19:10, Server 16:8, Server 7:7
2026-08-05 09:02:34,000 | INFO | HTTP Request: GET https://kintara.gg/api/servers "HTTP/1.1 200 OK"
2026-08-05 09:03:12,476 | INFO | Molten snapshot updated: Server 19:12, Server 16:8, Server 7:7
2026-08-05 09:03:33,938 | INFO | HTTP Request: GET https://kintara.gg/api/servers "HTTP/1.1 200 OK"
2026-08-05 09:03:53,116 | INFO | Molten snapshot updated: Server 19:15, Server 16:8, Server 7:7
2026-08-05 09:04:13,340 | INFO | Molten snapshot updated: Server 19:14, Server 16:8, Server 7:7
2026-08-05 09:04:36,470 | INFO | HTTP Request: GET https://kintara.gg/api/servers "HTTP/1.1 200 OK"
2026-08-05 09:04:36,487 | INFO | Molten snapshot updated: Server 19:12, Server 7:7, Server 5:6
2026-08-05 09:04:53,685 | INFO | Molten snapshot updated: Server 19:12, Server 16:8, Server 7:7
2026-08-05 09:05:13,909 | INFO | Molten snapshot updated: Server 19:13, Server 16:9, Server 7:7
2026-08-05 09:05:36,513 | INFO | HTTP Request: GET https://kintara.gg/api/servers "HTTP/1.1 200 OK"
2026-08-05 09:05:36,527 | INFO | Molten snapshot updated: Server 19:14, Server 16:9, Server 7:7
2026-08-05 09:05:54,703 | INFO | Molten snapshot updated: Server 19:15, Server 16:9, Server 7:7
2026-08-05 09:06:14,978 | INFO | Molten snapshot updated: Server 19:12, Server 7:8, Server 5:6
2026-08-05 09:06:35,895 | INFO | HTTP Request: GET https://kintara.gg/api/servers "HTTP/1.1 200 OK"
2026-08-05 09:06:36,930 | INFO | Molten snapshot updated: Server 19:11, Server 16:9, Server 7:8
2026-08-05 09:06:59,099 | INFO | Molten snapshot updated: Server 16:9, Server 7:8, Server 19:7
2026-08-05 09:07:19,285 | INFO | Molten snapshot updated: Server 16:10, Server 7:8, Server 19:6
2026-08-05 09:07:35,995 | INFO | HTTP Request: GET https://kintara.gg/api/servers "HTTP/1.1 200 OK"
2026-08-05 09:07:40,042 | INFO | Molten snapshot updated: Server 16:10, Server 7:7, Server 5:6
2026-08-05 09:08:00,283 | INFO | Molten snapshot updated: Server 16:11, Server 5:6, Server 19:4
2026-08-05 09:08:20,513 | INFO | Molten snapshot updated: Server 16:12, Server 5:6, Server 19:3
2026-08-05 09:08:36,405 | INFO | HTTP Request: GET https://kintara.gg/api/servers "HTTP/1.1 200 OK"
2026-08-05 09:08:41,467 | INFO | Molten snapshot updated: Server 16:13, Server 5:5, Server 19:5
2026-08-05 09:09:01,686 | INFO | Molten snapshot updated: Server 16:13, Server 5:6, Server 19:2
2026-08-05 09:09:27,905 | INFO | Molten snapshot updated: Server 16:14, Server 5:6, Server 19:2
2026-08-05 09:09:37,400 | INFO | HTTP Request: GET https://kintara.gg/api/servers "HTTP/1.1 200 OK"
2026-08-05 09:09:48,588 | INFO | Molten snapshot updated: Server 16:14, Server 5:7, Server 9:1
2026-08-05 09:10:08,734 | INFO | Molten snapshot updated: Server 16:14, Server 5:6, Server 7:3
2026-08-05 09:10:28,941 | INFO | Molten snapshot updated: Server 16:15, Server 5:7, Server 7:5
2026-08-05 09:10:37,120 | INFO | HTTP Request: GET https://kintara.gg/api/servers "HTTP/1.1 200 OK"
2026-08-05 09:10:49,224 | INFO | Molten snapshot updated: Server 16:17, Server 5:7, Server 7:7
2026-08-05 09:11:29,650 | INFO | Molten snapshot updated: Server 16:18, Server 5:7, Server 7:7
2026-08-05 09:11:37,420 | INFO | HTTP Request: GET https://kintara.gg/api/servers "HTTP/1.1 200 OK"
2026-08-05 09:12:10,752 | INFO | Molten snapshot updated: Server 16:18, Server 5:8, Server 7:7
2026-08-05 09:12:40,319 | INFO | HTTP Request: GET https://kintara.gg/api/servers "HTTP/1.1 200 OK"
2026-08-05 09:12:51,412 | INFO | Molten snapshot updated: Server 16:19, Server 5:8, Server 7:7
2026-08-05 09:13:31,921 | INFO | Molten snapshot updated: Server 16:19, Server 5:9, Server 7:7
2026-08-05 09:13:37,956 | INFO | HTTP Request: GET https://kintara.gg/api/servers "HTTP/1.1 200 OK"
2026-08-05 09:13:52,112 | INFO | Molten snapshot updated: Server 16:18, Server 5:9, Server 7:8
2026-08-05 09:14:12,369 | INFO | Molten snapshot updated: Server 16:19, Server 5:9, Server 7:8
2026-08-05 09:14:32,565 | INFO | Molten snapshot updated: Server 16:19, Server 7:8, Server 9:2
2026-08-05 09:14:38,474 | INFO | HTTP Request: GET https://kintara.gg/api/servers "HTTP/1.1 200 OK"
2026-08-05 09:15:25,913 | INFO | Molten snapshot updated: Server 16:19, Server 5:8, Server 7:8
2026-08-05 09:15:38,781 | INFO | HTTP Request: GET https://kintara.gg/api/servers "HTTP/1.1 200 OK"
2026-08-05 09:15:46,871 | INFO | Molten snapshot updated: Server 16:19, Server 5:9, Server 7:9
2026-08-05 09:16:40,958 | INFO | HTTP Request: GET https://kintara.gg/api/servers "HTTP/1.1 200 OK"
2026-08-05 09:17:32,524 | INFO | Molten snapshot updated: Server 16:19, Server 7:9, Server 5:8
2026-08-05 09:17:40,618 | INFO | HTTP Request: GET https://kintara.gg/api/servers "HTTP/1.1 200 OK"
2026-08-05 09:17:52,777 | INFO | Molten snapshot updated: Server 16:14, Server 7:9, Server 5:8
2026-08-05 09:18:13,028 | INFO | Molten snapshot updated: Server 7:9, Server 16:9, Server 5:8
2026-08-05 09:18:33,233 | INFO | Molten snapshot updated: Server 7:9, Server 5:8, Server 14:2
2026-08-05 09:18:42,240 | INFO | HTTP Request: GET https://kintara.gg/api/servers "HTTP/1.1 200 OK"
2026-08-05 09:18:53,359 | INFO | Molten snapshot updated: Server 5:9, Server 7:9, Server 16:2
2026-08-05 09:19:13,551 | INFO | Molten snapshot updated: Server 5:9, Server 7:9, Server 6:1
2026-08-05 09:19:43,782 | INFO | HTTP Request: GET https://kintara.gg/api/servers "HTTP/1.1 200 OK"
2026-08-05 09:19:43,796 | INFO | Molten snapshot updated: Server 5:10, Server 7:9, Server 6:1
2026-08-05 09:19:58,988 | INFO | Molten snapshot updated: Server 5:12, Server 7:9, Server 16:2
2026-08-05 09:20:19,161 | INFO | Molten snapshot updated: Server 5:11, Server 7:9, Server 16:5
2026-08-05 09:20:41,499 | INFO | HTTP Request: GET https://kintara.gg/api/servers "HTTP/1.1 200 OK"
2026-08-05 09:20:41,513 | INFO | Molten snapshot updated: Server 5:11, Server 7:9, Server 16:2
2026-08-05 09:20:59,790 | INFO | Molten snapshot updated: Server 5:11, Server 7:8, Server 16:7
2026-08-05 09:21:41,776 | INFO | HTTP Request: GET https://kintara.gg/api/servers "HTTP/1.1 200 OK"
2026-08-05 09:22:00,987 | INFO | Molten snapshot updated: Server 5:10, Server 7:6, Server 10:2
2026-08-05 09:22:21,156 | INFO | Molten snapshot updated: Server 5:10, Server 16:9, Server 9:3
2026-08-05 09:22:42,113 | INFO | HTTP Request: GET https://kintara.gg/api/servers "HTTP/1.1 200 OK"
2026-08-05 09:22:43,140 | INFO | Molten snapshot updated: Server 5:12, Server 16:11, Server 6:1
2026-08-05 09:23:03,312 | INFO | Molten snapshot updated: Server 5:14, Server 16:10, Server 7:2
2026-08-05 09:23:27,551 | INFO | Molten snapshot updated: Server 16:11, Server 5:6, Server 23:2
2026-08-05 09:23:42,734 | INFO | HTTP Request: GET https://kintara.gg/api/servers "HTTP/1.1 200 OK"
2026-08-05 09:23:47,810 | INFO | Molten snapshot updated: Server 16:12, Server 7:3, Server 5:2
2026-08-05 09:24:08,093 | INFO | Molten snapshot updated: Server 16:13, Server 23:3, Server 7:2
2026-08-05 09:24:28,316 | INFO | Molten snapshot updated: Server 16:13, Server 7:2, Server 23:2
2026-08-05 09:24:43,414 | INFO | HTTP Request: GET https://kintara.gg/api/servers "HTTP/1.1 200 OK"
2026-08-05 09:24:48,459 | INFO | Molten snapshot updated: Server 16:14, Server 7:9, Server 28:3
2026-08-05 09:25:08,673 | INFO | Molten snapshot updated: Server 16:14, Server 7:10, Server 28:4
2026-08-05 09:25:28,941 | INFO | Molten snapshot updated: Server 16:14, Server 7:9, Server 28:3
2026-08-05 09:25:43,793 | INFO | HTTP Request: GET https://kintara.gg/api/servers "HTTP/1.1 200 OK"
2026-08-05 09:25:49,889 | INFO | Molten snapshot updated: Server 7:10, Server 16:10, Server 28:4
2026-08-05 09:26:10,046 | INFO | Molten snapshot updated: Server 7:10, Server 16:9, Server 28:4
2026-08-05 09:26:32,265 | INFO | Molten snapshot updated: Server 7:11, Server 16:6, Server 28:4
2026-08-05 09:26:44,129 | INFO | HTTP Request: GET https://kintara.gg/api/servers "HTTP/1.1 200 OK"
2026-08-05 09:27:03,332 | INFO | Molten snapshot updated: Server 7:9, Server 28:6, Server 16:4
2026-08-05 09:27:23,486 | INFO | Molten snapshot updated: Server 7:15, Server 28:8, Server 16:4
2026-08-05 09:27:45,914 | INFO | HTTP Request: GET https://kintara.gg/api/servers "HTTP/1.1 200 OK"
2026-08-05 09:27:46,936 | INFO | Molten snapshot updated: Server 28:8, Server 7:7, Server 16:3
2026-08-05 09:28:07,108 | INFO | Molten snapshot updated: Server 28:12, Server 16:4, Server 5:3
2026-08-05 09:28:48,732 | INFO | HTTP Request: GET https://kintara.gg/api/servers "HTTP/1.1 200 OK"
2026-08-05 09:28:58,856 | INFO | Molten snapshot updated: Server 28:13, Server 7:11, Server 16:4
2026-08-05 09:29:20,080 | INFO | Molten snapshot updated: Server 7:13, Server 28:13, Server 16:5
2026-08-05 09:29:40,267 | INFO | Molten snapshot updated: Server 7:14, Server 28:14, Server 5:1
2026-08-05 09:29:50,550 | INFO | HTTP Request: GET https://kintara.gg/api/servers "HTTP/1.1 200 OK"
2026-08-05 09:30:05,685 | INFO | Molten snapshot updated: Server 28:15, Server 7:14, Server 13:3
2026-08-05 09:30:25,913 | INFO | Molten snapshot updated: Server 7:17, Server 28:14, Server 4:1
2026-08-05 09:30:49,866 | INFO | HTTP Request: GET https://kintara.gg/api/servers "HTTP/1.1 200 OK"
2026-08-05 09:30:50,895 | INFO | Molten snapshot updated: Server 28:15, Server 7:9, Server 4:1
2026-08-05 09:31:11,172 | INFO | Molten snapshot updated: Server 28:15, Server 7:4, Server 5:2
2026-08-05 09:31:31,473 | INFO | Molten snapshot updated: Server 28:15, Server 7:4, Server 6:2
2026-08-05 09:31:46,960 | INFO | HTTP Request: GET https://kintara.gg/api/servers "HTTP/1.1 200 OK"
2026-08-05 09:31:52,034 | INFO | Molten snapshot updated: Server 28:15, Server 7:2, Server 4:1
2026-08-05 09:32:16,279 | INFO | Molten snapshot updated: Server 28:17, Server 4:3, Server 26:3
2026-08-05 09:32:36,495 | INFO | Molten snapshot updated: Server 28:19, Server 4:2, Server 27:2
2026-08-05 09:32:49,163 | INFO | HTTP Request: GET https://kintara.gg/api/servers "HTTP/1.1 200 OK"
2026-08-05 09:32:57,260 | INFO | Molten snapshot updated: Server 28:22, Server 4:4, Server 5:1
2026-08-05 09:33:17,490 | INFO | Molten snapshot updated: Server 28:14, Server 4:3, Server 5:1
2026-08-05 09:33:37,696 | INFO | Molten snapshot updated: Server 28:12, Server 4:3, Server 7:2
2026-08-05 09:33:50,378 | INFO | HTTP Request: GET https://kintara.gg/api/servers "HTTP/1.1 200 OK"
2026-08-05 09:33:58,480 | INFO | Molten snapshot updated: Server 28:11, Server 6:5, Server 4:4
2026-08-05 09:34:18,693 | INFO | Molten snapshot updated: Server 28:11, Server 6:6, Server 4:5
2026-08-05 09:34:38,969 | INFO | Molten snapshot updated: Server 28:12, Server 6:6, Server 4:5
2026-08-05 09:34:48,962 | INFO | HTTP Request: GET https://kintara.gg/api/servers "HTTP/1.1 200 OK"
2026-08-05 09:34:59,073 | INFO | Molten snapshot updated: Server 28:10, Server 4:7, Server 6:7
2026-08-05 09:35:19,330 | INFO | Molten snapshot updated: Server 4:10, Server 6:7, Server 28:4
2026-08-05 09:35:49,512 | INFO | HTTP Request: GET https://kintara.gg/api/servers "HTTP/1.1 200 OK"
2026-08-05 09:36:00,592 | INFO | Molten snapshot updated: Server 6:7, Server 4:5, Server 28:4
2026-08-05 09:36:20,801 | INFO | Molten snapshot updated: Server 6:10, Server 4:6, Server 26:2
2026-08-05 09:36:41,095 | INFO | Molten snapshot updated: Server 4:6, Server 6:6, Server 28:6
2026-08-05 09:36:51,074 | INFO | HTTP Request: GET https://kintara.gg/api/servers "HTTP/1.1 200 OK"
2026-08-05 09:37:01,208 | INFO | Molten snapshot updated: Server 28:7, Server 6:5, Server 4:3
2026-08-05 09:37:21,434 | INFO | Molten snapshot updated: Server 28:7, Server 4:3, Server 23:3
2026-08-05 09:37:41,574 | INFO | Molten snapshot updated: Server 28:9, Server 23:5, Server 4:3
2026-08-05 09:37:50,067 | INFO | HTTP Request: GET https://kintara.gg/api/servers "HTTP/1.1 200 OK"
2026-08-05 09:38:02,178 | INFO | Molten snapshot updated: Server 23:5, Server 28:5, Server 4:3
2026-08-05 09:38:22,468 | INFO | Molten snapshot updated: Server 23:5, Server 28:5, Server 13:4
2026-08-05 09:38:50,691 | INFO | HTTP Request: GET https://kintara.gg/api/servers "HTTP/1.1 200 OK"
2026-08-05 09:38:57,799 | INFO | Molten snapshot updated: Server 13:7, Server 23:6, Server 10:4
2026-08-05 09:39:17,991 | INFO | Molten snapshot updated: Server 23:8, Server 13:7, Server 4:3
2026-08-05 09:39:38,245 | INFO | Molten snapshot updated: Server 23:11, Server 13:7, Server 4:3
2026-08-05 09:39:51,979 | INFO | HTTP Request: GET https://kintara.gg/api/servers "HTTP/1.1 200 OK"
2026-08-05 09:39:59,098 | INFO | Molten snapshot updated: Server 23:14, Server 13:5, Server 6:3
2026-08-05 09:40:19,338 | INFO | Molten snapshot updated: Server 23:14, Server 14:4, Server 13:3
2026-08-05 09:40:39,587 | INFO | Molten snapshot updated: Server 23:5, Server 13:3, Server 10:2
2026-08-05 09:40:53,027 | INFO | HTTP Request: GET https://kintara.gg/api/servers "HTTP/1.1 200 OK"
2026-08-05 09:41:00,138 | INFO | Molten snapshot updated: Server 11:3, Server 13:3, Server 17:3
2026-08-05 09:41:20,356 | INFO | Molten snapshot updated: Server 13:7, Server 11:4, Server 7:2
2026-08-05 09:41:40,563 | INFO | Molten snapshot updated: Server 11:5, Server 13:3, Server 4:1
2026-08-05 09:41:54,365 | INFO | HTTP Request: GET https://kintara.gg/api/servers "HTTP/1.1 200 OK"
2026-08-05 09:42:01,479 | INFO | Molten snapshot updated: Server 11:7, Server 13:5, Server 24:4
2026-08-05 09:42:21,742 | INFO | Molten snapshot updated: Server 11:6, Server 13:5, Server 7:4
2026-08-05 09:42:41,971 | INFO | Molten snapshot updated: Server 11:6, Server 7:5, Server 13:5
2026-08-05 09:42:52,381 | INFO | HTTP Request: GET https://kintara.gg/api/servers "HTTP/1.1 200 OK"
2026-08-05 09:43:02,523 | INFO | Molten snapshot updated: Server 11:7, Server 7:6, Server 13:4
2026-08-05 09:43:22,770 | INFO | Molten snapshot updated: Server 7:8, Server 11:8, Server 13:4
2026-08-05 09:43:42,977 | INFO | Molten snapshot updated: Server 7:10, Server 11:8, Server 13:3
2026-08-05 09:43:53,946 | INFO | HTTP Request: GET https://kintara.gg/api/servers "HTTP/1.1 200 OK"
2026-08-05 09:44:08,221 | INFO | Molten snapshot updated: Server 7:10, Server 11:9, Server 13:2
2026-08-05 09:44:28,437 | INFO | Molten snapshot updated: Server 7:12, Server 11:12, Server 13:2
2026-08-05 09:44:48,635 | INFO | Molten snapshot updated: Server 11:12, Server 7:11, Server 13:3
2026-08-05 09:44:54,156 | INFO | HTTP Request: GET https://kintara.gg/api/servers "HTTP/1.1 200 OK"
2026-08-05 09:45:09,371 | INFO | Molten snapshot updated: Server 11:12, Server 7:10, Server 13:3
2026-08-05 09:45:29,588 | INFO | Molten snapshot updated: Server 11:12, Server 7:8, Server 13:3
2026-08-05 09:45:49,856 | INFO | Molten snapshot updated: Server 11:14, Server 7:7, Server 13:3
2026-08-05 09:45:57,092 | INFO | HTTP Request: GET https://kintara.gg/api/servers "HTTP/1.1 200 OK"
2026-08-05 09:46:10,283 | INFO | Molten snapshot updated: Server 7:8, Server 11:8, Server 13:2
2026-08-05 09:46:30,525 | INFO | Molten snapshot updated: Server 7:8, Server 10:3, Server 15:2
2026-08-05 09:46:50,743 | INFO | Molten snapshot updated: Server 7:15, Server 9:1, Server 10:1
2026-08-05 09:46:56,001 | INFO | HTTP Request: GET https://kintara.gg/api/servers "HTTP/1.1 200 OK"
2026-08-05 09:47:11,229 | INFO | Molten snapshot updated: Server 7:17, Server 12:2, Server 26:2
2026-08-05 09:47:31,477 | INFO | Molten snapshot updated: Server 7:18, Server 4:3, Server 10:1
2026-08-05 09:47:51,702 | INFO | Molten snapshot updated: Server 7:19, Server 4:4, Server 10:1
2026-08-05 09:47:56,393 | INFO | HTTP Request: GET https://kintara.gg/api/servers "HTTP/1.1 200 OK"
2026-08-05 09:48:33,739 | INFO | Molten snapshot updated: Server 7:23, Server 4:3, Server 10:1
2026-08-05 09:48:53,933 | INFO | Molten snapshot updated: Server 7:24, Server 4:4, Server 26:2
2026-08-05 09:48:56,740 | INFO | HTTP Request: GET https://kintara.gg/api/servers "HTTP/1.1 200 OK"
2026-08-05 09:49:14,882 | INFO | Molten snapshot updated: Server 7:25, Server 4:4, Server 29:2
2026-08-05 09:49:35,019 | INFO | Molten snapshot updated: Server 7:25, Server 4:4, Server 10:1
2026-08-05 09:49:58,723 | INFO | HTTP Request: GET https://kintara.gg/api/servers "HTTP/1.1 200 OK"
2026-08-05 09:49:58,745 | INFO | Molten snapshot updated: Server 7:25, Server 4:4, Server 26:2
2026-08-05 09:50:36,246 | INFO | Molten snapshot updated: Server 7:26, Server 4:4, Server 26:2
2026-08-05 09:50:57,048 | INFO | HTTP Request: GET https://kintara.gg/api/servers "HTTP/1.1 200 OK"
2026-08-05 09:50:58,073 | INFO | Molten snapshot updated: Server 7:26, Server 4:5, Server 26:2
2026-08-05 09:51:22,322 | INFO | Molten snapshot updated: Server 7:26, Server 4:6, Server 26:2
2026-08-05 09:51:42,508 | INFO | Molten snapshot updated: Server 7:27, Server 4:6, Server 26:2
2026-08-05 09:51:57,570 | INFO | HTTP Request: GET https://kintara.gg/api/servers "HTTP/1.1 200 OK"
2026-08-05 09:52:02,679 | INFO | Molten snapshot updated: Server 7:28, Server 26:2, Server 6:1
2026-08-05 09:52:22,927 | INFO | Molten snapshot updated: Server 7:28, Server 4:5, Server 26:2
2026-08-05 09:52:43,136 | INFO | Molten snapshot updated: Server 7:28, Server 4:5, Server 6:1
2026-08-05 09:52:57,844 | INFO | HTTP Request: GET https://kintara.gg/api/servers "HTTP/1.1 200 OK"
2026-08-05 09:53:03,940 | INFO | Molten snapshot updated: Server 7:25, Server 4:5, Server 6:1
2026-08-05 09:53:43,284 | INFO | Molten snapshot updated: Server 7:25, Server 4:5, Server 10:1
2026-08-05 09:53:58,077 | INFO | HTTP Request: GET https://kintara.gg/api/servers "HTTP/1.1 200 OK"
2026-08-05 09:54:04,141 | INFO | Molten snapshot updated: Server 7:25, Server 10:1, Server 12:1
2026-08-05 09:54:24,310 | INFO | Molten snapshot updated: Server 7:26, Server 4:5, Server 10:1
2026-08-05 09:54:44,495 | INFO | Molten snapshot updated: Server 7:27, Server 4:5, Server 10:1
2026-08-05 09:54:57,870 | INFO | HTTP Request: GET https://kintara.gg/api/servers "HTTP/1.1 200 OK"
2026-08-05 09:55:04,944 | INFO | Molten snapshot updated: Server 7:26, Server 4:5, Server 11:4
2026-08-05 09:55:32,252 | INFO | Molten snapshot updated: Server 7:26, Server 4:6, Server 11:3
2026-08-05 09:55:52,475 | INFO | Molten snapshot updated: Server 7:25, Server 4:6, Server 11:3
2026-08-05 09:55:59,056 | INFO | HTTP Request: GET https://kintara.gg/api/servers "HTTP/1.1 200 OK"
2026-08-05 09:56:33,360 | INFO | Molten snapshot updated: Server 4:6, Server 11:3, Server 10:1
2026-08-05 09:56:53,485 | INFO | Molten snapshot updated: Server 7:25, Server 4:5, Server 11:3
2026-08-05 09:57:01,252 | INFO | HTTP Request: GET https://kintara.gg/api/servers "HTTP/1.1 200 OK"
2026-08-05 09:57:27,545 | INFO | Molten snapshot updated: Server 7:26, Server 4:6, Server 11:3
2026-08-05 09:57:47,725 | INFO | Molten snapshot updated: Server 7:26, Server 4:6, Server 11:4
2026-08-05 09:58:00,468 | INFO | HTTP Request: GET https://kintara.gg/api/servers "HTTP/1.1 200 OK"
2026-08-05 09:58:28,788 | INFO | Molten snapshot updated: Server 7:25, Server 4:6, Server 11:5
2026-08-05 09:58:49,030 | INFO | Molten snapshot updated: Server 7:23, Server 4:6, Server 11:5
2026-08-05 09:59:00,470 | INFO | HTTP Request: GET https://kintara.gg/api/servers "HTTP/1.1 200 OK"
2026-08-05 09:59:09,570 | INFO | Molten snapshot updated: Server 7:24, Server 4:6, Server 11:5
2026-08-05 09:59:29,800 | INFO | Molten snapshot updated: Server 7:25, Server 4:6, Server 11:5
2026-08-05 09:59:50,047 | INFO | Molten snapshot updated: Server 7:24, Server 4:6, Server 11:5
2026-08-05 10:00:01,908 | INFO | HTTP Request: GET https://kintara.gg/api/servers "HTTP/1.1 200 OK"
2026-08-05 10:00:11,004 | INFO | Molten snapshot updated: Server 7:25, Server 4:6, Server 11:5
2026-08-05 10:00:51,576 | INFO | Molten snapshot updated: Server 7:23, Server 4:7, Server 11:5
2026-08-05 10:01:02,065 | INFO | HTTP Request: GET https://kintara.gg/api/servers "HTTP/1.1 200 OK"
2026-08-05 10:01:12,199 | INFO | Molten snapshot updated: Server 7:24, Server 4:7, Server 11:5
2026-08-05 10:01:52,696 | INFO | Molten snapshot updated: Server 7:26, Server 4:7, Server 11:5
2026-08-05 10:02:03,908 | INFO | HTTP Request: GET https://kintara.gg/api/servers "HTTP/1.1 200 OK"
2026-08-05 10:02:13,003 | INFO | Molten snapshot updated: Server 7:27, Server 4:7, Server 11:5
2026-08-05 10:02:53,438 | INFO | Molten snapshot updated: Server 7:28, Server 4:7, Server 11:5
2026-08-05 10:03:02,987 | INFO | HTTP Request: GET https://kintara.gg/api/servers "HTTP/1.1 200 OK"
2026-08-05 10:03:14,042 | INFO | Molten snapshot updated: Server 7:26, Server 4:7, Server 11:5
2026-08-05 10:03:39,346 | INFO | Molten snapshot updated: Server 7:27, Server 4:7, Server 11:5
2026-08-05 10:03:59,594 | INFO | Molten snapshot updated: Server 7:28, Server 4:7, Server 11:5
2026-08-05 10:04:07,888 | INFO | HTTP Request: GET https://kintara.gg/api/servers "HTTP/1.1 200 OK"
2026-08-05 10:04:20,048 | INFO | Molten snapshot updated: Server 7:29, Server 4:7, Server 11:5
2026-08-05 10:04:40,274 | INFO | Molten snapshot updated: Server 7:30, Server 4:7, Server 11:5
2026-08-05 10:05:06,330 | INFO | HTTP Request: GET https://kintara.gg/api/servers "HTTP/1.1 200 OK"
2026-08-05 10:05:11,407 | INFO | Molten snapshot updated: Server 7:31, Server 4:7, Server 11:5
2026-08-05 10:05:31,663 | INFO | Molten snapshot updated: Server 4:7, Server 11:5, Server 8:3
2026-08-05 10:06:04,288 | INFO | HTTP Request: GET https://kintara.gg/api/servers "HTTP/1.1 200 OK"
2026-08-05 10:06:12,382 | INFO | Molten snapshot updated: Server 7:26, Server 4:7, Server 11:5
2026-08-05 10:06:32,562 | INFO | Molten snapshot updated: Server 4:7, Server 11:5, Server 8:2
2026-08-05 10:06:52,736 | INFO | Molten snapshot updated: Server 7:9, Server 4:7, Server 11:5
2026-08-05 10:07:05,265 | INFO | HTTP Request: GET https://kintara.gg/api/servers "HTTP/1.1 200 OK"
2026-08-05 10:07:13,356 | INFO | Molten snapshot updated: Server 4:9, Server 7:7, Server 11:6
2026-08-05 10:07:33,568 | INFO | Molten snapshot updated: Server 4:7, Server 7:7, Server 11:7
2026-08-05 10:07:53,851 | INFO | Molten snapshot updated: Server 4:10, Server 7:7, Server 11:7
2026-08-05 10:08:06,962 | INFO | HTTP Request: GET https://kintara.gg/api/servers "HTTP/1.1 200 OK"
2026-08-05 10:08:15,059 | INFO | Molten snapshot updated: Server 4:10, Server 11:7, Server 10:1
2026-08-05 10:08:55,472 | INFO | Molten snapshot updated: Server 4:12, Server 11:7, Server 7:4
2026-08-05 10:09:06,922 | INFO | HTTP Request: GET https://kintara.gg/api/servers "HTTP/1.1 200 OK"
2026-08-05 10:09:16,027 | INFO | Molten snapshot updated: Server 4:11, Server 7:7, Server 11:7
2026-08-05 10:09:36,269 | INFO | Molten snapshot updated: Server 4:11, Server 7:9, Server 11:7
2026-08-05 10:09:56,484 | INFO | Molten snapshot updated: Server 7:11, Server 4:10, Server 11:7
2026-08-05 10:10:15,098 | INFO | HTTP Request: GET https://kintara.gg/api/servers "HTTP/1.1 200 OK"
2026-08-05 10:10:17,169 | INFO | Molten snapshot updated: Server 7:15, Server 4:14, Server 11:7
2026-08-05 10:10:37,394 | INFO | Molten snapshot updated: Server 7:16, Server 4:14, Server 11:7
2026-08-05 10:10:57,584 | INFO | Molten snapshot updated: Server 7:17, Server 4:14, Server 11:7
2026-08-05 10:11:10,857 | INFO | HTTP Request: GET https://kintara.gg/api/servers "HTTP/1.1 200 OK"
2026-08-05 10:11:17,954 | INFO | Molten snapshot updated: Server 7:20, Server 4:14, Server 11:7
2026-08-05 10:11:58,333 | INFO | Molten snapshot updated: Server 7:21, Server 4:14, Server 11:7
2026-08-05 10:12:13,106 | INFO | HTTP Request: GET https://kintara.gg/api/servers "HTTP/1.1 200 OK"
2026-08-05 10:12:39,415 | INFO | Molten snapshot updated: Server 7:22, Server 4:14, Server 11:7
2026-08-05 10:13:10,398 | INFO | HTTP Request: GET https://kintara.gg/api/servers "HTTP/1.1 200 OK"
2026-08-05 10:13:40,744 | INFO | Molten snapshot updated: Server 4:14, Server 11:7, Server 29:2
2026-08-05 10:14:08,894 | INFO | HTTP Request: GET https://kintara.gg/api/servers "HTTP/1.1 200 OK"
2026-08-05 10:14:22,035 | INFO | Molten snapshot updated: Server 7:24, Server 4:14, Server 11:7
2026-08-05 10:14:42,203 | INFO | Molten snapshot updated: Server 7:22, Server 4:14, Server 11:7
2026-08-05 10:15:02,428 | INFO | Molten snapshot updated: Server 7:24, Server 4:14, Server 11:7
2026-08-05 10:15:09,200 | INFO | HTTP Request: GET https://kintara.gg/api/servers "HTTP/1.1 200 OK"
2026-08-05 10:15:43,590 | INFO | Molten snapshot updated: Server 7:23, Server 4:14, Server 11:7
2026-08-05 10:16:03,823 | INFO | Molten snapshot updated: Server 7:22, Server 4:14, Server 11:7
2026-08-05 10:16:09,357 | INFO | HTTP Request: GET https://kintara.gg/api/servers "HTTP/1.1 200 OK"
2026-08-05 10:16:24,531 | INFO | Molten snapshot updated: Server 7:22, Server 4:13, Server 11:7
2026-08-05 10:16:44,765 | INFO | Molten snapshot updated: Server 7:22, Server 4:14, Server 11:7
2026-08-05 10:17:04,957 | INFO | Molten snapshot updated: Server 7:23, Server 4:14, Server 11:7
2026-08-05 10:17:09,886 | INFO | HTTP Request: GET https://kintara.gg/api/servers "HTTP/1.1 200 OK"
2026-08-05 10:17:25,059 | INFO | Molten snapshot updated: Server 7:23, Server 4:14, Server 11:6
2026-08-05 10:17:45,290 | INFO | Molten snapshot updated: Server 7:24, Server 4:14, Server 10:2
2026-08-05 10:18:05,525 | INFO | Molten snapshot updated: Server 7:24, Server 4:13, Server 10:2
2026-08-05 10:18:10,268 | INFO | HTTP Request: GET https://kintara.gg/api/servers "HTTP/1.1 200 OK"
2026-08-05 10:18:46,645 | INFO | Molten snapshot updated: Server 7:25, Server 4:13, Server 5:1
2026-08-05 10:19:06,891 | INFO | Molten snapshot updated: Server 7:24, Server 4:14, Server 5:1
2026-08-05 10:19:10,851 | INFO | HTTP Request: GET https://kintara.gg/api/servers "HTTP/1.1 200 OK"
2026-08-05 10:19:27,041 | INFO | Molten snapshot updated: Server 7:25, Server 4:13, Server 15:2
2026-08-05 10:19:47,289 | INFO | Molten snapshot updated: Server 7:25, Server 4:14, Server 15:2
2026-08-05 10:20:07,512 | INFO | Molten snapshot updated: Server 7:25, Server 4:13, Server 15:2
2026-08-05 10:20:10,901 | INFO | HTTP Request: GET https://kintara.gg/api/servers "HTTP/1.1 200 OK"
2026-08-05 10:20:28,118 | INFO | Molten snapshot updated: Server 7:26, Server 4:13, Server 9:1
2026-08-05 10:20:48,323 | INFO | Molten snapshot updated: Server 7:28, Server 4:14, Server 9:1
2026-08-05 10:21:13,853 | INFO | HTTP Request: GET https://kintara.gg/api/servers "HTTP/1.1 200 OK"
2026-08-05 10:21:29,041 | INFO | Molten snapshot updated: Server 7:27, Server 4:14, Server 9:1
2026-08-05 10:22:09,513 | INFO | Molten snapshot updated: Server 7:27, Server 4:13, Server 9:1
2026-08-05 10:22:12,104 | INFO | HTTP Request: GET https://kintara.gg/api/servers "HTTP/1.1 200 OK"
2026-08-05 10:22:30,250 | INFO | Molten snapshot updated: Server 7:26, Server 4:13, Server 9:1
2026-08-05 10:22:53,493 | INFO | Molten snapshot updated: Server 7:27, Server 4:14, Server 9:1
2026-08-05 10:23:12,006 | INFO | HTTP Request: GET https://kintara.gg/api/servers "HTTP/1.1 200 OK"
2026-08-05 10:23:34,240 | INFO | Molten snapshot updated: Server 7:26, Server 4:14, Server 9:1
2026-08-05 10:24:05,578 | INFO | Molten snapshot updated: Server 7:27, Server 4:14, Server 9:1
2026-08-05 10:24:13,799 | INFO | HTTP Request: GET https://kintara.gg/api/servers "HTTP/1.1 200 OK"
2026-08-05 10:24:25,955 | INFO | Molten snapshot updated: Server 7:28, Server 4:14, Server 9:1
2026-08-05 10:24:46,197 | INFO | Molten snapshot updated: Server 7:27, Server 4:14, Server 9:1
2026-08-05 10:25:06,464 | INFO | Molten snapshot updated: Server 7:28, Server 4:14, Server 9:1
2026-08-05 10:25:14,884 | INFO | HTTP Request: GET https://kintara.gg/api/servers "HTTP/1.1 200 OK"
2026-08-05 10:26:14,889 | INFO | HTTP Request: GET https://kintara.gg/api/servers "HTTP/1.1 200 OK"
2026-08-05 10:26:48,285 | INFO | Molten snapshot updated: Server 7:27, Server 4:14, Server 9:1
2026-08-05 10:27:08,454 | INFO | Molten snapshot updated: Server 7:28, Server 4:14, Server 9:1
2026-08-05 10:27:18,934 | INFO | HTTP Request: GET https://kintara.gg/api/servers "HTTP/1.1 200 OK"
2026-08-05 10:27:29,045 | INFO | Molten snapshot updated: Server 7:27, Server 4:14, Server 28:3
2026-08-05 10:27:49,261 | INFO | Molten snapshot updated: Server 7:25, Server 4:14, Server 28:3
2026-08-05 10:28:09,479 | INFO | Molten snapshot updated: Server 7:24, Server 4:11, Server 9:1
2026-08-05 10:28:19,381 | INFO | HTTP Request: GET https://kintara.gg/api/servers "HTTP/1.1 200 OK"
2026-08-05 10:28:29,511 | INFO | Molten snapshot updated: Server 7:25, Server 4:13, Server 9:1
2026-08-05 10:28:49,723 | INFO | Molten snapshot updated: Server 7:26, Server 4:12, Server 23:3
2026-08-05 10:29:09,950 | INFO | Molten snapshot updated: Server 7:28, Server 4:14, Server 9:1
2026-08-05 10:29:19,016 | INFO | HTTP Request: GET https://kintara.gg/api/servers "HTTP/1.1 200 OK"
2026-08-05 10:29:30,175 | INFO | Molten snapshot updated: Server 7:27, Server 4:14, Server 9:1
2026-08-05 10:29:50,415 | INFO | Molten snapshot updated: Server 7:27, Server 4:11, Server 9:1
2026-08-05 10:30:10,623 | INFO | Molten snapshot updated: Server 7:28, Server 4:1, Server 9:1
2026-08-05 10:30:18,898 | INFO | HTTP Request: GET https://kintara.gg/api/servers "HTTP/1.1 200 OK"
2026-08-05 10:30:31,015 | INFO | Molten snapshot updated: Server 7:29, Server 4:3, Server 5:1
2026-08-05 10:30:51,268 | INFO | Molten snapshot updated: Server 7:30, Server 4:3, Server 9:1
2026-08-05 10:31:11,528 | INFO | Molten snapshot updated: Server 7:30, Server 4:4, Server 9:3
2026-08-05 10:31:18,493 | INFO | HTTP Request: GET https://kintara.gg/api/servers "HTTP/1.1 200 OK"
2026-08-05 10:31:31,634 | INFO | Molten snapshot updated: Server 7:30, Server 4:5, Server 9:3
2026-08-05 10:31:51,835 | INFO | Molten snapshot updated: Server 7:28, Server 4:5, Server 10:1
2026-08-05 10:32:12,087 | INFO | Molten snapshot updated: Server 7:29, Server 4:6, Server 10:1
2026-08-05 10:32:18,777 | INFO | HTTP Request: GET https://kintara.gg/api/servers "HTTP/1.1 200 OK"
2026-08-05 10:32:32,924 | INFO | Molten snapshot updated: Server 7:29, Server 4:8, Server 13:2
2026-08-05 10:32:53,142 | INFO | Molten snapshot updated: Server 7:28, Server 4:7, Server 14:3
2026-08-05 10:33:13,394 | INFO | Molten snapshot updated: Server 7:29, Server 4:9, Server 15:3
2026-08-05 10:33:22,147 | INFO | HTTP Request: GET https://kintara.gg/api/servers "HTTP/1.1 200 OK"
2026-08-05 10:33:34,285 | INFO | Molten snapshot updated: Server 7:27, Server 4:9, Server 13:2
2026-08-05 10:33:55,474 | INFO | Molten snapshot updated: Server 7:27, Server 4:10, Server 19:3
2026-08-05 10:34:15,696 | INFO | Molten snapshot updated: Server 7:26, Server 4:10, Server 21:4
2026-08-05 10:34:19,129 | INFO | HTTP Request: GET https://kintara.gg/api/servers "HTTP/1.1 200 OK"
2026-08-05 10:34:36,334 | INFO | Molten snapshot updated: Server 7:27, Server 4:10, Server 28:2
2026-08-05 10:34:56,548 | INFO | Molten snapshot updated: Server 7:26, Server 4:10, Server 28:2
2026-08-05 10:35:16,769 | INFO | Molten snapshot updated: Server 7:27, Server 4:11, Server 28:2
2026-08-05 10:35:19,060 | INFO | HTTP Request: GET https://kintara.gg/api/servers "HTTP/1.1 200 OK"
2026-08-05 10:35:57,481 | INFO | Molten snapshot updated: Server 7:27, Server 4:13, Server 28:2
2026-08-05 10:36:20,348 | INFO | HTTP Request: GET https://kintara.gg/api/servers "HTTP/1.1 200 OK"
2026-08-05 10:36:20,363 | INFO | Molten snapshot updated: Server 7:27, Server 4:13, Server 13:1
2026-08-05 10:36:39,576 | INFO | Molten snapshot updated: Server 7:28, Server 4:13, Server 11:1
2026-08-05 10:36:59,751 | INFO | Molten snapshot updated: Server 7:28, Server 4:11, Server 11:1
2026-08-05 10:37:20,799 | INFO | HTTP Request: GET https://kintara.gg/api/servers "HTTP/1.1 200 OK"
2026-08-05 10:37:21,826 | INFO | Molten snapshot updated: Server 7:27, Server 4:11, Server 11:1
2026-08-05 10:37:42,014 | INFO | Molten snapshot updated: Server 7:26, Server 4:12, Server 11:1
2026-08-05 10:38:02,270 | INFO | Molten snapshot updated: Server 7:27, Server 4:12, Server 11:2
2026-08-05 10:38:22,329 | INFO | HTTP Request: GET https://kintara.gg/api/servers "HTTP/1.1 200 OK"
2026-08-05 10:38:23,359 | INFO | Molten snapshot updated: Server 7:24, Server 4:14, Server 11:1
2026-08-05 10:38:43,560 | INFO | Molten snapshot updated: Server 7:15, Server 4:14, Server 11:1
2026-08-05 10:39:03,735 | INFO | Molten snapshot updated: Server 4:15, Server 7:11, Server 11:2
2026-08-05 10:39:21,525 | INFO | HTTP Request: GET https://kintara.gg/api/servers "HTTP/1.1 200 OK"
2026-08-05 10:39:44,738 | INFO | Molten snapshot updated: Server 4:16, Server 7:14, Server 6:1
2026-08-05 10:40:04,934 | INFO | Molten snapshot updated: Server 4:15, Server 7:15, Server 13:1
2026-08-05 10:40:21,689 | INFO | HTTP Request: GET https://kintara.gg/api/servers "HTTP/1.1 200 OK"
2026-08-05 10:40:25,754 | INFO | Molten snapshot updated: Server 7:16, Server 4:13, Server 14:2
2026-08-05 10:40:45,953 | INFO | Molten snapshot updated: Server 7:19, Server 4:15, Server 14:2
2026-08-05 10:41:22,293 | INFO | HTTP Request: GET https://kintara.gg/api/servers "HTTP/1.1 200 OK"
2026-08-05 10:41:26,401 | INFO | Molten snapshot updated: Server 7:22, Server 4:16, Server 14:2
2026-08-05 10:41:46,620 | INFO | Molten snapshot updated: Server 7:22, Server 4:15, Server 13:1
2026-08-05 10:42:06,821 | INFO | Molten snapshot updated: Server 7:22, Server 4:15, Server 10:1
2026-08-05 10:42:22,607 | INFO | HTTP Request: GET https://kintara.gg/api/servers "HTTP/1.1 200 OK"
2026-08-05 10:42:27,674 | INFO | Molten snapshot updated: Server 7:24, Server 4:16, Server 29:2
2026-08-05 10:42:47,853 | INFO | Molten snapshot updated: Server 7:23, Server 4:16, Server 10:1
2026-08-05 10:43:08,088 | INFO | Molten snapshot updated: Server 7:26, Server 4:17, Server 10:1
2026-08-05 10:43:24,213 | INFO | HTTP Request: GET https://kintara.gg/api/servers "HTTP/1.1 200 OK"
2026-08-05 10:43:28,272 | INFO | Molten snapshot updated: Server 7:26, Server 4:17, Server 8:1
2026-08-05 10:43:48,481 | INFO | Molten snapshot updated: Server 7:25, Server 4:17, Server 10:1
2026-08-05 10:44:08,720 | INFO | Molten snapshot updated: Server 7:24, Server 4:18, Server 10:1
2026-08-05 10:44:29,242 | INFO | HTTP Request: GET https://kintara.gg/api/servers "HTTP/1.1 200 OK"
2026-08-05 10:44:30,265 | INFO | Molten snapshot updated: Server 7:27, Server 4:18, Server 10:1
2026-08-05 10:45:10,664 | INFO | Molten snapshot updated: Server 7:28, Server 4:18, Server 10:1
2026-08-05 10:45:24,542 | INFO | HTTP Request: GET https://kintara.gg/api/servers "HTTP/1.1 200 OK"
2026-08-05 10:45:30,675 | INFO | Molten snapshot updated: Server 7:26, Server 4:18, Server 10:1
2026-08-05 10:45:50,946 | INFO | Molten snapshot updated: Server 7:26, Server 4:18, Server 13:1
2026-08-05 10:46:11,111 | INFO | Molten snapshot updated: Server 7:25, Server 4:18, Server 13:1
2026-08-05 10:46:24,411 | WARNING | Molten server refresh failed; keeping the current process alive: [SSL: UNEXPECTED_EOF_WHILE_READING] EOF occurred in violation of protocol (_ssl.c:1081)
2026-08-05 10:46:30,152 | INFO | HTTP Request: GET https://kintara.gg/api/servers "HTTP/1.1 200 OK"
2026-08-05 10:46:31,172 | INFO | Molten snapshot updated: Server 7:26, Server 4:18, Server 13:1
2026-08-05 10:46:55,426 | INFO | Molten snapshot updated: Server 4:18, Server 13:1, Server 14:1
2026-08-05 10:47:15,692 | INFO | Molten snapshot updated: Server 4:17, Server 13:1, Server 14:1
2026-08-05 10:47:32,634 | INFO | HTTP Request: GET https://kintara.gg/api/servers "HTTP/1.1 200 OK"
2026-08-05 10:47:35,682 | INFO | Molten snapshot updated: Server 4:17, Server 23:2, Server 13:1
2026-08-05 10:47:55,880 | INFO | Molten snapshot updated: Server 7:31, Server 4:15, Server 13:1
2026-08-05 10:48:16,129 | INFO | Molten snapshot updated: Server 7:32, Server 4:6, Server 30:2
2026-08-05 10:48:30,930 | INFO | HTTP Request: GET https://kintara.gg/api/servers "HTTP/1.1 200 OK"
2026-08-05 10:48:36,978 | INFO | Molten snapshot updated: Server 7:32, Server 4:2, Server 30:2
2026-08-05 10:48:57,167 | INFO | Molten snapshot updated: Server 7:31, Server 30:2, Server 13:1
2026-08-05 10:49:17,379 | INFO | Molten snapshot updated: Server 7:33, Server 13:1, Server 14:1
2026-08-05 10:49:30,058 | WARNING | Molten server refresh failed; keeping the current process alive: [SSL: UNEXPECTED_EOF_WHILE_READING] EOF occurred in violation of protocol (_ssl.c:1081)
2026-08-05 10:49:37,009 | INFO | HTTP Request: GET https://kintara.gg/api/servers "HTTP/1.1 200 OK"
2026-08-05 10:49:58,173 | INFO | Molten snapshot updated: Server 7:33, Server 29:2, Server 13:1
2026-08-05 10:50:18,389 | INFO | Molten snapshot updated: Server 7:33, Server 29:2, Server 4:1
2026-08-05 10:50:37,157 | INFO | HTTP Request: GET https://kintara.gg/api/servers "HTTP/1.1 200 OK"
2026-08-05 10:50:39,195 | INFO | Molten snapshot updated: Server 7:33, Server 24:2, Server 29:2
2026-08-05 10:51:17,543 | INFO | Molten snapshot updated: Server 7:31, Server 4:1, Server 13:1
2026-08-05 10:51:38,350 | INFO | HTTP Request: GET https://kintara.gg/api/servers "HTTP/1.1 200 OK"
2026-08-05 10:51:39,376 | INFO | Molten snapshot updated: Server 7:29, Server 4:1, Server 6:1
2026-08-05 10:51:59,545 | INFO | Molten snapshot updated: Server 7:30, Server 6:1, Server 13:1
2026-08-05 10:52:19,744 | INFO | Molten snapshot updated: Server 7:34, Server 4:2, Server 6:1
2026-08-05 10:52:38,636 | INFO | HTTP Request: GET https://kintara.gg/api/servers "HTTP/1.1 200 OK"
2026-08-05 10:52:40,678 | INFO | Molten snapshot updated: Server 7:34, Server 4:2, Server 24:2
2026-08-05 10:53:00,838 | INFO | Molten snapshot updated: Server 7:33, Server 4:3, Server 28:2
2026-08-05 10:53:21,032 | INFO | Molten snapshot updated: Server 7:34, Server 4:5, Server 6:1
2026-08-05 10:53:38,087 | INFO | HTTP Request: GET https://kintara.gg/api/servers "HTTP/1.1 200 OK"
2026-08-05 10:53:41,136 | INFO | Molten snapshot updated: Server 7:34, Server 4:6, Server 6:2
2026-08-05 10:54:01,439 | INFO | Molten snapshot updated: Server 7:34, Server 4:7, Server 6:1
2026-08-05 10:54:21,669 | INFO | Molten snapshot updated: Server 7:34, Server 4:10, Server 6:1
2026-08-05 10:54:39,241 | INFO | HTTP Request: GET https://kintara.gg/api/servers "HTTP/1.1 200 OK"
2026-08-05 10:54:42,288 | INFO | Molten snapshot updated: Server 7:34, Server 4:11, Server 6:1
2026-08-05 10:55:02,608 | INFO | Molten snapshot updated: Server 7:33, Server 4:12, Server 6:1
2026-08-05 10:55:22,811 | INFO | Molten snapshot updated: Server 7:33, Server 4:12, Server 14:2
2026-08-05 10:55:40,687 | INFO | HTTP Request: GET https://kintara.gg/api/servers "HTTP/1.1 200 OK"
2026-08-05 10:55:43,724 | INFO | Molten snapshot updated: Server 7:33, Server 4:13, Server 14:2
2026-08-05 10:56:03,954 | INFO | Molten snapshot updated: Server 7:33, Server 4:13, Server 6:1
2026-08-05 10:56:24,144 | INFO | Molten snapshot updated: Server 7:33, Server 4:13, Server 28:2
2026-08-05 10:56:38,517 | INFO | HTTP Request: GET https://kintara.gg/api/servers "HTTP/1.1 200 OK"
2026-08-05 10:57:28,157 | INFO | Molten snapshot updated: Server 7:34, Server 4:13, Server 28:2
2026-08-05 10:57:38,673 | INFO | HTTP Request: GET https://kintara.gg/api/servers "HTTP/1.1 200 OK"
2026-08-05 10:58:09,011 | INFO | Molten snapshot updated: Server 7:33, Server 4:13, Server 28:2
2026-08-05 10:58:29,237 | INFO | Molten snapshot updated: Server 7:32, Server 4:13, Server 28:2
2026-08-05 10:58:39,861 | INFO | HTTP Request: GET https://kintara.gg/api/servers "HTTP/1.1 200 OK"
2026-08-05 10:59:30,588 | INFO | Molten snapshot updated: Server 7:31, Server 4:13, Server 28:2
2026-08-05 10:59:39,467 | INFO | HTTP Request: GET https://kintara.gg/api/servers "HTTP/1.1 200 OK"
2026-08-05 10:59:51,661 | INFO | Molten snapshot updated: Server 7:30, Server 4:13, Server 28:2
2026-08-05 11:00:10,901 | INFO | Molten snapshot updated: Server 7:32, Server 4:9, Server 24:2
2026-08-05 11:00:31,201 | INFO | Molten snapshot updated: Server 7:33, Server 4:9, Server 6:1
2026-08-05 11:00:40,521 | INFO | HTTP Request: GET https://kintara.gg/api/servers "HTTP/1.1 200 OK"
2026-08-05 11:00:51,633 | INFO | Molten snapshot updated: Server 7:33, Server 4:11, Server 20:2
2026-08-05 11:01:11,825 | INFO | Molten snapshot updated: Server 7:33, Server 4:13, Server 20:2
2026-08-05 11:01:43,476 | INFO | HTTP Request: GET https://kintara.gg/api/servers "HTTP/1.1 200 OK"
2026-08-05 11:02:12,866 | INFO | Molten snapshot updated: Server 7:32, Server 4:13, Server 20:2
2026-08-05 11:02:33,048 | INFO | Molten snapshot updated: Server 7:32, Server 4:13, Server 6:1
2026-08-05 11:02:41,162 | INFO | HTTP Request: GET https://kintara.gg/api/servers "HTTP/1.1 200 OK"
2026-08-05 11:02:53,302 | INFO | Molten snapshot updated: Server 4:13, Server 6:1, Server 10:1
2026-08-05 11:03:13,540 | INFO | Molten snapshot updated: Server 7:33, Server 4:13, Server 6:1
2026-08-05 11:03:33,843 | INFO | Molten snapshot updated: Server 4:13, Server 6:1, Server 10:1
2026-08-05 11:03:42,085 | INFO | HTTP Request: GET https://kintara.gg/api/servers "HTTP/1.1 200 OK"
2026-08-05 11:03:54,237 | INFO | Molten snapshot updated: Server 7:30, Server 4:13, Server 6:1
2026-08-05 11:04:14,484 | INFO | Molten snapshot updated: Server 7:18, Server 4:13, Server 5:1
2026-08-05 11:04:34,697 | INFO | Molten snapshot updated: Server 4:13, Server 7:13, Server 10:2
2026-08-05 11:04:44,130 | INFO | HTTP Request: GET https://kintara.gg/api/servers "HTTP/1.1 200 OK"
2026-08-05 11:04:55,261 | INFO | Molten snapshot updated: Server 4:13, Server 7:12, Server 6:1
2026-08-05 11:05:15,508 | INFO | Molten snapshot updated: Server 7:15, Server 4:14, Server 6:1
2026-08-05 11:05:35,688 | INFO | Molten snapshot updated: Server 7:16, Server 4:14, Server 6:1
2026-08-05 11:05:44,701 | INFO | HTTP Request: GET https://kintara.gg/api/servers "HTTP/1.1 200 OK"
2026-08-05 11:06:16,092 | INFO | Molten snapshot updated: Server 7:17, Server 4:14, Server 6:1
2026-08-05 11:06:36,337 | INFO | Molten snapshot updated: Server 7:19, Server 4:14, Server 6:1
2026-08-05 11:06:44,551 | INFO | HTTP Request: GET https://kintara.gg/api/servers "HTTP/1.1 200 OK"
2026-08-05 11:07:16,960 | INFO | Molten snapshot updated: Server 7:20, Server 4:12, Server 6:1
2026-08-05 11:07:37,262 | INFO | Molten snapshot updated: Server 7:19, Server 4:12, Server 6:1
2026-08-05 11:07:45,039 | INFO | HTTP Request: GET https://kintara.gg/api/servers "HTTP/1.1 200 OK"
2026-08-05 11:07:58,186 | INFO | Molten snapshot updated: Server 7:20, Server 4:13, Server 6:1
2026-08-05 11:08:18,427 | INFO | Molten snapshot updated: Server 7:21, Server 4:13, Server 6:1
2026-08-05 11:08:38,680 | INFO | Molten snapshot updated: Server 7:22, Server 4:14, Server 6:1
2026-08-05 11:08:50,446 | INFO | HTTP Request: GET https://kintara.gg/api/servers "HTTP/1.1 200 OK"
2026-08-05 11:08:59,569 | INFO | Molten snapshot updated: Server 7:27, Server 4:14, Server 6:1
2026-08-05 11:09:40,080 | INFO | Molten snapshot updated: Server 7:29, Server 4:14, Server 21:2
2026-08-05 11:09:48,027 | INFO | HTTP Request: GET https://kintara.gg/api/servers "HTTP/1.1 200 OK"
2026-08-05 11:10:00,182 | INFO | Molten snapshot updated: Server 7:28, Server 4:14, Server 6:1
2026-08-05 11:10:46,435 | INFO | HTTP Request: GET https://kintara.gg/api/servers "HTTP/1.1 200 OK"
2026-08-05 11:11:21,821 | INFO | Molten snapshot updated: Server 7:27, Server 4:14, Server 6:1
2026-08-05 11:11:42,043 | INFO | Molten snapshot updated: Server 7:27, Server 4:15, Server 6:1
2026-08-05 11:11:46,951 | INFO | HTTP Request: GET https://kintara.gg/api/servers "HTTP/1.1 200 OK"
2026-08-05 11:12:22,354 | INFO | Molten snapshot updated: Server 7:28, Server 4:15, Server 6:1
2026-08-05 11:12:47,107 | INFO | HTTP Request: GET https://kintara.gg/api/servers "HTTP/1.1 200 OK"
2026-08-05 11:13:03,302 | INFO | Molten snapshot updated: Server 7:29, Server 4:15, Server 6:1
2026-08-05 11:13:43,673 | INFO | Molten snapshot updated: Server 7:29, Server 4:15, Server 15:2
2026-08-05 11:13:46,986 | INFO | HTTP Request: GET https://kintara.gg/api/servers "HTTP/1.1 200 OK"
2026-08-05 11:14:04,134 | INFO | Molten snapshot updated: Server 7:25, Server 4:15, Server 15:2
2026-08-05 11:14:24,344 | INFO | Molten snapshot updated: Server 7:19, Server 4:14, Server 15:2
2026-08-05 11:14:44,526 | INFO | Molten snapshot updated: Server 4:15, Server 7:12, Server 15:2
2026-08-05 11:14:52,682 | INFO | HTTP Request: GET https://kintara.gg/api/servers "HTTP/1.1 200 OK"
2026-08-05 11:15:04,797 | INFO | Molten snapshot updated: Server 7:18, Server 4:16, Server 15:2
2026-08-05 11:15:25,008 | INFO | Molten snapshot updated: Server 7:20, Server 4:15, Server 6:1
2026-08-05 11:15:45,241 | INFO | Molten snapshot updated: Server 7:21, Server 4:16, Server 6:1
2026-08-05 11:15:51,624 | INFO | HTTP Request: GET https://kintara.gg/api/servers "HTTP/1.1 200 OK"
2026-08-05 11:16:05,775 | INFO | Molten snapshot updated: Server 7:24, Server 4:16, Server 6:1
2026-08-05 11:16:26,020 | INFO | Molten snapshot updated: Server 7:24, Server 4:16, Server 15:2
2026-08-05 11:16:46,211 | INFO | Molten snapshot updated: Server 7:24, Server 4:16, Server 6:1
2026-08-05 11:16:50,252 | INFO | HTTP Request: GET https://kintara.gg/api/servers "HTTP/1.1 200 OK"
2026-08-05 11:17:06,371 | INFO | Molten snapshot updated: Server 7:25, Server 4:17, Server 6:1
2026-08-05 11:17:26,557 | INFO | Molten snapshot updated: Server 7:26, Server 4:17, Server 6:1
2026-08-05 11:17:50,904 | INFO | HTTP Request: GET https://kintara.gg/api/servers "HTTP/1.1 200 OK"
2026-08-05 11:18:27,288 | INFO | Molten snapshot updated: Server 7:27, Server 4:17, Server 6:1
2026-08-05 11:18:50,933 | INFO | HTTP Request: GET https://kintara.gg/api/servers "HTTP/1.1 200 OK"
2026-08-05 11:19:08,125 | INFO | Molten snapshot updated: Server 7:29, Server 4:17, Server 6:1
2026-08-05 11:19:48,529 | INFO | Molten snapshot updated: Server 7:23, Server 4:15, Server 6:1
2026-08-05 11:19:50,630 | INFO | HTTP Request: GET https://kintara.gg/api/servers "HTTP/1.1 200 OK"
2026-08-05 11:20:08,812 | INFO | Molten snapshot updated: Server 7:24, Server 4:12, Server 6:1
2026-08-05 11:20:28,975 | INFO | Molten snapshot updated: Server 7:26, Server 4:16, Server 6:1
2026-08-05 11:20:49,178 | INFO | Molten snapshot updated: Server 7:25, Server 4:16, Server 6:1
2026-08-05 11:20:52,205 | INFO | HTTP Request: GET https://kintara.gg/api/servers "HTTP/1.1 200 OK"
2026-08-05 11:21:09,404 | INFO | Molten snapshot updated: Server 7:27, Server 4:16, Server 6:1
2026-08-05 11:21:29,613 | INFO | Molten snapshot updated: Server 7:26, Server 4:16, Server 6:1
2026-08-05 11:21:49,856 | INFO | Molten snapshot updated: Server 7:27, Server 4:16, Server 6:1
2026-08-05 11:21:53,731 | WARNING | Molten server refresh failed; keeping the current process alive: [SSL: UNEXPECTED_EOF_WHILE_READING] EOF occurred in violation of protocol (_ssl.c:1081)
2026-08-05 11:21:58,121 | INFO | HTTP Request: GET https://kintara.gg/api/servers "HTTP/1.1 200 OK"
2026-08-05 11:22:10,229 | INFO | Molten snapshot updated: Server 7:26, Server 4:16, Server 19:2
2026-08-05 11:22:30,390 | INFO | Molten snapshot updated: Server 7:27, Server 4:16, Server 18:2
2026-08-05 11:22:59,127 | INFO | HTTP Request: GET https://kintara.gg/api/servers "HTTP/1.1 200 OK"
2026-08-05 11:23:11,254 | INFO | Molten snapshot updated: Server 7:27, Server 4:15, Server 18:2
2026-08-05 11:23:31,477 | INFO | Molten snapshot updated: Server 7:26, Server 4:16, Server 18:2
2026-08-05 11:23:59,211 | INFO | HTTP Request: GET https://kintara.gg/api/servers "HTTP/1.1 200 OK"
2026-08-05 11:24:12,320 | INFO | Molten snapshot updated: Server 7:24, Server 4:16, Server 18:2
2026-08-05 11:24:32,564 | INFO | Molten snapshot updated: Server 7:25, Server 4:16, Server 18:2
2026-08-05 11:24:52,778 | INFO | Molten snapshot updated: Server 7:23, Server 4:16, Server 18:2
2026-08-05 11:25:00,267 | INFO | HTTP Request: GET https://kintara.gg/api/servers "HTTP/1.1 200 OK"
2026-08-05 11:25:13,425 | INFO | Molten snapshot updated: Server 7:28, Server 4:16, Server 18:2
2026-08-05 11:25:33,664 | INFO | Molten snapshot updated: Server 7:30, Server 4:17, Server 18:2
2026-08-05 11:26:01,625 | INFO | HTTP Request: GET https://kintara.gg/api/servers "HTTP/1.1 200 OK"
2026-08-05 11:26:14,760 | INFO | Molten snapshot updated: Server 4:16, Server 18:2, Server 6:1
2026-08-05 11:26:35,011 | INFO | Molten snapshot updated: Server 7:30, Server 4:17, Server 18:2
2026-08-05 11:26:55,253 | INFO | Molten snapshot updated: Server 7:30, Server 4:18, Server 18:2
2026-08-05 11:27:01,455 | INFO | HTTP Request: GET https://kintara.gg/api/servers "HTTP/1.1 200 OK"
2026-08-05 11:27:21,652 | INFO | Molten snapshot updated: Server 7:29, Server 4:18, Server 18:2
2026-08-05 11:27:41,842 | INFO | Molten snapshot updated: Server 7:30, Server 4:17, Server 18:2
2026-08-05 11:28:03,588 | INFO | HTTP Request: GET https://kintara.gg/api/servers "HTTP/1.1 200 OK"
2026-08-05 11:28:24,895 | INFO | Molten snapshot updated: Server 7:30, Server 4:16, Server 18:2
2026-08-05 11:28:45,099 | INFO | Molten snapshot updated: Server 7:28, Server 4:16, Server 18:2
2026-08-05 11:29:02,631 | INFO | HTTP Request: GET https://kintara.gg/api/servers "HTTP/1.1 200 OK"
2026-08-05 11:29:05,682 | INFO | Molten snapshot updated: Server 7:24, Server 4:17, Server 18:2
2026-08-05 11:29:25,918 | INFO | Molten snapshot updated: Server 7:23, Server 4:17, Server 18:2
2026-08-05 11:30:02,186 | INFO | HTTP Request: GET https://kintara.gg/api/servers "HTTP/1.1 200 OK"
2026-08-05 11:30:06,256 | INFO | Molten snapshot updated: Server 7:24, Server 4:17, Server 18:2
2026-08-05 11:30:26,509 | INFO | Molten snapshot updated: Server 7:20, Server 4:16, Server 18:2
2026-08-05 11:30:46,710 | INFO | Molten snapshot updated: Server 7:18, Server 4:16, Server 21:2
2026-08-05 11:31:02,539 | INFO | HTTP Request: GET https://kintara.gg/api/servers "HTTP/1.1 200 OK"
2026-08-05 11:31:07,675 | INFO | Molten snapshot updated: Server 7:19, Server 4:16, Server 6:1
2026-08-05 11:31:27,891 | INFO | Molten snapshot updated: Server 7:20, Server 4:16, Server 6:1
2026-08-05 11:31:48,126 | INFO | Molten snapshot updated: Server 7:19, Server 4:17, Server 6:1
2026-08-05 11:32:16,291 | WARNING | Molten server refresh failed; keeping the current process alive: _ssl.c:1063: The handshake operation timed out
2026-08-05 11:32:18,992 | INFO | HTTP Request: GET https://kintara.gg/api/servers "HTTP/1.1 200 OK"
2026-08-05 11:32:19,006 | INFO | Molten snapshot updated: Server 7:19, Server 4:16, Server 5:1
2026-08-05 11:32:38,201 | INFO | Molten snapshot updated: Server 7:19, Server 4:18, Server 5:1
2026-08-05 11:32:58,440 | INFO | Molten snapshot updated: Server 7:19, Server 4:17, Server 5:1
2026-08-05 11:33:20,391 | INFO | HTTP Request: GET https://kintara.gg/api/servers "HTTP/1.1 200 OK"
2026-08-05 11:33:21,413 | INFO | Molten snapshot updated: Server 7:20, Server 4:18, Server 5:1
2026-08-05 11:33:41,589 | INFO | Molten snapshot updated: Server 4:19, Server 7:16, Server 28:2
2026-08-05 11:34:01,778 | INFO | Molten snapshot updated: Server 4:19, Server 7:17, Server 12:2
2026-08-05 11:34:19,413 | INFO | HTTP Request: GET https://kintara.gg/api/servers "HTTP/1.1 200 OK"
2026-08-05 11:34:22,468 | INFO | Molten snapshot updated: Server 4:19, Server 7:14, Server 5:1
2026-08-05 11:34:42,710 | INFO | Molten snapshot updated: Server 4:19, Server 7:11, Server 5:1
2026-08-05 11:35:02,929 | INFO | Molten snapshot updated: Server 4:18, Server 7:6, Server 5:1
2026-08-05 11:35:19,691 | INFO | HTTP Request: GET https://kintara.gg/api/servers "HTTP/1.1 200 OK"
2026-08-05 11:35:23,737 | INFO | Molten snapshot updated: Server 4:18, Server 7:9, Server 5:1
2026-08-05 11:35:43,968 | INFO | Molten snapshot updated: Server 4:19, Server 7:8, Server 5:1
2026-08-05 11:36:04,211 | INFO | Molten snapshot updated: Server 4:20, Server 7:9, Server 6:2
2026-08-05 11:36:20,419 | INFO | HTTP Request: GET https://kintara.gg/api/servers "HTTP/1.1 200 OK"
2026-08-05 11:36:24,488 | INFO | Molten snapshot updated: Server 4:20, Server 7:10, Server 5:1
2026-08-05 11:36:44,723 | INFO | Molten snapshot updated: Server 4:12, Server 7:10, Server 5:1
2026-08-05 11:37:04,930 | INFO | Molten snapshot updated: Server 7:11, Server 4:4, Server 5:1
2026-08-05 11:37:20,771 | INFO | HTTP Request: GET https://kintara.gg/api/servers "HTTP/1.1 200 OK"
2026-08-05 11:37:25,835 | INFO | Molten snapshot updated: Server 7:12, Server 4:1, Server 5:1
2026-08-05 11:37:46,063 | INFO | Molten snapshot updated: Server 7:13, Server 4:1, Server 5:1
2026-08-05 11:38:06,229 | INFO | Molten snapshot updated: Server 7:14, Server 5:1, Server 6:1
2026-08-05 11:38:20,736 | INFO | HTTP Request: GET https://kintara.gg/api/servers "HTTP/1.1 200 OK"
2026-08-05 11:38:26,829 | INFO | Molten snapshot updated: Server 7:14, Server 4:1, Server 5:1
2026-08-05 11:38:47,039 | INFO | Molten snapshot updated: Server 7:15, Server 5:1, Server 6:1
2026-08-05 11:39:07,229 | INFO | Molten snapshot updated: Server 7:16, Server 4:1, Server 5:1
2026-08-05 11:39:21,749 | INFO | HTTP Request: GET https://kintara.gg/api/servers "HTTP/1.1 200 OK"
2026-08-05 11:39:48,029 | INFO | Molten snapshot updated: Server 7:17, Server 4:1, Server 5:1
2026-08-05 11:40:08,219 | INFO | Molten snapshot updated: Server 7:18, Server 4:1, Server 5:1
2026-08-05 11:40:23,952 | INFO | HTTP Request: GET https://kintara.gg/api/servers "HTTP/1.1 200 OK"
2026-08-05 11:40:29,010 | INFO | Molten snapshot updated: Server 7:19, Server 4:2, Server 5:1
2026-08-05 11:40:49,238 | INFO | Molten snapshot updated: Server 7:19, Server 5:1, Server 6:1
2026-08-05 11:41:09,417 | INFO | Molten snapshot updated: Server 7:18, Server 5:1, Server 6:1
2026-08-05 11:41:27,155 | INFO | HTTP Request: GET https://kintara.gg/api/servers "HTTP/1.1 200 OK"
2026-08-05 11:41:30,204 | INFO | Molten snapshot updated: Server 7:16, Server 5:1, Server 6:1
2026-08-05 11:42:10,652 | INFO | Molten snapshot updated: Server 7:18, Server 5:1, Server 6:1
2026-08-05 11:42:23,927 | INFO | HTTP Request: GET https://kintara.gg/api/servers "HTTP/1.1 200 OK"
2026-08-05 11:42:31,026 | INFO | Molten snapshot updated: Server 7:17, Server 6:2, Server 5:1
2026-08-05 11:42:51,241 | INFO | Molten snapshot updated: Server 7:20, Server 4:3, Server 5:2
2026-08-05 11:43:11,458 | INFO | Molten snapshot updated: Server 7:21, Server 4:3, Server 6:2
2026-08-05 11:43:24,231 | INFO | HTTP Request: GET https://kintara.gg/api/servers "HTTP/1.1 200 OK"
2026-08-05 11:43:32,291 | INFO | Molten snapshot updated: Server 7:18, Server 4:6, Server 6:3
2026-08-05 11:43:52,565 | INFO | Molten snapshot updated: Server 7:14, Server 4:8, Server 5:2
2026-08-05 11:44:12,800 | INFO | Molten snapshot updated: Server 7:12, Server 4:8, Server 6:2
2026-08-05 11:44:24,892 | INFO | HTTP Request: GET https://kintara.gg/api/servers "HTTP/1.1 200 OK"
2026-08-05 11:44:33,005 | INFO | Molten snapshot updated: Server 7:9, Server 4:8, Server 6:2
2026-08-05 11:44:53,177 | INFO | Molten snapshot updated: Server 4:11, Server 7:8, Server 6:2
2026-08-05 11:45:13,426 | INFO | Molten snapshot updated: Server 4:13, Server 7:11, Server 6:2
2026-08-05 11:45:25,019 | INFO | HTTP Request: GET https://kintara.gg/api/servers "HTTP/1.1 200 OK"
2026-08-05 11:45:34,114 | INFO | Molten snapshot updated: Server 4:13, Server 7:11, Server 5:2
2026-08-05 11:45:54,312 | INFO | Molten snapshot updated: Server 4:14, Server 7:11, Server 6:2
2026-08-05 11:46:14,525 | INFO | Molten snapshot updated: Server 4:14, Server 7:9, Server 6:2
2026-08-05 11:46:26,158 | INFO | HTTP Request: GET https://kintara.gg/api/servers "HTTP/1.1 200 OK"
2026-08-05 11:46:35,229 | INFO | Molten snapshot updated: Server 4:14, Server 7:5, Server 6:2
2026-08-05 11:46:55,421 | INFO | Molten snapshot updated: Server 4:14, Server 6:2, Server 7:2
2026-08-05 11:47:15,669 | INFO | Molten snapshot updated: Server 4:16, Server 7:3, Server 6:2
2026-08-05 11:47:25,369 | INFO | HTTP Request: GET https://kintara.gg/api/servers "HTTP/1.1 200 OK"
2026-08-05 11:47:36,483 | INFO | Molten snapshot updated: Server 4:18, Server 7:3, Server 6:2
2026-08-05 11:47:56,712 | INFO | Molten snapshot updated: Server 4:17, Server 7:3, Server 6:2
2026-08-05 11:48:16,922 | INFO | Molten snapshot updated: Server 4:17, Server 7:4, Server 6:2
2026-08-05 11:48:27,371 | INFO | HTTP Request: GET https://kintara.gg/api/servers "HTTP/1.1 200 OK"
2026-08-05 11:48:37,517 | INFO | Molten snapshot updated: Server 4:17, Server 7:5, Server 6:2
2026-08-05 11:48:57,720 | INFO | Molten snapshot updated: Server 4:17, Server 7:7, Server 6:2
2026-08-05 11:49:17,916 | INFO | Molten snapshot updated: Server 4:17, Server 7:8, Server 6:2
2026-08-05 11:49:26,456 | INFO | HTTP Request: GET https://kintara.gg/api/servers "HTTP/1.1 200 OK"
2026-08-05 11:50:18,975 | INFO | Molten snapshot updated: Server 4:18, Server 7:8, Server 6:2
2026-08-05 11:50:26,813 | INFO | HTTP Request: GET https://kintara.gg/api/servers "HTTP/1.1 200 OK"
2026-08-05 11:51:20,350 | INFO | Molten snapshot updated: Server 7:8, Server 6:2, Server 5:1
2026-08-05 11:51:27,110 | INFO | HTTP Request: GET https://kintara.gg/api/servers "HTTP/1.1 200 OK"
2026-08-05 11:51:41,267 | INFO | Molten snapshot updated: Server 4:18, Server 7:8, Server 6:2
2026-08-05 11:52:01,534 | INFO | Molten snapshot updated: Server 4:19, Server 7:8, Server 6:2
2026-08-05 11:52:21,742 | INFO | Molten snapshot updated: Server 4:19, Server 7:7, Server 6:2
2026-08-05 11:52:27,699 | INFO | HTTP Request: GET https://kintara.gg/api/servers "HTTP/1.1 200 OK"
2026-08-05 11:53:02,035 | INFO | Molten snapshot updated: Server 4:19, Server 7:8, Server 6:2
2026-08-05 11:53:22,270 | INFO | Molten snapshot updated: Server 4:19, Server 7:9, Server 6:2
2026-08-05 11:53:29,855 | INFO | HTTP Request: GET https://kintara.gg/api/servers "HTTP/1.1 200 OK"
2026-08-05 11:54:03,303 | INFO | Molten snapshot updated: Server 4:17, Server 7:10, Server 6:2
2026-08-05 11:54:23,535 | INFO | Molten snapshot updated: Server 4:18, Server 7:10, Server 6:2
2026-08-05 11:54:28,297 | INFO | HTTP Request: GET https://kintara.gg/api/servers "HTTP/1.1 200 OK"
2026-08-05 11:55:04,646 | INFO | Molten snapshot updated: Server 4:19, Server 7:11, Server 6:2
2026-08-05 11:55:24,868 | INFO | Molten snapshot updated: Server 4:19, Server 7:12, Server 6:2
2026-08-05 11:55:29,741 | WARNING | Molten server refresh failed; keeping the current process alive: [SSL: UNEXPECTED_EOF_WHILE_READING] EOF occurred in violation of protocol (_ssl.c:1081)
2026-08-05 11:55:34,778 | INFO | HTTP Request: GET https://kintara.gg/api/servers "HTTP/1.1 200 OK"
2026-08-05 11:55:44,926 | INFO | Molten snapshot updated: Server 4:20, Server 7:12, Server 6:2
2026-08-05 11:56:05,151 | INFO | Molten snapshot updated: Server 4:20, Server 7:14, Server 6:2
2026-08-05 11:56:35,922 | INFO | HTTP Request: GET https://kintara.gg/api/servers "HTTP/1.1 200 OK"
2026-08-05 11:57:26,472 | INFO | Molten snapshot updated: Server 4:19, Server 7:14, Server 6:2
2026-08-05 11:57:37,817 | INFO | HTTP Request: GET https://kintara.gg/api/servers "HTTP/1.1 200 OK"
2026-08-05 11:57:46,905 | INFO | Molten snapshot updated: Server 4:20, Server 7:14, Server 6:2
2026-08-05 11:58:07,121 | INFO | Molten snapshot updated: Server 4:19, Server 7:13, Server 6:2
2026-08-05 11:58:27,319 | INFO | Molten snapshot updated: Server 4:20, Server 7:15, Server 6:2
2026-08-05 11:58:36,857 | INFO | HTTP Request: GET https://kintara.gg/api/servers "HTTP/1.1 200 OK"
2026-08-05 11:58:47,974 | INFO | Molten snapshot updated: Server 4:21, Server 7:12, Server 6:2
2026-08-05 11:59:28,414 | INFO | Molten snapshot updated: Server 4:20, Server 7:11, Server 6:2
2026-08-05 11:59:37,373 | INFO | HTTP Request: GET https://kintara.gg/api/servers "HTTP/1.1 200 OK"
2026-08-05 11:59:48,491 | INFO | Molten snapshot updated: Server 4:19, Server 7:13, Server 6:2
2026-08-05 12:00:08,724 | INFO | Molten snapshot updated: Server 4:20, Server 7:10, Server 6:2
2026-08-05 12:00:28,958 | INFO | Molten snapshot updated: Server 4:20, Server 7:8, Server 6:3
2026-08-05 12:00:37,208 | INFO | HTTP Request: GET https://kintara.gg/api/servers "HTTP/1.1 200 OK"
2026-08-05 12:00:49,384 | INFO | Molten snapshot updated: Server 4:21, Server 7:6, Server 6:1
2026-08-05 12:01:09,603 | INFO | Molten snapshot updated: Server 4:21, Server 7:9, Server 6:1
2026-08-05 12:01:29,818 | INFO | Molten snapshot updated: Server 4:21, Server 7:8, Server 6:1
2026-08-05 12:01:37,976 | INFO | HTTP Request: GET https://kintara.gg/api/servers "HTTP/1.1 200 OK"
2026-08-05 12:01:50,146 | INFO | Molten snapshot updated: Server 4:21, Server 7:9, Server 6:1
2026-08-05 12:02:10,342 | INFO | Molten snapshot updated: Server 4:22, Server 7:9, Server 6:1
2026-08-05 12:02:30,556 | INFO | Molten snapshot updated: Server 4:22, Server 7:8, Server 29:2
2026-08-05 12:02:38,587 | INFO | HTTP Request: GET https://kintara.gg/api/servers "HTTP/1.1 200 OK"
2026-08-05 12:02:50,758 | INFO | Molten snapshot updated: Server 4:21, Server 7:8, Server 6:1
2026-08-05 12:03:10,997 | INFO | Molten snapshot updated: Server 4:23, Server 7:7, Server 6:1
2026-08-05 12:03:31,213 | INFO | Molten snapshot updated: Server 4:19, Server 7:6, Server 6:1
2026-08-05 12:03:41,705 | INFO | HTTP Request: GET https://kintara.gg/api/servers "HTTP/1.1 200 OK"
2026-08-05 12:03:51,826 | INFO | Molten snapshot updated: Server 4:13, Server 7:3, Server 6:1
2026-08-05 12:04:12,044 | INFO | Molten snapshot updated: Server 4:16, Server 7:4, Server 6:1
2026-08-05 12:04:32,274 | INFO | Molten snapshot updated: Server 4:18, Server 7:2, Server 5:1
2026-08-05 12:04:41,139 | INFO | HTTP Request: GET https://kintara.gg/api/servers "HTTP/1.1 200 OK"
2026-08-05 12:04:53,283 | INFO | Molten snapshot updated: Server 4:20, Server 5:1, Server 6:1
2026-08-05 12:05:13,497 | INFO | Molten snapshot updated: Server 4:21, Server 7:2, Server 5:1
2026-08-05 12:05:33,712 | INFO | Molten snapshot updated: Server 4:21, Server 5:1, Server 6:1
2026-08-05 12:05:45,240 | INFO | HTTP Request: GET https://kintara.gg/api/servers "HTTP/1.1 200 OK"
2026-08-05 12:06:14,545 | INFO | Molten snapshot updated: Server 4:21, Server 6:1, Server 7:1
2026-08-05 12:06:34,776 | INFO | Molten snapshot updated: Server 4:19, Server 30:2, Server 6:1
2026-08-05 12:06:40,610 | INFO | HTTP Request: GET https://kintara.gg/api/servers "HTTP/1.1 200 OK"
2026-08-05 12:06:54,783 | INFO | Molten snapshot updated: Server 4:21, Server 30:2, Server 6:1
2026-08-05 12:07:14,961 | INFO | Molten snapshot updated: Server 4:21, Server 26:2, Server 7:1
2026-08-05 12:07:35,216 | INFO | Molten snapshot updated: Server 4:21, Server 7:1, Server 8:1
2026-08-05 12:07:39,933 | INFO | HTTP Request: GET https://kintara.gg/api/servers "HTTP/1.1 200 OK"
2026-08-05 12:07:56,076 | INFO | Molten snapshot updated: Server 4:22, Server 17:2, Server 5:1
2026-08-05 12:08:16,340 | INFO | Molten snapshot updated: Server 4:22, Server 5:1, Server 8:1
2026-08-05 12:08:36,555 | INFO | Molten snapshot updated: Server 4:23, Server 14:2, Server 27:2
2026-08-05 12:08:40,749 | INFO | HTTP Request: GET https://kintara.gg/api/servers "HTTP/1.1 200 OK"
2026-08-05 12:08:56,977 | INFO | Molten snapshot updated: Server 4:24, Server 14:2, Server 27:2
2026-08-05 12:09:17,165 | INFO | Molten snapshot updated: Server 4:24, Server 27:2, Server 5:1
2026-08-05 12:09:44,020 | INFO | HTTP Request: GET https://kintara.gg/api/servers "HTTP/1.1 200 OK"
2026-08-05 12:09:58,206 | INFO | Molten snapshot updated: Server 4:25, Server 17:2, Server 27:2
2026-08-05 12:10:18,413 | INFO | Molten snapshot updated: Server 4:25, Server 11:2, Server 5:1
2026-08-05 12:10:38,612 | INFO | Molten snapshot updated: Server 4:26, Server 27:2, Server 5:1
2026-08-05 12:10:43,110 | INFO | HTTP Request: GET https://kintara.gg/api/servers "HTTP/1.1 200 OK"
2026-08-05 12:10:59,259 | INFO | Molten snapshot updated: Server 4:26, Server 5:1, Server 6:1
2026-08-05 12:11:19,464 | INFO | Molten snapshot updated: Server 4:25, Server 29:2, Server 5:1
2026-08-05 12:11:42,380 | INFO | HTTP Request: GET https://kintara.gg/api/servers "HTTP/1.1 200 OK"
2026-08-05 12:11:42,396 | INFO | Molten snapshot updated: Server 4:25, Server 18:2, Server 29:2
2026-08-05 12:12:00,606 | INFO | Molten snapshot updated: Server 4:26, Server 29:2, Server 5:1
2026-08-05 12:12:20,876 | INFO | Molten snapshot updated: Server 4:25, Server 29:2, Server 5:1
2026-08-05 12:12:45,190 | INFO | HTTP Request: GET https://kintara.gg/api/servers "HTTP/1.1 200 OK"
2026-08-05 12:12:46,215 | INFO | Molten snapshot updated: Server 4:27, Server 29:2, Server 5:1
2026-08-05 12:13:06,418 | INFO | Molten snapshot updated: Server 4:27, Server 13:2, Server 29:2
2026-08-05 12:13:26,637 | INFO | Molten snapshot updated: Server 4:28, Server 5:2, Server 29:2
2026-08-05 12:13:47,223 | INFO | HTTP Request: GET https://kintara.gg/api/servers "HTTP/1.1 200 OK"
2026-08-05 12:13:48,250 | INFO | Molten snapshot updated: Server 4:28, Server 29:2, Server 5:1
2026-08-05 12:14:28,709 | INFO | Molten snapshot updated: Server 4:20, Server 29:3, Server 5:1
2026-08-05 12:14:42,244 | INFO | HTTP Request: GET https://kintara.gg/api/servers "HTTP/1.1 200 OK"
2026-08-05 12:14:49,340 | INFO | Molten snapshot updated: Server 4:13, Server 29:2, Server 5:1
2026-08-05 12:15:09,573 | INFO | Molten snapshot updated: Server 4:14, Server 29:2, Server 5:1
2026-08-05 12:15:29,797 | INFO | Molten snapshot updated: Server 4:12, Server 29:2, Server 5:1
2026-08-05 12:15:42,403 | INFO | HTTP Request: GET https://kintara.gg/api/servers "HTTP/1.1 200 OK"
2026-08-05 12:15:50,488 | INFO | Molten snapshot updated: Server 4:8, Server 13:2, Server 29:2
2026-08-05 12:16:18,779 | INFO | Molten snapshot updated: Server 4:7, Server 13:2, Server 29:2
2026-08-05 12:16:43,021 | INFO | HTTP Request: GET https://kintara.gg/api/servers "HTTP/1.1 200 OK"
2026-08-05 12:16:51,099 | INFO | Molten snapshot updated: Server 4:8, Server 13:2, Server 29:2
2026-08-05 12:17:11,352 | INFO | Molten snapshot updated: Server 4:7, Server 13:2, Server 27:2
2026-08-05 12:17:31,590 | INFO | Molten snapshot updated: Server 4:6, Server 13:2, Server 27:2
2026-08-05 12:17:43,676 | INFO | HTTP Request: GET https://kintara.gg/api/servers "HTTP/1.1 200 OK"
2026-08-05 12:17:51,762 | INFO | Molten snapshot updated: Server 4:5, Server 13:2, Server 5:1
2026-08-05 12:18:11,984 | INFO | Molten snapshot updated: Server 4:5, Server 13:2, Server 26:2
2026-08-05 12:18:32,190 | INFO | Molten snapshot updated: Server 4:4, Server 5:2, Server 13:2
2026-08-05 12:18:44,466 | INFO | HTTP Request: GET https://kintara.gg/api/servers "HTTP/1.1 200 OK"
2026-08-05 12:18:52,540 | INFO | Molten snapshot updated: Server 4:5, Server 5:2, Server 13:2
2026-08-05 12:19:12,758 | INFO | Molten snapshot updated: Server 4:4, Server 13:2, Server 5:1
2026-08-05 12:19:32,969 | INFO | Molten snapshot updated: Server 4:5, Server 13:2, Server 5:1
2026-08-05 12:19:44,665 | INFO | HTTP Request: GET https://kintara.gg/api/servers "HTTP/1.1 200 OK"
2026-08-05 12:20:34,223 | INFO | Molten snapshot updated: Server 4:3, Server 10:2, Server 5:1
2026-08-05 12:20:45,385 | INFO | HTTP Request: GET https://kintara.gg/api/servers "HTTP/1.1 200 OK"
2026-08-05 12:20:54,460 | INFO | Molten snapshot updated: Server 4:6, Server 5:1, Server 6:1
2026-08-05 12:21:14,740 | INFO | Molten snapshot updated: Server 4:9, Server 5:1, Server 6:1
2026-08-05 12:21:34,971 | INFO | Molten snapshot updated: Server 4:13, Server 5:1, Server 6:1
2026-08-05 12:21:47,502 | INFO | HTTP Request: GET https://kintara.gg/api/servers "HTTP/1.1 200 OK"
2026-08-05 12:21:55,597 | INFO | Molten snapshot updated: Server 4:14, Server 5:1, Server 6:1
2026-08-05 12:22:36,085 | INFO | Molten snapshot updated: Server 4:15, Server 5:1, Server 6:1
2026-08-05 12:22:45,806 | INFO | HTTP Request: GET https://kintara.gg/api/servers "HTTP/1.1 200 OK"
2026-08-05 12:22:56,923 | INFO | Molten snapshot updated: Server 4:17, Server 5:1, Server 6:1
2026-08-05 12:23:37,245 | INFO | Molten snapshot updated: Server 4:16, Server 5:1, Server 6:1
2026-08-05 12:23:47,484 | INFO | HTTP Request: GET https://kintara.gg/api/servers "HTTP/1.1 200 OK"
2026-08-05 12:23:57,603 | INFO | Molten snapshot updated: Server 4:17, Server 5:1, Server 6:1
2026-08-05 12:24:37,978 | INFO | Molten snapshot updated: Server 4:19, Server 5:1, Server 6:1
2026-08-05 12:24:46,113 | INFO | HTTP Request: GET https://kintara.gg/api/servers "HTTP/1.1 200 OK"
2026-08-05 12:24:58,263 | INFO | Molten snapshot updated: Server 4:18, Server 5:1, Server 6:1
2026-08-05 12:25:18,475 | INFO | Molten snapshot updated: Server 4:18, Server 17:2, Server 28:2
2026-08-05 12:25:38,681 | INFO | Molten snapshot updated: Server 4:19, Server 17:2, Server 28:2
2026-08-05 12:25:47,406 | INFO | HTTP Request: GET https://kintara.gg/api/servers "HTTP/1.1 200 OK"
2026-08-05 12:26:19,721 | INFO | Molten snapshot updated: Server 4:20, Server 17:2, Server 28:2
2026-08-05 12:26:47,609 | INFO | HTTP Request: GET https://kintara.gg/api/servers "HTTP/1.1 200 OK"
2026-08-05 12:27:00,770 | INFO | Molten snapshot updated: Server 4:21, Server 17:2, Server 28:2
2026-08-05 12:27:21,036 | INFO | Molten snapshot updated: Server 4:21, Server 28:2, Server 5:1
2026-08-05 12:27:41,249 | INFO | Molten snapshot updated: Server 4:20, Server 28:2, Server 5:1
2026-08-05 12:27:49,893 | INFO | HTTP Request: GET https://kintara.gg/api/servers "HTTP/1.1 200 OK"
2026-08-05 12:28:02,009 | INFO | Molten snapshot updated: Server 4:7, Server 28:2, Server 5:1
2026-08-05 12:28:22,144 | INFO | Molten snapshot updated: Server 4:6, Server 28:2, Server 5:1
2026-08-05 12:28:42,365 | INFO | Molten snapshot updated: Server 4:3, Server 28:2, Server 5:1
2026-08-05 12:28:52,079 | INFO | HTTP Request: GET https://kintara.gg/api/servers "HTTP/1.1 200 OK"
2026-08-05 12:29:03,243 | INFO | Molten snapshot updated: Server 4:3, Server 17:2, Server 28:2
2026-08-05 12:29:23,474 | INFO | Molten snapshot updated: Server 4:4, Server 17:2, Server 28:2
2026-08-05 12:29:49,003 | INFO | HTTP Request: GET https://kintara.gg/api/servers "HTTP/1.1 200 OK"
2026-08-05 12:30:04,173 | INFO | Molten snapshot updated: Server 4:3, Server 17:2, Server 28:2
2026-08-05 12:30:24,415 | INFO | Molten snapshot updated: Server 4:4, Server 17:2, Server 28:2
2026-08-05 12:30:48,789 | INFO | HTTP Request: GET https://kintara.gg/api/servers "HTTP/1.1 200 OK"
2026-08-05 12:31:04,991 | INFO | Molten snapshot updated: Server 28:2, Server 6:1, Server 26:1
2026-08-05 12:31:32,295 | INFO | Molten snapshot updated: Server 4:1, Server 6:1, Server 17:1
2026-08-05 12:31:50,200 | INFO | HTTP Request: GET https://kintara.gg/api/servers "HTTP/1.1 200 OK"
2026-08-05 12:31:53,243 | INFO | Molten snapshot updated: Server 4:3, Server 17:1, Server 27:1
2026-08-05 12:32:13,445 | INFO | Molten snapshot updated: Server 4:5, Server 7:1, Server 17:1
2026-08-05 12:32:33,635 | INFO | Molten snapshot updated: Server 4:6, Server 7:1, Server 17:1
2026-08-05 12:32:52,833 | INFO | HTTP Request: GET https://kintara.gg/api/servers "HTTP/1.1 200 OK"
2026-08-05 12:32:53,860 | INFO | Molten snapshot updated: Server 4:10, Server 8:1, Server 17:1
2026-08-05 12:33:14,096 | INFO | Molten snapshot updated: Server 4:11, Server 17:1, Server 18:1
2026-08-05 12:33:34,302 | INFO | Molten snapshot updated: Server 4:13, Server 9:1, Server 17:1
2026-08-05 12:33:51,133 | INFO | HTTP Request: GET https://kintara.gg/api/servers "HTTP/1.1 200 OK"
2026-08-05 12:33:55,179 | INFO | Molten snapshot updated: Server 4:14, Server 9:1, Server 17:1
2026-08-05 12:34:15,461 | INFO | Molten snapshot updated: Server 4:16, Server 9:1, Server 17:1
2026-08-05 12:34:35,635 | INFO | Molten snapshot updated: Server 4:19, Server 9:1, Server 17:1
2026-08-05 12:34:51,379 | INFO | HTTP Request: GET https://kintara.gg/api/servers "HTTP/1.1 200 OK"
2026-08-05 12:34:56,450 | INFO | Molten snapshot updated: Server 4:20, Server 9:1, Server 17:1
2026-08-05 12:35:16,632 | INFO | Molten snapshot updated: Server 4:22, Server 10:1, Server 17:1
2026-08-05 12:35:36,869 | INFO | Molten snapshot updated: Server 4:23, Server 10:1, Server 17:1
2026-08-05 12:35:53,324 | INFO | HTTP Request: GET https://kintara.gg/api/servers "HTTP/1.1 200 OK"
2026-08-05 12:35:57,394 | INFO | Molten snapshot updated: Server 4:23, Server 11:1, Server 17:1
2026-08-05 12:36:17,654 | INFO | Molten snapshot updated: Server 4:24, Server 11:1, Server 17:1
2026-08-05 12:36:37,848 | INFO | Molten snapshot updated: Server 4:25, Server 12:1, Server 17:1
2026-08-05 12:36:51,625 | INFO | HTTP Request: GET https://kintara.gg/api/servers "HTTP/1.1 200 OK"
2026-08-05 12:36:58,707 | INFO | Molten snapshot updated: Server 4:26, Server 12:1, Server 17:1
2026-08-05 12:37:18,896 | INFO | Molten snapshot updated: Server 4:21, Server 13:1, Server 17:1
2026-08-05 12:37:39,091 | INFO | Molten snapshot updated: Server 4:24, Server 13:1, Server 17:1
2026-08-05 12:37:51,645 | INFO | HTTP Request: GET https://kintara.gg/api/servers "HTTP/1.1 200 OK"
2026-08-05 12:37:59,741 | INFO | Molten snapshot updated: Server 4:25, Server 13:1, Server 17:1
2026-08-05 12:38:51,630 | INFO | HTTP Request: GET https://kintara.gg/api/servers "HTTP/1.1 200 OK"
2026-08-05 12:39:00,710 | INFO | Molten snapshot updated: Server 4:24, Server 29:2, Server 14:1
2026-08-05 12:39:20,949 | INFO | Molten snapshot updated: Server 4:24, Server 14:1, Server 16:1
2026-08-05 12:39:52,683 | INFO | HTTP Request: GET https://kintara.gg/api/servers "HTTP/1.1 200 OK"
2026-08-05 12:40:01,820 | INFO | Molten snapshot updated: Server 4:25, Server 10:1, Server 14:1
2026-08-05 12:40:22,107 | INFO | Molten snapshot updated: Server 4:25, Server 10:1, Server 16:1
2026-08-05 12:40:52,770 | INFO | HTTP Request: GET https://kintara.gg/api/servers "HTTP/1.1 200 OK"
2026-08-05 12:41:01,869 | INFO | Molten snapshot updated: Server 4:25, Server 10:1, Server 13:1
2026-08-05 12:41:22,105 | INFO | Molten snapshot updated: Server 4:26, Server 10:1, Server 12:1
2026-08-05 12:41:42,363 | INFO | Molten snapshot updated: Server 4:26, Server 16:2, Server 5:1
2026-08-05 12:41:53,982 | INFO | HTTP Request: GET https://kintara.gg/api/servers "HTTP/1.1 200 OK"
2026-08-05 12:42:03,083 | INFO | Molten snapshot updated: Server 4:26, Server 5:1, Server 10:1
2026-08-05 12:43:02,809 | INFO | HTTP Request: GET https://kintara.gg/api/servers "HTTP/1.1 200 OK"
2026-08-05 12:43:03,834 | INFO | Molten snapshot updated: Server 4:26, Server 16:2, Server 5:1
2026-08-05 12:43:24,013 | INFO | Molten snapshot updated: Server 4:24, Server 5:1, Server 9:1
2026-08-05 12:43:53,942 | INFO | HTTP Request: GET https://kintara.gg/api/servers "HTTP/1.1 200 OK"
2026-08-05 12:44:05,068 | INFO | Molten snapshot updated: Server 4:24, Server 5:1, Server 10:1
2026-08-05 12:44:25,321 | INFO | Molten snapshot updated: Server 4:25, Server 5:1, Server 10:1
2026-08-05 12:44:58,359 | INFO | HTTP Request: GET https://kintara.gg/api/servers "HTTP/1.1 200 OK"
2026-08-05 12:45:26,654 | INFO | Molten snapshot updated: Server 4:28, Server 5:1, Server 10:1
2026-08-05 12:45:46,847 | INFO | Molten snapshot updated: Server 4:27, Server 16:2, Server 5:1
2026-08-05 12:45:54,832 | INFO | HTTP Request: GET https://kintara.gg/api/servers "HTTP/1.1 200 OK"
2026-08-05 12:46:06,964 | INFO | Molten snapshot updated: Server 4:29, Server 5:1, Server 10:1
2026-08-05 12:46:58,713 | INFO | HTTP Request: GET https://kintara.gg/api/servers "HTTP/1.1 200 OK"
2026-08-05 12:47:23,986 | INFO | Molten snapshot updated: Server 4:28, Server 5:1, Server 10:1
2026-08-05 12:47:59,908 | INFO | HTTP Request: GET https://kintara.gg/api/servers "HTTP/1.1 200 OK"
2026-08-05 12:48:13,065 | INFO | Molten snapshot updated: Server 4:27, Server 5:1, Server 10:1
2026-08-05 12:48:33,249 | INFO | Molten snapshot updated: Server 4:28, Server 27:2, Server 5:1
2026-08-05 12:48:53,441 | INFO | Molten snapshot updated: Server 4:29, Server 27:2, Server 5:1
2026-08-05 12:48:55,547 | INFO | HTTP Request: GET https://kintara.gg/api/servers "HTTP/1.1 200 OK"
2026-08-05 12:49:13,759 | INFO | Molten snapshot updated: Server 4:23, Server 5:1, Server 10:1
2026-08-05 12:49:54,113 | INFO | Molten snapshot updated: Server 4:27, Server 5:1, Server 10:1
2026-08-05 12:49:56,600 | INFO | HTTP Request: GET https://kintara.gg/api/servers "HTTP/1.1 200 OK"
2026-08-05 12:50:14,795 | INFO | Molten snapshot updated: Server 4:26, Server 5:1, Server 10:1
2026-08-05 12:50:34,915 | INFO | Molten snapshot updated: Server 4:27, Server 26:2, Server 5:1
2026-08-05 12:50:55,069 | INFO | Molten snapshot updated: Server 4:27, Server 5:1, Server 10:1
2026-08-05 12:50:59,483 | INFO | HTTP Request: GET https://kintara.gg/api/servers "HTTP/1.1 200 OK"
2026-08-05 12:51:15,654 | INFO | Molten snapshot updated: Server 4:28, Server 26:2, Server 5:1
2026-08-05 12:51:59,109 | INFO | HTTP Request: GET https://kintara.gg/api/servers "HTTP/1.1 200 OK"
2026-08-05 12:52:56,700 | INFO | Molten snapshot updated: Server 4:28, Server 17:2, Server 5:1
2026-08-05 12:53:00,078 | INFO | HTTP Request: GET https://kintara.gg/api/servers "HTTP/1.1 200 OK"
2026-08-05 12:53:17,277 | INFO | Molten snapshot updated: Server 4:30, Server 5:1, Server 10:1
2026-08-05 12:53:37,499 | INFO | Molten snapshot updated: Server 4:27, Server 5:1, Server 10:1
2026-08-05 12:53:57,723 | INFO | Molten snapshot updated: Server 4:20, Server 5:1, Server 10:1
2026-08-05 12:54:00,122 | INFO | HTTP Request: GET https://kintara.gg/api/servers "HTTP/1.1 200 OK"
2026-08-05 12:54:18,382 | INFO | Molten snapshot updated: Server 4:21, Server 19:2, Server 5:1
2026-08-05 12:54:38,601 | INFO | Molten snapshot updated: Server 4:15, Server 19:2, Server 26:2
2026-08-05 12:55:00,155 | INFO | HTTP Request: GET https://kintara.gg/api/servers "HTTP/1.1 200 OK"
2026-08-05 12:55:00,174 | INFO | Molten snapshot updated: Server 4:11, Server 26:2, Server 5:1
2026-08-05 12:55:19,342 | INFO | Molten snapshot updated: Server 4:13, Server 26:2, Server 5:1
2026-08-05 12:55:39,562 | INFO | Molten snapshot updated: Server 4:13, Server 5:1, Server 10:1
2026-08-05 12:56:01,637 | INFO | HTTP Request: GET https://kintara.gg/api/servers "HTTP/1.1 200 OK"
2026-08-05 12:56:01,659 | INFO | Molten snapshot updated: Server 4:11, Server 16:2, Server 5:1
2026-08-05 12:56:19,844 | INFO | Molten snapshot updated: Server 4:12, Server 14:2, Server 5:1
2026-08-05 12:56:40,051 | INFO | Molten snapshot updated: Server 4:14, Server 5:1, Server 10:1
2026-08-05 12:57:04,416 | INFO | HTTP Request: GET https://kintara.gg/api/servers "HTTP/1.1 200 OK"
2026-08-05 12:57:04,434 | INFO | Molten snapshot updated: Server 4:15, Server 16:2, Server 5:1
2026-08-05 12:57:20,615 | INFO | Molten snapshot updated: Server 4:15, Server 10:1, Server 12:1
2026-08-05 12:57:40,818 | INFO | Molten snapshot updated: Server 4:15, Server 5:1, Server 10:1
2026-08-05 12:58:04,537 | INFO | HTTP Request: GET https://kintara.gg/api/servers "HTTP/1.1 200 OK"
2026-08-05 12:58:04,584 | INFO | Molten snapshot updated: Server 4:20, Server 10:1, Server 12:1
2026-08-05 12:58:21,777 | INFO | Molten snapshot updated: Server 4:23, Server 5:1, Server 10:1
2026-08-05 12:58:41,992 | INFO | Molten snapshot updated: Server 4:24, Server 5:1, Server 10:1
2026-08-05 12:59:03,528 | INFO | HTTP Request: GET https://kintara.gg/api/servers "HTTP/1.1 200 OK"
2026-08-05 12:59:04,553 | INFO | Molten snapshot updated: Server 4:22, Server 16:2, Server 28:2
2026-08-05 12:59:24,836 | INFO | Molten snapshot updated: Server 4:24, Server 19:2, Server 5:1
2026-08-05 12:59:44,996 | INFO | Molten snapshot updated: Server 4:27, Server 13:2, Server 19:2
2026-08-05 13:00:12,524 | INFO | HTTP Request: GET https://kintara.gg/api/servers "HTTP/1.1 200 OK"
2026-08-05 13:00:13,559 | INFO | Molten snapshot updated: Server 4:27, Server 19:2, Server 5:1
2026-08-05 13:00:33,775 | INFO | Molten snapshot updated: Server 4:29, Server 19:2, Server 5:1
2026-08-05 13:00:53,981 | INFO | Molten snapshot updated: Server 4:29, Server 13:2, Server 19:2
2026-08-05 13:01:08,861 | INFO | HTTP Request: GET https://kintara.gg/api/servers "HTTP/1.1 200 OK"
2026-08-05 13:01:14,899 | INFO | Molten snapshot updated: Server 19:2, Server 5:1, Server 10:1
2026-08-05 13:01:35,107 | INFO | Molten snapshot updated: Server 4:29, Server 5:1, Server 10:1
2026-08-05 13:01:55,345 | INFO | Molten snapshot updated: Server 4:21, Server 5:1, Server 11:1
2026-08-05 13:02:15,033 | INFO | HTTP Request: GET https://kintara.gg/api/servers "HTTP/1.1 200 OK"
2026-08-05 13:02:16,050 | INFO | Molten snapshot updated: Server 4:18, Server 8:2, Server 10:1
2026-08-05 13:02:36,258 | INFO | Molten snapshot updated: Server 4:9, Server 8:2, Server 13:2
2026-08-05 13:02:56,476 | INFO | Molten snapshot updated: Server 4:11, Server 13:2, Server 5:1
2026-08-05 13:03:05,779 | INFO | HTTP Request: GET https://kintara.gg/api/servers "HTTP/1.1 200 OK"
2026-08-05 13:03:16,918 | INFO | Molten snapshot updated: Server 4:10, Server 5:1, Server 8:1
2026-08-05 13:03:37,159 | INFO | Molten snapshot updated: Server 4:9, Server 16:2, Server 5:1
2026-08-05 13:03:57,297 | INFO | Molten snapshot updated: Server 4:7, Server 13:2, Server 16:2
2026-08-05 13:04:11,157 | INFO | HTTP Request: GET https://kintara.gg/api/servers "HTTP/1.1 200 OK"
2026-08-05 13:04:18,237 | INFO | Molten snapshot updated: Server 4:6, Server 16:3, Server 26:2
2026-08-05 13:04:38,460 | INFO | Molten snapshot updated: Server 4:6, Server 5:2, Server 13:2
2026-08-05 13:04:58,654 | INFO | Molten snapshot updated: Server 4:5, Server 5:2, Server 24:2
2026-08-05 13:05:06,348 | INFO | HTTP Request: GET https://kintara.gg/api/servers "HTTP/1.1 200 OK"
2026-08-05 13:05:19,471 | INFO | Molten snapshot updated: Server 4:2, Server 5:2, Server 24:2
2026-08-05 13:05:39,748 | INFO | Molten snapshot updated: Server 4:3, Server 19:2, Server 24:2
2026-08-05 13:05:59,986 | INFO | Molten snapshot updated: Server 4:6, Server 5:2, Server 19:2
2026-08-05 13:06:06,170 | INFO | HTTP Request: GET https://kintara.gg/api/servers "HTTP/1.1 200 OK"
2026-08-05 13:06:20,327 | INFO | Molten snapshot updated: Server 4:6, Server 24:3, Server 5:1
2026-08-05 13:06:40,583 | INFO | Molten snapshot updated: Server 24:4, Server 4:2, Server 13:2
2026-08-05 13:07:00,808 | INFO | Molten snapshot updated: Server 24:7, Server 4:2, Server 5:2
2026-08-05 13:07:09,635 | INFO | HTTP Request: GET https://kintara.gg/api/servers "HTTP/1.1 200 OK"
2026-08-05 13:07:21,727 | INFO | Molten snapshot updated: Server 24:9, Server 4:5, Server 5:2
2026-08-05 13:07:41,953 | INFO | Molten snapshot updated: Server 24:10, Server 4:2, Server 5:1
2026-08-05 13:08:02,137 | INFO | Molten snapshot updated: Server 24:11, Server 4:2, Server 5:1
2026-08-05 13:08:07,273 | INFO | HTTP Request: GET https://kintara.gg/api/servers "HTTP/1.1 200 OK"
2026-08-05 13:08:22,435 | INFO | Molten snapshot updated: Server 24:11, Server 5:2, Server 8:2
2026-08-05 13:08:42,675 | INFO | Molten snapshot updated: Server 24:11, Server 8:2, Server 11:2
2026-08-05 13:09:02,950 | INFO | Molten snapshot updated: Server 24:11, Server 7:2, Server 29:2
2026-08-05 13:09:12,381 | INFO | HTTP Request: GET https://kintara.gg/api/servers "HTTP/1.1 200 OK"
2026-08-05 13:09:23,505 | INFO | Molten snapshot updated: Server 24:11, Server 4:2, Server 28:2
2026-08-05 13:09:43,694 | INFO | Molten snapshot updated: Server 24:11, Server 7:2, Server 10:2
2026-08-05 13:10:03,953 | INFO | Molten snapshot updated: Server 24:13, Server 8:2, Server 26:2
2026-08-05 13:10:11,421 | INFO | HTTP Request: GET https://kintara.gg/api/servers "HTTP/1.1 200 OK"
2026-08-05 13:10:24,597 | INFO | Molten snapshot updated: Server 24:16, Server 29:2, Server 5:1
2026-08-05 13:10:44,772 | INFO | Molten snapshot updated: Server 24:17, Server 5:1, Server 8:1
2026-08-05 13:11:04,983 | INFO | Molten snapshot updated: Server 24:17, Server 13:3, Server 29:2
2026-08-05 13:11:10,896 | INFO | HTTP Request: GET https://kintara.gg/api/servers "HTTP/1.1 200 OK"
2026-08-05 13:11:25,036 | INFO | Molten snapshot updated: Server 24:17, Server 5:3, Server 8:1
2026-08-05 13:11:45,255 | INFO | Molten snapshot updated: Server 24:17, Server 5:1, Server 6:1
2026-08-05 13:12:05,473 | INFO | Molten snapshot updated: Server 24:20, Server 29:2, Server 5:1
2026-08-05 13:12:15,172 | INFO | HTTP Request: GET https://kintara.gg/api/servers "HTTP/1.1 200 OK"
2026-08-05 13:12:26,300 | INFO | Molten snapshot updated: Server 24:21, Server 29:2, Server 5:1
2026-08-05 13:12:46,521 | INFO | Molten snapshot updated: Server 24:22, Server 29:2, Server 5:1
2026-08-05 13:13:06,754 | INFO | Molten snapshot updated: Server 24:22, Server 5:1, Server 8:1
2026-08-05 13:13:10,560 | INFO | HTTP Request: GET https://kintara.gg/api/servers "HTTP/1.1 200 OK"
2026-08-05 13:13:26,764 | INFO | Molten snapshot updated: Server 24:24, Server 30:2, Server 5:1
2026-08-05 13:14:12,506 | INFO | HTTP Request: GET https://kintara.gg/api/servers "HTTP/1.1 200 OK"
2026-08-05 13:14:21,656 | INFO | Molten snapshot updated: Server 24:25, Server 16:2, Server 5:1
2026-08-05 13:14:41,880 | INFO | Molten snapshot updated: Server 24:24, Server 16:2, Server 5:1
2026-08-05 13:15:02,047 | INFO | Molten snapshot updated: Server 24:24, Server 11:2, Server 16:2
2026-08-05 13:15:12,213 | INFO | HTTP Request: GET https://kintara.gg/api/servers "HTTP/1.1 200 OK"
2026-08-05 13:15:22,401 | INFO | Molten snapshot updated: Server 24:25, Server 11:2, Server 16:2
2026-08-05 13:15:42,584 | INFO | Molten snapshot updated: Server 24:24, Server 16:2, Server 17:2
2026-08-05 13:16:02,760 | INFO | Molten snapshot updated: Server 24:23, Server 16:2, Server 19:2
2026-08-05 13:16:15,590 | INFO | HTTP Request: GET https://kintara.gg/api/servers "HTTP/1.1 200 OK"
2026-08-05 13:16:23,700 | INFO | Molten snapshot updated: Server 24:24, Server 16:2, Server 5:1
2026-08-05 13:17:04,063 | INFO | Molten snapshot updated: Server 24:21, Server 16:2, Server 28:2
2026-08-05 13:17:15,015 | INFO | HTTP Request: GET https://kintara.gg/api/servers "HTTP/1.1 200 OK"
2026-08-05 13:17:24,089 | INFO | Molten snapshot updated: Server 24:23, Server 11:2, Server 16:2
2026-08-05 13:17:44,340 | INFO | Molten snapshot updated: Server 24:23, Server 16:2, Server 27:2
2026-08-05 13:18:04,610 | INFO | Molten snapshot updated: Server 24:25, Server 30:2, Server 5:1
2026-08-05 13:18:13,525 | INFO | HTTP Request: GET https://kintara.gg/api/servers "HTTP/1.1 200 OK"
2026-08-05 13:18:24,672 | INFO | Molten snapshot updated: Server 24:17, Server 23:2, Server 5:1
2026-08-05 13:18:44,920 | INFO | Molten snapshot updated: Server 24:11, Server 5:1, Server 6:1
2026-08-05 13:19:05,137 | INFO | Molten snapshot updated: Server 24:9, Server 5:1, Server 6:1
2026-08-05 13:19:14,766 | INFO | HTTP Request: GET https://kintara.gg/api/servers "HTTP/1.1 200 OK"
2026-08-05 13:19:25,911 | INFO | Molten snapshot updated: Server 24:8, Server 23:2, Server 4:1
2026-08-05 13:19:46,155 | INFO | Molten snapshot updated: Server 24:9, Server 29:2, Server 4:1
2026-08-05 13:20:06,357 | INFO | Molten snapshot updated: Server 24:4, Server 23:2, Server 29:2
2026-08-05 13:20:13,714 | INFO | HTTP Request: GET https://kintara.gg/api/servers "HTTP/1.1 200 OK"
2026-08-05 13:20:26,878 | INFO | Molten snapshot updated: Server 24:4, Server 4:1, Server 5:1
2026-08-05 13:20:47,090 | INFO | Molten snapshot updated: Server 24:3, Server 5:2, Server 4:1
2026-08-05 13:21:07,289 | INFO | Molten snapshot updated: Server 5:3, Server 24:3, Server 4:1
2026-08-05 13:21:15,009 | INFO | HTTP Request: GET https://kintara.gg/api/servers "HTTP/1.1 200 OK"
2026-08-05 13:21:28,088 | INFO | Molten snapshot updated: Server 5:4, Server 24:2, Server 4:1
2026-08-05 13:21:48,293 | INFO | Molten snapshot updated: Server 24:2, Server 26:2, Server 4:1
2026-08-05 13:22:19,727 | INFO | HTTP Request: GET https://kintara.gg/api/servers "HTTP/1.1 200 OK"
2026-08-05 13:23:09,247 | INFO | Molten snapshot updated: Server 26:2, Server 4:1, Server 5:1
2026-08-05 13:23:15,673 | INFO | HTTP Request: GET https://kintara.gg/api/servers "HTTP/1.1 200 OK"
2026-08-05 13:23:29,842 | INFO | Molten snapshot updated: Server 4:1, Server 5:1, Server 8:1
2026-08-05 13:23:50,005 | INFO | Molten snapshot updated: Server 8:2, Server 23:2, Server 4:1
2026-08-05 13:24:10,200 | INFO | Molten snapshot updated: Server 8:2, Server 26:2, Server 28:2
2026-08-05 13:24:19,454 | INFO | HTTP Request: GET https://kintara.gg/api/servers "HTTP/1.1 200 OK"
2026-08-05 13:24:30,609 | INFO | Molten snapshot updated: Server 5:2, Server 23:2, Server 4:1
2026-08-05 13:25:14,050 | INFO | Molten snapshot updated: Server 23:4, Server 6:2, Server 30:2
2026-08-05 13:25:17,378 | INFO | HTTP Request: GET https://kintara.gg/api/servers "HTTP/1.1 200 OK"
2026-08-05 13:25:34,622 | INFO | Molten snapshot updated: Server 23:4, Server 6:3, Server 30:2
2026-08-05 13:25:54,832 | INFO | Molten snapshot updated: Server 6:4, Server 23:4, Server 30:2
2026-08-05 13:26:15,042 | INFO | Molten snapshot updated: Server 6:5, Server 23:4, Server 4:1
2026-08-05 13:26:19,116 | INFO | HTTP Request: GET https://kintara.gg/api/servers "HTTP/1.1 200 OK"
2026-08-05 13:26:35,322 | INFO | Molten snapshot updated: Server 6:5, Server 23:5, Server 28:3
2026-08-05 13:26:55,497 | INFO | Molten snapshot updated: Server 6:6, Server 23:4, Server 30:2
2026-08-05 13:27:15,733 | INFO | Molten snapshot updated: Server 6:7, Server 23:6, Server 5:2
2026-08-05 13:27:19,523 | INFO | HTTP Request: GET https://kintara.gg/api/servers "HTTP/1.1 200 OK"
2026-08-05 13:27:36,654 | INFO | Molten snapshot updated: Server 6:7, Server 23:6, Server 30:2
2026-08-05 13:27:56,924 | INFO | Molten snapshot updated: Server 6:9, Server 23:3, Server 5:2
2026-08-05 13:28:17,110 | INFO | Molten snapshot updated: Server 6:9, Server 23:3, Server 14:2
2026-08-05 13:28:20,245 | INFO | HTTP Request: GET https://kintara.gg/api/servers "HTTP/1.1 200 OK"
2026-08-05 13:28:37,452 | INFO | Molten snapshot updated: Server 6:10, Server 23:3, Server 5:2
2026-08-05 13:28:57,650 | INFO | Molten snapshot updated: Server 6:12, Server 23:4, Server 28:2
2026-08-05 13:29:17,894 | INFO | Molten snapshot updated: Server 6:14, Server 23:4, Server 4:1
2026-08-05 13:29:20,615 | INFO | HTTP Request: GET https://kintara.gg/api/servers "HTTP/1.1 200 OK"
2026-08-05 13:29:38,782 | INFO | Molten snapshot updated: Server 6:15, Server 23:3, Server 30:2
2026-08-05 13:29:59,011 | INFO | Molten snapshot updated: Server 6:15, Server 23:3, Server 4:1
2026-08-05 13:30:21,904 | INFO | HTTP Request: GET https://kintara.gg/api/servers "HTTP/1.1 200 OK"
2026-08-05 13:30:21,920 | INFO | Molten snapshot updated: Server 6:16, Server 23:3, Server 4:1
2026-08-05 13:30:40,114 | INFO | Molten snapshot updated: Server 6:17, Server 23:3, Server 4:1
2026-08-05 13:31:00,322 | INFO | Molten snapshot updated: Server 6:18, Server 23:3, Server 4:1
2026-08-05 13:31:21,168 | INFO | HTTP Request: GET https://kintara.gg/api/servers "HTTP/1.1 200 OK"
2026-08-05 13:31:42,333 | INFO | Molten snapshot updated: Server 6:17, Server 23:2, Server 4:1
2026-08-05 13:32:02,629 | INFO | Molten snapshot updated: Server 6:18, Server 23:2, Server 4:1
2026-08-05 13:32:20,779 | INFO | HTTP Request: GET https://kintara.gg/api/servers "HTTP/1.1 200 OK"
2026-08-05 13:32:22,827 | INFO | Molten snapshot updated: Server 6:20, Server 23:2, Server 4:1
2026-08-05 13:33:03,275 | INFO | Molten snapshot updated: Server 6:21, Server 23:2, Server 24:2
2026-08-05 13:33:23,588 | INFO | HTTP Request: GET https://kintara.gg/api/servers "HTTP/1.1 200 OK"
2026-08-05 13:33:24,617 | INFO | Molten snapshot updated: Server 6:23, Server 23:2, Server 26:2
2026-08-05 13:33:44,856 | INFO | Molten snapshot updated: Server 6:25, Server 23:2, Server 4:1
2026-08-05 13:34:05,059 | INFO | Molten snapshot updated: Server 6:25, Server 18:2, Server 23:2
2026-08-05 13:34:25,899 | INFO | HTTP Request: GET https://kintara.gg/api/servers "HTTP/1.1 200 OK"
2026-08-05 13:34:26,930 | INFO | Molten snapshot updated: Server 6:27, Server 23:2, Server 4:1
2026-08-05 13:34:47,178 | INFO | Molten snapshot updated: Server 6:28, Server 23:2, Server 4:1
2026-08-05 13:35:07,389 | INFO | Molten snapshot updated: Server 6:29, Server 4:1, Server 5:1
2026-08-05 13:35:24,533 | INFO | HTTP Request: GET https://kintara.gg/api/servers "HTTP/1.1 200 OK"
2026-08-05 13:35:27,577 | INFO | Molten snapshot updated: Server 6:30, Server 4:1, Server 5:1
2026-08-05 13:35:47,784 | INFO | Molten snapshot updated: Server 6:32, Server 4:1, Server 5:1
2026-08-05 13:36:07,987 | INFO | Molten snapshot updated: Server 6:33, Server 4:1, Server 5:1
2026-08-05 13:36:23,743 | INFO | HTTP Request: GET https://kintara.gg/api/servers "HTTP/1.1 200 OK"
2026-08-05 13:36:28,804 | INFO | Molten snapshot updated: Server 6:32, Server 4:1, Server 5:1
2026-08-05 13:37:09,167 | INFO | Molten snapshot updated: Server 6:31, Server 20:2, Server 4:1
2026-08-05 13:37:23,525 | INFO | HTTP Request: GET https://kintara.gg/api/servers "HTTP/1.1 200 OK"
2026-08-05 13:37:29,612 | INFO | Molten snapshot updated: Server 6:31, Server 4:1, Server 5:1
2026-08-05 13:38:10,011 | INFO | Molten snapshot updated: Server 4:1, Server 10:1, Server 12:1
2026-08-05 13:38:24,920 | INFO | HTTP Request: GET https://kintara.gg/api/servers "HTTP/1.1 200 OK"
2026-08-05 13:38:31,001 | INFO | Molten snapshot updated: Server 6:31, Server 4:1, Server 10:1
2026-08-05 13:39:11,418 | INFO | Molten snapshot updated: Server 6:30, Server 4:1, Server 10:1
2026-08-05 13:39:25,242 | INFO | HTTP Request: GET https://kintara.gg/api/servers "HTTP/1.1 200 OK"
2026-08-05 13:39:52,467 | INFO | Molten snapshot updated: Server 6:27, Server 4:1, Server 10:1
2026-08-05 13:40:12,651 | INFO | Molten snapshot updated: Server 6:20, Server 10:2, Server 4:1
2026-08-05 13:40:27,805 | INFO | HTTP Request: GET https://kintara.gg/api/servers "HTTP/1.1 200 OK"
2026-08-05 13:40:32,868 | INFO | Molten snapshot updated: Server 6:19, Server 4:1, Server 10:1
2026-08-05 13:40:53,087 | INFO | Molten snapshot updated: Server 6:17, Server 4:1, Server 10:1
2026-08-05 13:41:13,285 | INFO | Molten snapshot updated: Server 6:14, Server 4:1, Server 10:1
2026-08-05 13:41:29,776 | INFO | HTTP Request: GET https://kintara.gg/api/servers "HTTP/1.1 200 OK"
2026-08-05 13:41:33,848 | INFO | Molten snapshot updated: Server 6:16, Server 4:1, Server 10:1
2026-08-05 13:41:54,111 | INFO | Molten snapshot updated: Server 6:17, Server 4:1, Server 10:1
2026-08-05 13:42:14,329 | INFO | Molten snapshot updated: Server 6:18, Server 4:2, Server 10:1
2026-08-05 13:42:26,648 | INFO | HTTP Request: GET https://kintara.gg/api/servers "HTTP/1.1 200 OK"
2026-08-05 13:42:34,962 | INFO | Molten snapshot updated: Server 6:18, Server 4:1, Server 10:1
2026-08-05 13:42:55,170 | INFO | Molten snapshot updated: Server 6:22, Server 12:2, Server 4:1
2026-08-05 13:43:15,357 | INFO | Molten snapshot updated: Server 6:24, Server 12:2, Server 4:1
2026-08-05 13:43:27,094 | INFO | HTTP Request: GET https://kintara.gg/api/servers "HTTP/1.1 200 OK"
2026-08-05 13:43:36,240 | INFO | Molten snapshot updated: Server 6:23, Server 12:2, Server 19:2
2026-08-05 13:43:56,444 | INFO | Molten snapshot updated: Server 6:24, Server 15:2, Server 19:2
2026-08-05 13:44:16,659 | INFO | Molten snapshot updated: Server 6:23, Server 4:1, Server 10:1
2026-08-05 13:44:28,433 | INFO | HTTP Request: GET https://kintara.gg/api/servers "HTTP/1.1 200 OK"
2026-08-05 13:44:37,502 | INFO | Molten snapshot updated: Server 6:23, Server 16:2, Server 4:1
2026-08-05 13:44:57,690 | INFO | Molten snapshot updated: Server 6:24, Server 4:1, Server 8:1
2026-08-05 13:45:17,923 | INFO | Molten snapshot updated: Server 6:24, Server 12:2, Server 4:1
2026-08-05 13:45:27,426 | INFO | HTTP Request: GET https://kintara.gg/api/servers "HTTP/1.1 200 OK"
2026-08-05 13:45:38,566 | INFO | Molten snapshot updated: Server 6:25, Server 12:2, Server 4:1
2026-08-05 13:45:58,717 | INFO | Molten snapshot updated: Server 6:24, Server 4:1, Server 10:1
2026-08-05 13:46:18,973 | INFO | Molten snapshot updated: Server 6:21, Server 4:1, Server 10:1
2026-08-05 13:46:27,931 | INFO | HTTP Request: GET https://kintara.gg/api/servers "HTTP/1.1 200 OK"
2026-08-05 13:46:39,079 | INFO | Molten snapshot updated: Server 6:13, Server 4:1, Server 10:1
2026-08-05 13:46:59,313 | INFO | Molten snapshot updated: Server 6:8, Server 21:3, Server 10:1
2026-08-05 13:47:19,521 | INFO | Molten snapshot updated: Server 6:10, Server 7:1, Server 10:1
2026-08-05 13:47:29,152 | INFO | HTTP Request: GET https://kintara.gg/api/servers "HTTP/1.1 200 OK"
2026-08-05 13:47:40,286 | INFO | Molten snapshot updated: Server 6:9, Server 4:1, Server 10:1
2026-08-05 13:48:00,508 | INFO | Molten snapshot updated: Server 6:6, Server 4:1, Server 10:1
2026-08-05 13:48:20,731 | INFO | Molten snapshot updated: Server 6:7, Server 4:2, Server 10:1
2026-08-05 13:48:28,527 | INFO | HTTP Request: GET https://kintara.gg/api/servers "HTTP/1.1 200 OK"
2026-08-05 13:48:41,707 | INFO | Molten snapshot updated: Server 6:4, Server 5:2, Server 18:2
2026-08-05 13:49:01,879 | INFO | Molten snapshot updated: Server 6:4, Server 5:3, Server 18:2
2026-08-05 13:49:22,101 | INFO | Molten snapshot updated: Server 5:4, Server 6:2, Server 18:2
2026-08-05 13:49:29,078 | INFO | HTTP Request: GET https://kintara.gg/api/servers "HTTP/1.1 200 OK"
2026-08-05 13:49:42,253 | INFO | Molten snapshot updated: Server 5:6, Server 6:3, Server 26:2
2026-08-05 13:50:02,530 | INFO | Molten snapshot updated: Server 5:7, Server 6:4, Server 26:2
2026-08-05 13:50:22,804 | INFO | Molten snapshot updated: Server 5:8, Server 6:2, Server 26:2
2026-08-05 13:50:30,585 | INFO | HTTP Request: GET https://kintara.gg/api/servers "HTTP/1.1 200 OK"
2026-08-05 13:50:43,728 | INFO | Molten snapshot updated: Server 5:10, Server 6:2, Server 26:2
2026-08-05 13:51:03,960 | INFO | Molten snapshot updated: Server 5:10, Server 6:3, Server 26:2
2026-08-05 13:51:32,698 | INFO | HTTP Request: GET https://kintara.gg/api/servers "HTTP/1.1 200 OK"
2026-08-05 13:51:44,857 | INFO | Molten snapshot updated: Server 5:11, Server 26:2, Server 4:1
2026-08-05 13:52:05,079 | INFO | Molten snapshot updated: Server 5:12, Server 17:2, Server 26:2
2026-08-05 13:52:25,331 | INFO | Molten snapshot updated: Server 5:13, Server 21:2, Server 26:2
2026-08-05 13:52:32,441 | INFO | HTTP Request: GET https://kintara.gg/api/servers "HTTP/1.1 200 OK"
2026-08-05 13:52:45,591 | INFO | Molten snapshot updated: Server 5:16, Server 6:3, Server 18:2
2026-08-05 13:53:05,811 | INFO | Molten snapshot updated: Server 5:20, Server 17:2, Server 4:1
2026-08-05 13:53:26,024 | INFO | Molten snapshot updated: Server 5:21, Server 4:1, Server 6:1
2026-08-05 13:53:30,328 | INFO | HTTP Request: GET https://kintara.gg/api/servers "HTTP/1.1 200 OK"
2026-08-05 13:53:46,523 | INFO | Molten snapshot updated: Server 5:22, Server 4:1, Server 10:1
2026-08-05 13:54:06,746 | INFO | Molten snapshot updated: Server 5:21, Server 17:2, Server 27:2
2026-08-05 13:54:26,990 | INFO | Molten snapshot updated: Server 5:17, Server 6:2, Server 4:1
2026-08-05 13:54:37,933 | INFO | HTTP Request: GET https://kintara.gg/api/servers "HTTP/1.1 200 OK"
2026-08-05 13:54:47,068 | INFO | Molten snapshot updated: Server 5:15, Server 6:2, Server 4:1
2026-08-05 13:55:07,283 | INFO | Molten snapshot updated: Server 5:16, Server 4:1, Server 6:1
2026-08-05 13:55:27,544 | INFO | Molten snapshot updated: Server 5:17, Server 17:2, Server 4:1
2026-08-05 13:55:33,924 | INFO | HTTP Request: GET https://kintara.gg/api/servers "HTTP/1.1 200 OK"
2026-08-05 13:55:48,103 | INFO | Molten snapshot updated: Server 5:19, Server 4:1, Server 6:1
2026-08-05 13:56:08,287 | INFO | Molten snapshot updated: Server 5:20, Server 4:1, Server 6:1
2026-08-05 13:56:28,514 | INFO | Molten snapshot updated: Server 5:21, Server 4:1, Server 6:1
2026-08-05 13:56:32,960 | INFO | HTTP Request: GET https://kintara.gg/api/servers "HTTP/1.1 200 OK"
2026-08-05 13:56:49,129 | INFO | Molten snapshot updated: Server 5:21, Server 6:2, Server 4:1
2026-08-05 13:57:34,202 | INFO | HTTP Request: GET https://kintara.gg/api/servers "HTTP/1.1 200 OK"
2026-08-05 13:58:31,749 | INFO | Molten snapshot updated: Server 5:22, Server 4:1, Server 6:1
2026-08-05 13:58:35,638 | INFO | HTTP Request: GET https://kintara.gg/api/servers "HTTP/1.1 200 OK"
2026-08-05 13:58:51,793 | INFO | Molten snapshot updated: Server 5:20, Server 6:2, Server 10:1
2026-08-05 13:59:11,983 | INFO | Molten snapshot updated: Server 5:21, Server 6:2, Server 4:1
2026-08-05 13:59:32,193 | INFO | Molten snapshot updated: Server 5:22, Server 6:2, Server 21:2
2026-08-05 13:59:35,148 | INFO | HTTP Request: GET https://kintara.gg/api/servers "HTTP/1.1 200 OK"
2026-08-05 13:59:52,383 | INFO | Molten snapshot updated: Server 5:17, Server 6:2, Server 26:2
2026-08-05 14:00:12,625 | INFO | Molten snapshot updated: Server 5:11, Server 12:2, Server 27:2
2026-08-05 14:00:32,866 | INFO | Molten snapshot updated: Server 5:5, Server 4:2, Server 12:2
2026-08-05 14:00:35,808 | INFO | HTTP Request: GET https://kintara.gg/api/servers "HTTP/1.1 200 OK"
2026-08-05 14:00:53,032 | INFO | Molten snapshot updated: Server 5:6, Server 4:1, Server 10:1
2026-08-05 14:01:13,281 | INFO | Molten snapshot updated: Server 5:2, Server 26:2, Server 4:1
2026-08-05 14:01:33,496 | INFO | Molten snapshot updated: Server 5:2, Server 17:2, Server 30:2
2026-08-05 14:01:39,288 | INFO | HTTP Request: GET https://kintara.gg/api/servers "HTTP/1.1 200 OK"
2026-08-05 14:01:54,436 | INFO | Molten snapshot updated: Server 27:2, Server 4:1, Server 5:1
2026-08-05 14:02:14,693 | INFO | Molten snapshot updated: Server 27:3, Server 4:1, Server 5:1
2026-08-05 14:02:37,607 | INFO | HTTP Request: GET https://kintara.gg/api/servers "HTTP/1.1 200 OK"
2026-08-05 14:02:37,625 | INFO | Molten snapshot updated: Server 5:3, Server 26:2, Server 4:1
2026-08-05 14:02:55,865 | INFO | Molten snapshot updated: Server 23:2, Server 4:1, Server 10:1
2026-08-05 14:03:16,126 | INFO | Molten snapshot updated: Server 5:4, Server 23:2, Server 4:1
2026-08-05 14:03:38,185 | INFO | HTTP Request: GET https://kintara.gg/api/servers "HTTP/1.1 200 OK"
2026-08-05 14:03:39,220 | INFO | Molten snapshot updated: Server 5:6, Server 23:3, Server 4:1
2026-08-05 14:03:59,436 | INFO | Molten snapshot updated: Server 5:6, Server 23:2, Server 4:1
2026-08-05 14:04:19,641 | INFO | Molten snapshot updated: Server 5:6, Server 19:2, Server 23:2
2026-08-05 14:04:37,512 | INFO | HTTP Request: GET https://kintara.gg/api/servers "HTTP/1.1 200 OK"
2026-08-05 14:04:40,562 | INFO | Molten snapshot updated: Server 5:5, Server 19:2, Server 23:2
2026-08-05 14:05:00,801 | INFO | Molten snapshot updated: Server 19:2, Server 5:1, Server 8:1
2026-08-05 14:05:21,009 | INFO | Molten snapshot updated: Server 28:3, Server 16:2, Server 19:2
2026-08-05 14:05:37,763 | INFO | HTTP Request: GET https://kintara.gg/api/servers "HTTP/1.1 200 OK"
2026-08-05 14:05:41,815 | INFO | Molten snapshot updated: Server 19:2, Server 26:2, Server 28:2
2026-08-05 14:06:02,087 | INFO | Molten snapshot updated: Server 5:5, Server 6:2, Server 19:2
2026-08-05 14:06:22,305 | INFO | Molten snapshot updated: Server 5:4, Server 10:2, Server 19:2
2026-08-05 14:06:42,044 | INFO | HTTP Request: GET https://kintara.gg/api/servers "HTTP/1.1 200 OK"
2026-08-05 14:06:43,073 | INFO | Molten snapshot updated: Server 5:3, Server 6:3, Server 19:2
2026-08-05 14:07:03,298 | INFO | Molten snapshot updated: Server 6:3, Server 19:2, Server 26:2
2026-08-05 14:07:23,542 | INFO | Molten snapshot updated: Server 6:3, Server 16:2, Server 26:2
2026-08-05 14:07:38,580 | INFO | HTTP Request: GET https://kintara.gg/api/servers "HTTP/1.1 200 OK"
2026-08-05 14:07:43,621 | INFO | Molten snapshot updated: Server 5:3, Server 6:3, Server 28:3
2026-08-05 14:08:03,747 | INFO | Molten snapshot updated: Server 28:4, Server 6:3, Server 10:2
2026-08-05 14:08:23,922 | INFO | Molten snapshot updated: Server 28:4, Server 5:3, Server 6:2
2026-08-05 14:08:43,351 | INFO | HTTP Request: GET https://kintara.gg/api/servers "HTTP/1.1 200 OK"
2026-08-05 14:08:44,377 | INFO | Molten snapshot updated: Server 28:4, Server 6:2, Server 10:2
2026-08-05 14:09:04,589 | INFO | Molten snapshot updated: Server 28:5, Server 10:2, Server 4:1
2026-08-05 14:09:24,876 | INFO | Molten snapshot updated: Server 28:4, Server 17:2, Server 4:1
2026-08-05 14:09:41,092 | INFO | HTTP Request: GET https://kintara.gg/api/servers "HTTP/1.1 200 OK"
2026-08-05 14:09:45,160 | INFO | Molten snapshot updated: Server 28:5, Server 13:2, Server 19:2
2026-08-05 14:10:05,335 | INFO | Molten snapshot updated: Server 28:6, Server 4:1, Server 6:1
2026-08-05 14:10:25,498 | INFO | Molten snapshot updated: Server 28:6, Server 5:2, Server 4:1
2026-08-05 14:10:39,935 | INFO | HTTP Request: GET https://kintara.gg/api/servers "HTTP/1.1 200 OK"
2026-08-05 14:10:46,012 | INFO | Molten snapshot updated: Server 28:6, Server 4:1, Server 6:1
2026-08-05 14:11:06,214 | INFO | Molten snapshot updated: Server 28:6, Server 23:2, Server 4:1
2026-08-05 14:11:44,870 | INFO | HTTP Request: GET https://kintara.gg/api/servers "HTTP/1.1 200 OK"
2026-08-05 14:12:01,024 | INFO | Molten snapshot updated: Server 4:1, Server 23:1
2026-08-05 14:12:21,224 | INFO | Molten snapshot updated: Server 28:4, Server 4:1, Server 23:1
2026-08-05 14:12:41,639 | INFO | HTTP Request: GET https://kintara.gg/api/servers "HTTP/1.1 200 OK"
2026-08-05 14:12:42,658 | INFO | Molten snapshot updated: Server 28:5, Server 4:1, Server 23:1
2026-08-05 14:13:02,892 | INFO | Molten snapshot updated: Server 28:5, Server 4:1, Server 10:1
2026-08-05 14:13:23,104 | INFO | Molten snapshot updated: Server 28:5, Server 19:2, Server 26:2
2026-08-05 14:13:44,738 | INFO | HTTP Request: GET https://kintara.gg/api/servers "HTTP/1.1 200 OK"
2026-08-05 14:14:05,919 | INFO | Molten snapshot updated: Server 28:6, Server 19:2, Server 4:1
2026-08-05 14:14:43,372 | INFO | HTTP Request: GET https://kintara.gg/api/servers "HTTP/1.1 200 OK"
2026-08-05 14:14:46,443 | INFO | Molten snapshot updated: Server 28:6, Server 19:2, Server 23:2
2026-08-05 14:15:06,660 | INFO | Molten snapshot updated: Server 28:6, Server 19:2, Server 4:1
2026-08-05 14:15:26,884 | INFO | Molten snapshot updated: Server 28:6, Server 4:2, Server 17:2
2026-08-05 14:15:47,403 | INFO | HTTP Request: GET https://kintara.gg/api/servers "HTTP/1.1 200 OK"
2026-08-05 14:15:48,426 | INFO | Molten snapshot updated: Server 28:6, Server 19:3, Server 4:1
2026-08-05 14:16:08,626 | INFO | Molten snapshot updated: Server 28:6, Server 19:3, Server 4:2
2026-08-05 14:16:28,831 | INFO | Molten snapshot updated: Server 28:7, Server 19:3, Server 4:1
2026-08-05 14:16:44,678 | INFO | HTTP Request: GET https://kintara.gg/api/servers "HTTP/1.1 200 OK"
2026-08-05 14:16:49,748 | INFO | Molten snapshot updated: Server 28:9, Server 19:2, Server 4:1
2026-08-05 14:17:10,019 | INFO | Molten snapshot updated: Server 28:5, Server 19:2, Server 4:1
2026-08-05 14:17:30,301 | INFO | Molten snapshot updated: Server 28:5, Server 19:2, Server 29:2
2026-08-05 14:17:45,095 | INFO | HTTP Request: GET https://kintara.gg/api/servers "HTTP/1.1 200 OK"
2026-08-05 14:18:11,381 | INFO | Molten snapshot updated: Server 28:3, Server 19:2, Server 5:1
2026-08-05 14:18:31,620 | INFO | Molten snapshot updated: Server 28:3, Server 9:2, Server 19:2
2026-08-05 14:18:45,380 | INFO | HTTP Request: GET https://kintara.gg/api/servers "HTTP/1.1 200 OK"
2026-08-05 14:18:52,449 | INFO | Molten snapshot updated: Server 28:3, Server 19:2, Server 20:2
2026-08-05 14:19:12,652 | INFO | Molten snapshot updated: Server 28:4, Server 20:3, Server 19:2
2026-08-05 14:19:32,922 | INFO | Molten snapshot updated: Server 19:2, Server 20:2, Server 29:2
2026-08-05 14:19:46,507 | INFO | HTTP Request: GET https://kintara.gg/api/servers "HTTP/1.1 200 OK"
2026-08-05 14:19:53,575 | INFO | Molten snapshot updated: Server 19:3, Server 17:2, Server 20:2
2026-08-05 14:20:13,795 | INFO | Molten snapshot updated: Server 19:2, Server 20:2, Server 9:1
2026-08-05 14:20:34,005 | INFO | Molten snapshot updated: Server 23:3, Server 30:3, Server 19:2
2026-08-05 14:20:45,647 | INFO | HTTP Request: GET https://kintara.gg/api/servers "HTTP/1.1 200 OK"
2026-08-05 14:20:54,755 | INFO | Molten snapshot updated: Server 19:3, Server 24:2, Server 29:2
2026-08-05 14:21:14,971 | INFO | Molten snapshot updated: Server 19:2, Server 21:2, Server 29:2
2026-08-05 14:21:35,145 | INFO | Molten snapshot updated: Server 11:2, Server 12:2, Server 15:2
2026-08-05 14:21:46,488 | INFO | HTTP Request: GET https://kintara.gg/api/servers "HTTP/1.1 200 OK"
2026-08-05 14:21:57,600 | INFO | Molten snapshot updated: Server 11:5, Server 15:2, Server 19:2
2026-08-05 14:22:17,759 | INFO | Molten snapshot updated: Server 11:2, Server 15:2, Server 19:2
2026-08-05 14:22:37,945 | INFO | Molten snapshot updated: Server 19:3, Server 15:2, Server 26:2
2026-08-05 14:22:50,146 | INFO | HTTP Request: GET https://kintara.gg/api/servers "HTTP/1.1 200 OK"
2026-08-05 14:22:58,218 | INFO | Molten snapshot updated: Server 11:2, Server 15:2, Server 19:2
2026-08-05 14:23:18,431 | INFO | Molten snapshot updated: Server 15:3, Server 19:2, Server 12:1
2026-08-05 14:23:38,649 | INFO | Molten snapshot updated: Server 15:3, Server 19:2, Server 28:2
2026-08-05 14:23:48,019 | INFO | HTTP Request: GET https://kintara.gg/api/servers "HTTP/1.1 200 OK"
2026-08-05 14:23:59,163 | INFO | Molten snapshot updated: Server 15:3, Server 19:2, Server 12:1
2026-08-05 14:24:19,387 | INFO | Molten snapshot updated: Server 15:4, Server 19:2, Server 29:2
2026-08-05 14:24:39,580 | INFO | Molten snapshot updated: Server 15:4, Server 19:2, Server 9:1
2026-08-05 14:24:49,480 | WARNING | Molten server refresh failed; keeping the current process alive: [SSL: UNEXPECTED_EOF_WHILE_READING] EOF occurred in violation of protocol (_ssl.c:1081)
2026-08-05 14:25:00,170 | INFO | Molten snapshot updated: Server 15:5, Server 19:2, Server 23:2
2026-08-05 14:25:06,018 | INFO | HTTP Request: GET https://kintara.gg/api/servers "HTTP/1.1 200 OK"
2026-08-05 14:25:21,165 | INFO | Molten snapshot updated: Server 15:7, Server 19:2, Server 23:2
2026-08-05 14:26:03,457 | INFO | HTTP Request: GET https://kintara.gg/api/servers "HTTP/1.1 200 OK"
2026-08-05 14:26:03,471 | INFO | Molten snapshot updated: Server 15:7, Server 23:3, Server 19:2
2026-08-05 14:26:21,665 | INFO | Molten snapshot updated: Server 15:9, Server 19:3, Server 23:2
2026-08-05 14:26:41,873 | INFO | Molten snapshot updated: Server 15:13, Server 19:2, Server 23:2
2026-08-05 14:27:10,297 | INFO | HTTP Request: GET https://kintara.gg/api/servers "HTTP/1.1 200 OK"
2026-08-05 14:27:42,622 | INFO | Molten snapshot updated: Server 15:15, Server 19:2, Server 23:2
2026-08-05 14:28:04,505 | INFO | HTTP Request: GET https://kintara.gg/api/servers "HTTP/1.1 200 OK"
2026-08-05 14:29:05,356 | INFO | HTTP Request: GET https://kintara.gg/api/servers "HTTP/1.1 200 OK"
2026-08-05 14:29:26,652 | INFO | Molten snapshot updated: Server 15:16, Server 19:2, Server 23:2
2026-08-05 14:29:46,889 | INFO | Molten snapshot updated: Server 15:17, Server 19:2, Server 4:1
2026-08-05 14:30:19,060 | WARNING | Molten server refresh failed; keeping the current process alive: _ssl.c:1063: The handshake operation timed out
2026-08-05 14:30:26,653 | INFO | HTTP Request: GET https://kintara.gg/api/servers "HTTP/1.1 200 OK"
2026-08-05 14:31:21,567 | INFO | HTTP Request: GET https://kintara.gg/api/servers "HTTP/1.1 200 OK"
2026-08-05 14:31:35,756 | INFO | Molten snapshot updated: Server 15:14, Server 19:2, Server 9:1
2026-08-05 14:31:55,971 | INFO | Molten snapshot updated: Server 15:13, Server 19:2, Server 9:1
2026-08-05 14:32:16,205 | INFO | Molten snapshot updated: Server 15:14, Server 19:2, Server 9:1
2026-08-05 14:32:22,826 | INFO | HTTP Request: GET https://kintara.gg/api/servers "HTTP/1.1 200 OK"
2026-08-05 14:32:36,982 | INFO | Molten snapshot updated: Server 15:15, Server 19:2, Server 9:1
2026-08-05 14:32:57,167 | INFO | Molten snapshot updated: Server 15:18, Server 19:2, Server 9:1
2026-08-05 14:33:17,382 | INFO | Molten snapshot updated: Server 15:14, Server 19:2, Server 9:1
2026-08-05 14:33:23,237 | WARNING | Molten server refresh failed; keeping the current process alive: [SSL: UNEXPECTED_EOF_WHILE_READING] EOF occurred in violation of protocol (_ssl.c:1081)
2026-08-05 14:33:32,763 | INFO | HTTP Request: GET https://kintara.gg/api/servers "HTTP/1.1 200 OK"
2026-08-05 14:33:37,838 | INFO | Molten snapshot updated: Server 15:7, Server 19:2, Server 9:1
2026-08-05 14:33:58,053 | INFO | Molten snapshot updated: Server 15:6, Server 19:2, Server 9:1
2026-08-05 14:34:18,270 | INFO | Molten snapshot updated: Server 15:5, Server 19:2, Server 10:1
2026-08-05 14:34:28,571 | INFO | HTTP Request: GET https://kintara.gg/api/servers "HTTP/1.1 200 OK"
2026-08-05 14:35:29,656 | INFO | HTTP Request: GET https://kintara.gg/api/servers "HTTP/1.1 200 OK"
2026-08-05 14:35:59,980 | INFO | Molten snapshot updated: Server 15:3, Server 19:2, Server 10:1
2026-08-05 14:36:20,159 | INFO | Molten snapshot updated: Server 15:2, Server 26:2, Server 13:1
2026-08-05 14:36:29,829 | INFO | HTTP Request: GET https://kintara.gg/api/servers "HTTP/1.1 200 OK"
2026-08-05 14:36:41,982 | INFO | Molten snapshot updated: Server 13:1, Server 14:1, Server 19:1
2026-08-05 14:37:02,216 | INFO | Molten snapshot updated: Server 6:1, Server 13:1, Server 14:1
2026-08-05 14:37:22,450 | INFO | Molten snapshot updated: Server 6:1, Server 13:1, Server 19:1
2026-08-05 14:37:32,203 | INFO | HTTP Request: GET https://kintara.gg/api/servers "HTTP/1.1 200 OK"
2026-08-05 14:38:03,587 | INFO | Molten snapshot updated: Server 6:1, Server 9:1, Server 15:1
2026-08-05 14:38:23,813 | INFO | Molten snapshot updated: Server 15:2, Server 6:1, Server 9:1
2026-08-05 14:38:29,171 | INFO | HTTP Request: GET https://kintara.gg/api/servers "HTTP/1.1 200 OK"
2026-08-05 14:38:44,363 | INFO | Molten snapshot updated: Server 15:6, Server 4:1, Server 9:1
2026-08-05 14:39:04,545 | INFO | Molten snapshot updated: Server 15:11, Server 23:2, Server 28:2
2026-08-05 14:39:24,763 | INFO | Molten snapshot updated: Server 15:12, Server 4:1, Server 6:1
2026-08-05 14:39:30,749 | INFO | HTTP Request: GET https://kintara.gg/api/servers "HTTP/1.1 200 OK"
2026-08-05 14:39:44,936 | INFO | Molten snapshot updated: Server 15:10, Server 4:1, Server 6:1
2026-08-05 14:40:05,158 | INFO | Molten snapshot updated: Server 15:11, Server 4:2, Server 23:2
2026-08-05 14:40:25,336 | INFO | Molten snapshot updated: Server 15:10, Server 4:2, Server 23:2
2026-08-05 14:40:30,956 | INFO | HTTP Request: GET https://kintara.gg/api/servers "HTTP/1.1 200 OK"
2026-08-05 14:40:46,151 | INFO | Molten snapshot updated: Server 15:7, Server 4:2, Server 23:2
2026-08-05 14:41:06,368 | INFO | Molten snapshot updated: Server 4:2, Server 15:2, Server 26:2
2026-08-05 14:41:41,927 | INFO | HTTP Request: GET https://kintara.gg/api/servers "HTTP/1.1 200 OK"
2026-08-05 14:41:41,943 | INFO | Molten snapshot updated: Server 15:4, Server 4:2, Server 11:1
2026-08-05 14:41:50,049 | INFO | Molten snapshot updated: Server 15:3, Server 4:2, Server 11:1
2026-08-05 14:42:10,290 | INFO | Molten snapshot updated: Server 15:5, Server 4:2, Server 23:2
2026-08-05 14:42:33,886 | INFO | HTTP Request: GET https://kintara.gg/api/servers "HTTP/1.1 200 OK"
2026-08-05 14:42:33,900 | INFO | Molten snapshot updated: Server 15:6, Server 4:2, Server 20:2
2026-08-05 14:42:51,089 | INFO | Molten snapshot updated: Server 15:6, Server 4:2, Server 27:2
2026-08-05 14:43:18,379 | INFO | Molten snapshot updated: Server 15:9, Server 4:2, Server 29:2
2026-08-05 14:43:34,727 | INFO | HTTP Request: GET https://kintara.gg/api/servers "HTTP/1.1 200 OK"
2026-08-05 14:43:38,781 | INFO | Molten snapshot updated: Server 15:9, Server 4:2, Server 19:2
2026-08-05 14:43:59,020 | INFO | Molten snapshot updated: Server 15:9, Server 4:2, Server 29:2
2026-08-05 14:44:19,278 | INFO | Molten snapshot updated: Server 4:2, Server 29:2, Server 11:1
2026-08-05 14:44:34,159 | INFO | HTTP Request: GET https://kintara.gg/api/servers "HTTP/1.1 200 OK"
2026-08-05 14:44:40,240 | INFO | Molten snapshot updated: Server 15:6, Server 4:2, Server 29:2
2026-08-05 14:45:00,467 | INFO | Molten snapshot updated: Server 15:5, Server 4:2, Server 29:2
2026-08-05 14:45:20,679 | INFO | Molten snapshot updated: Server 29:3, Server 4:2, Server 11:1
2026-08-05 14:45:34,609 | INFO | HTTP Request: GET https://kintara.gg/api/servers "HTTP/1.1 200 OK"
2026-08-05 14:45:41,669 | INFO | Molten snapshot updated: Server 15:3, Server 29:3, Server 4:2
2026-08-05 14:46:01,897 | INFO | Molten snapshot updated: Server 15:5, Server 4:2, Server 29:2
2026-08-05 14:46:36,095 | WARNING | Molten server refresh failed; keeping the current process alive: [SSL: UNEXPECTED_EOF_WHILE_READING] EOF occurred in violation of protocol (_ssl.c:1081)
2026-08-05 14:46:43,428 | INFO | HTTP Request: GET https://kintara.gg/api/servers "HTTP/1.1 200 OK"
2026-08-05 14:46:44,462 | INFO | Molten snapshot updated: Server 15:5, Server 4:2, Server 8:1
2026-08-05 14:47:04,661 | INFO | Molten snapshot updated: Server 15:4, Server 4:2, Server 8:2
2026-08-05 14:47:41,785 | INFO | HTTP Request: GET https://kintara.gg/api/servers "HTTP/1.1 200 OK"
2026-08-05 14:47:45,851 | INFO | Molten snapshot updated: Server 4:2, Server 8:2, Server 15:2
2026-08-05 14:48:26,335 | INFO | Molten snapshot updated: Server 4:2, Server 8:2, Server 11:1
2026-08-05 14:48:44,777 | INFO | HTTP Request: GET https://kintara.gg/api/servers "HTTP/1.1 200 OK"
2026-08-05 14:49:27,306 | INFO | Molten snapshot updated: Server 8:3, Server 4:2, Server 11:1
2026-08-05 14:49:42,782 | WARNING | Molten server refresh failed; keeping the current process alive: [SSL: CERTIFICATE_VERIFY_FAILED] certificate verify failed: Hostname mismatch, certificate is not valid for 'kintara.gg'. (_ssl.c:1081)
2026-08-05 14:49:48,534 | INFO | HTTP Request: GET https://kintara.gg/api/servers "HTTP/1.1 200 OK"
2026-08-05 14:49:49,571 | INFO | Molten snapshot updated: Server 8:3, Server 4:2, Server 7:1
2026-08-05 14:50:53,383 | INFO | HTTP Request: GET https://kintara.gg/api/servers "HTTP/1.1 200 OK"
2026-08-05 14:51:14,649 | INFO | Molten snapshot updated: Server 8:4, Server 4:2, Server 11:2
2026-08-05 14:51:34,872 | INFO | Molten snapshot updated: Server 8:4, Server 4:3, Server 19:2
2026-08-05 14:51:49,928 | INFO | HTTP Request: GET https://kintara.gg/api/servers "HTTP/1.1 200 OK"
2026-08-05 14:51:54,996 | INFO | Molten snapshot updated: Server 8:5, Server 4:3, Server 5:1
2026-08-05 14:52:15,227 | INFO | Molten snapshot updated: Server 8:5, Server 4:1, Server 7:1
2026-08-05 14:52:35,450 | INFO | Molten snapshot updated: Server 8:6, Server 4:1, Server 7:1
2026-08-05 14:52:50,236 | INFO | HTTP Request: GET https://kintara.gg/api/servers "HTTP/1.1 200 OK"
2026-08-05 14:53:01,347 | INFO | Molten snapshot updated: Server 8:6, Server 4:2, Server 15:2
2026-08-05 14:53:21,574 | INFO | Molten snapshot updated: Server 8:6, Server 4:2, Server 7:1
2026-08-05 14:53:41,769 | INFO | Molten snapshot updated: Server 8:9, Server 4:3, Server 10:1
2026-08-05 14:53:50,986 | INFO | HTTP Request: GET https://kintara.gg/api/servers "HTTP/1.1 200 OK"
2026-08-05 14:54:02,109 | INFO | Molten snapshot updated: Server 8:8, Server 4:2, Server 5:1
2026-08-05 14:54:22,303 | INFO | Molten snapshot updated: Server 8:7, Server 4:2, Server 30:2
2026-08-05 14:54:42,527 | INFO | Molten snapshot updated: Server 8:5, Server 4:2, Server 7:1
2026-08-05 14:54:51,723 | INFO | HTTP Request: GET https://kintara.gg/api/servers "HTTP/1.1 200 OK"
2026-08-05 14:55:02,865 | INFO | Molten snapshot updated: Server 8:6, Server 4:2, Server 7:1
2026-08-05 14:55:23,079 | INFO | Molten snapshot updated: Server 8:8, Server 10:3, Server 4:2
2026-08-05 14:55:56,366 | INFO | HTTP Request: GET https://kintara.gg/api/servers "HTTP/1.1 200 OK"
2026-08-05 14:56:03,445 | INFO | Molten snapshot updated: Server 8:9, Server 10:3, Server 4:2
2026-08-05 14:56:58,004 | INFO | HTTP Request: GET https://kintara.gg/api/servers "HTTP/1.1 200 OK"
2026-08-05 14:57:04,091 | INFO | Molten snapshot updated: Server 8:11, Server 4:2, Server 10:2
2026-08-05 14:57:24,319 | INFO | Molten snapshot updated: Server 8:11, Server 10:3, Server 4:2
2026-08-05 14:57:53,753 | INFO | HTTP Request: GET https://kintara.gg/api/servers "HTTP/1.1 200 OK"
2026-08-05 14:58:53,849 | INFO | HTTP Request: GET https://kintara.gg/api/servers "HTTP/1.1 200 OK"
2026-08-05 14:59:02,048 | INFO | Molten snapshot updated: Server 8:13, Server 10:4, Server 4:2
2026-08-05 14:59:22,323 | INFO | Molten snapshot updated: Server 8:14, Server 10:4, Server 4:2
2026-08-05 14:59:57,512 | INFO | HTTP Request: GET https://kintara.gg/api/servers "HTTP/1.1 200 OK"
2026-08-05 15:00:22,773 | INFO | Molten snapshot updated: Server 8:15, Server 10:4, Server 4:2
2026-08-05 15:00:58,952 | INFO | HTTP Request: GET https://kintara.gg/api/servers "HTTP/1.1 200 OK"
2026-08-05 15:01:55,577 | INFO | HTTP Request: GET https://kintara.gg/api/servers "HTTP/1.1 200 OK"
2026-08-05 15:02:07,753 | INFO | Molten snapshot updated: Server 8:15, Server 10:5, Server 4:2
2026-08-05 15:02:55,709 | INFO | HTTP Request: GET https://kintara.gg/api/servers "HTTP/1.1 200 OK"
2026-08-05 15:03:56,068 | INFO | HTTP Request: GET https://kintara.gg/api/servers "HTTP/1.1 200 OK"
2026-08-05 15:04:10,228 | INFO | Molten snapshot updated: Server 8:14, Server 10:5, Server 4:2
2026-08-05 15:04:30,488 | INFO | Molten snapshot updated: Server 10:5, Server 4:2, Server 28:2
2026-08-05 15:04:50,772 | INFO | Molten snapshot updated: Server 10:5, Server 4:2, Server 7:1
2026-08-05 15:04:56,811 | INFO | HTTP Request: GET https://kintara.gg/api/servers "HTTP/1.1 200 OK"
2026-08-05 15:05:10,916 | INFO | Molten snapshot updated: Server 8:14, Server 10:5, Server 4:2
2026-08-05 15:05:31,155 | INFO | Molten snapshot updated: Server 8:15, Server 10:5, Server 4:2
2026-08-05 15:05:51,369 | INFO | Molten snapshot updated: Server 8:15, Server 10:4, Server 4:2
2026-08-05 15:05:57,494 | INFO | HTTP Request: GET https://kintara.gg/api/servers "HTTP/1.1 200 OK"
2026-08-05 15:06:31,847 | INFO | Molten snapshot updated: Server 8:14, Server 10:4, Server 4:2
2026-08-05 15:06:52,050 | INFO | Molten snapshot updated: Server 8:14, Server 10:4, Server 7:1
2026-08-05 15:06:57,748 | INFO | HTTP Request: GET https://kintara.gg/api/servers "HTTP/1.1 200 OK"
2026-08-05 15:07:12,936 | INFO | Molten snapshot updated: Server 8:14, Server 10:4, Server 4:2
2026-08-05 15:07:33,198 | INFO | Molten snapshot updated: Server 8:15, Server 10:4, Server 4:2
2026-08-05 15:07:53,438 | INFO | Molten snapshot updated: Server 8:16, Server 10:4, Server 4:2
2026-08-05 15:07:58,857 | INFO | HTTP Request: GET https://kintara.gg/api/servers "HTTP/1.1 200 OK"
2026-08-05 15:08:13,990 | INFO | Molten snapshot updated: Server 8:16, Server 4:2, Server 29:2
2026-08-05 15:08:34,206 | INFO | Molten snapshot updated: Server 10:4, Server 4:2, Server 29:2
2026-08-05 15:08:54,441 | INFO | Molten snapshot updated: Server 8:12, Server 10:4, Server 4:3
2026-08-05 15:08:58,845 | INFO | HTTP Request: GET https://kintara.gg/api/servers "HTTP/1.1 200 OK"
2026-08-05 15:09:15,024 | INFO | Molten snapshot updated: Server 8:12, Server 10:4, Server 4:2
2026-08-05 15:09:35,212 | INFO | Molten snapshot updated: Server 8:13, Server 10:4, Server 4:2
2026-08-05 15:09:55,432 | INFO | Molten snapshot updated: Server 8:14, Server 10:4, Server 29:3
2026-08-05 15:10:01,156 | INFO | HTTP Request: GET https://kintara.gg/api/servers "HTTP/1.1 200 OK"
2026-08-05 15:10:16,325 | INFO | Molten snapshot updated: Server 8:12, Server 10:4, Server 29:2
2026-08-05 15:10:36,506 | INFO | Molten snapshot updated: Server 8:9, Server 10:3, Server 29:2
2026-08-05 15:10:56,725 | INFO | Molten snapshot updated: Server 8:8, Server 29:2, Server 10:1
2026-08-05 15:11:00,388 | INFO | HTTP Request: GET https://kintara.gg/api/servers "HTTP/1.1 200 OK"
2026-08-05 15:11:18,591 | INFO | Molten snapshot updated: Server 8:7, Server 29:2, Server 4:1
2026-08-05 15:11:38,838 | INFO | Molten snapshot updated: Server 8:4, Server 29:2, Server 4:1
2026-08-05 15:12:00,813 | INFO | HTTP Request: GET https://kintara.gg/api/servers "HTTP/1.1 200 OK"
2026-08-05 15:12:00,829 | INFO | Molten snapshot updated: Server 8:3, Server 29:2, Server 4:1
2026-08-05 15:12:20,038 | INFO | Molten snapshot updated: Server 8:4, Server 29:2, Server 4:1
2026-08-05 15:13:00,902 | INFO | HTTP Request: GET https://kintara.gg/api/servers "HTTP/1.1 200 OK"
2026-08-05 15:13:01,931 | INFO | Molten snapshot updated: Server 8:3, Server 29:2, Server 4:1
2026-08-05 15:13:22,190 | INFO | Molten snapshot updated: Server 8:4, Server 29:2, Server 4:1
2026-08-05 15:13:42,367 | INFO | Molten snapshot updated: Server 29:2, Server 23:1, Server 26:1
2026-08-05 15:14:07,885 | INFO | HTTP Request: GET https://kintara.gg/api/servers "HTTP/1.1 200 OK"
2026-08-05 15:14:34,190 | INFO | Molten snapshot updated: Server 4:1, Server 6:1, Server 10:1
2026-08-05 15:14:54,379 | INFO | Molten snapshot updated: Server 8:3, Server 10:2, Server 4:1
2026-08-05 15:15:02,174 | INFO | HTTP Request: GET https://kintara.gg/api/servers "HTTP/1.1 200 OK"
2026-08-05 15:15:15,308 | INFO | Molten snapshot updated: Server 8:3, Server 10:3, Server 4:1
2026-08-05 15:15:55,755 | INFO | Molten snapshot updated: Server 8:3, Server 10:3, Server 29:2
2026-08-05 15:16:04,245 | INFO | HTTP Request: GET https://kintara.gg/api/servers "HTTP/1.1 200 OK"
2026-08-05 15:16:56,902 | INFO | Molten snapshot updated: Server 10:4, Server 29:2, Server 4:1
2026-08-05 15:17:04,715 | INFO | HTTP Request: GET https://kintara.gg/api/servers "HTTP/1.1 200 OK"
2026-08-05 15:17:17,845 | INFO | Molten snapshot updated: Server 10:4, Server 29:3, Server 4:1
2026-08-05 15:17:38,097 | INFO | Molten snapshot updated: Server 10:3, Server 29:3, Server 4:1
2026-08-05 15:17:58,332 | INFO | Molten snapshot updated: Server 10:4, Server 29:3, Server 6:2
2026-08-05 15:18:04,670 | WARNING | Molten server refresh failed; keeping the current process alive: [SSL: CERTIFICATE_VERIFY_FAILED] certificate verify failed: Hostname mismatch, certificate is not valid for 'kintara.gg'. (_ssl.c:1081)
2026-08-05 15:18:09,010 | INFO | HTTP Request: GET https://kintara.gg/api/servers "HTTP/1.1 200 OK"
2026-08-05 15:18:19,115 | INFO | Molten snapshot updated: Server 10:4, Server 29:2, Server 4:1
2026-08-05 15:18:39,360 | INFO | Molten snapshot updated: Server 10:3, Server 4:1, Server 6:1
2026-08-05 15:18:59,575 | INFO | Molten snapshot updated: Server 10:3, Server 26:2, Server 4:1
2026-08-05 15:19:17,316 | INFO | HTTP Request: GET https://kintara.gg/api/servers "HTTP/1.1 200 OK"
2026-08-05 15:19:20,361 | INFO | Molten snapshot updated: Server 10:4, Server 26:2, Server 4:1
2026-08-05 15:19:40,578 | INFO | Molten snapshot updated: Server 10:2, Server 26:2, Server 4:1
2026-08-05 15:20:03,793 | INFO | Molten snapshot updated: Server 10:4, Server 6:3, Server 4:2
2026-08-05 15:20:09,898 | INFO | HTTP Request: GET https://kintara.gg/api/servers "HTTP/1.1 200 OK"
2026-08-05 15:20:24,037 | INFO | Molten snapshot updated: Server 10:3, Server 6:2, Server 30:2
2026-08-05 15:20:44,250 | INFO | Molten snapshot updated: Server 10:3, Server 6:2, Server 29:2
2026-08-05 15:21:04,465 | INFO | Molten snapshot updated: Server 10:4, Server 30:2, Server 4:1
2026-08-05 15:21:10,206 | INFO | HTTP Request: GET https://kintara.gg/api/servers "HTTP/1.1 200 OK"
2026-08-05 15:22:10,705 | INFO | HTTP Request: GET https://kintara.gg/api/servers "HTTP/1.1 200 OK"
2026-08-05 15:22:25,898 | INFO | Molten snapshot updated: Server 10:6, Server 4:2, Server 6:2
2026-08-05 15:22:46,101 | INFO | Molten snapshot updated: Server 10:6, Server 6:2, Server 30:2
2026-08-05 15:23:14,032 | INFO | HTTP Request: GET https://kintara.gg/api/servers "HTTP/1.1 200 OK"
2026-08-05 15:23:27,156 | INFO | Molten snapshot updated: Server 10:8, Server 6:2, Server 30:2
2026-08-05 15:23:47,331 | INFO | Molten snapshot updated: Server 10:8, Server 6:2, Server 23:2
2026-08-05 15:24:07,520 | INFO | Molten snapshot updated: Server 10:8, Server 6:2, Server 26:2
2026-08-05 15:24:12,565 | INFO | HTTP Request: GET https://kintara.gg/api/servers "HTTP/1.1 200 OK"
2026-08-05 15:24:27,772 | INFO | Molten snapshot updated: Server 10:7, Server 26:3, Server 6:2
2026-08-05 15:24:48,083 | INFO | Molten snapshot updated: Server 10:6, Server 6:3, Server 26:3
2026-08-05 15:25:08,325 | INFO | Molten snapshot updated: Server 26:4, Server 6:2, Server 10:2
2026-08-05 15:25:25,356 | WARNING | Molten server refresh failed; keeping the current process alive: _ssl.c:1063: The handshake operation timed out
2026-08-05 15:25:32,173 | INFO | HTTP Request: GET https://kintara.gg/api/servers "HTTP/1.1 200 OK"
2026-08-05 15:25:33,198 | INFO | Molten snapshot updated: Server 6:2, Server 14:2, Server 26:2
2026-08-05 15:25:53,377 | INFO | Molten snapshot updated: Server 6:2, Server 11:2, Server 12:2
2026-08-05 15:26:13,587 | INFO | Molten snapshot updated: Server 6:2, Server 11:2, Server 23:2
2026-08-05 15:26:30,366 | INFO | HTTP Request: GET https://kintara.gg/api/servers "HTTP/1.1 200 OK"
2026-08-05 15:26:34,458 | INFO | Molten snapshot updated: Server 26:4, Server 30:3, Server 6:2
2026-08-05 15:26:54,736 | INFO | Molten snapshot updated: Server 26:4, Server 6:2, Server 11:2
2026-08-05 15:27:14,885 | INFO | Molten snapshot updated: Server 26:5, Server 28:3, Server 6:2
2026-08-05 15:27:28,683 | INFO | HTTP Request: GET https://kintara.gg/api/servers "HTTP/1.1 200 OK"
2026-08-05 15:27:35,774 | INFO | Molten snapshot updated: Server 26:6, Server 4:2, Server 6:2
2026-08-05 15:27:56,965 | INFO | Molten snapshot updated: Server 26:7, Server 24:3, Server 4:2
2026-08-05 15:28:29,138 | INFO | HTTP Request: GET https://kintara.gg/api/servers "HTTP/1.1 200 OK"
2026-08-05 15:28:38,213 | INFO | Molten snapshot updated: Server 26:8, Server 4:2, Server 6:2
2026-08-05 15:28:58,401 | INFO | Molten snapshot updated: Server 26:9, Server 4:2, Server 6:2
2026-08-05 15:29:18,568 | INFO | Molten snapshot updated: Server 26:10, Server 12:2, Server 24:2
2026-08-05 15:29:29,035 | INFO | HTTP Request: GET https://kintara.gg/api/servers "HTTP/1.1 200 OK"
2026-08-05 15:29:39,151 | INFO | Molten snapshot updated: Server 12:2, Server 4:1, Server 11:1
2026-08-05 15:29:59,368 | INFO | Molten snapshot updated: Server 26:11, Server 12:2, Server 4:1
2026-08-05 15:30:19,621 | INFO | Molten snapshot updated: Server 26:9, Server 12:2, Server 4:1
2026-08-05 15:30:30,542 | WARNING | Molten server refresh failed; keeping the current process alive: [SSL: UNEXPECTED_EOF_WHILE_READING] EOF occurred in violation of protocol (_ssl.c:1081)
2026-08-05 15:30:36,182 | INFO | HTTP Request: GET https://kintara.gg/api/servers "HTTP/1.1 200 OK"
2026-08-05 15:31:00,456 | INFO | Molten snapshot updated: Server 26:9, Server 12:2, Server 27:2
2026-08-05 15:31:26,680 | INFO | Molten snapshot updated: Server 26:10, Server 4:2, Server 12:2
2026-08-05 15:31:35,646 | INFO | HTTP Request: GET https://kintara.gg/api/servers "HTTP/1.1 200 OK"
2026-08-05 15:31:53,882 | INFO | Molten snapshot updated: Server 12:2, Server 24:2, Server 4:1
2026-08-05 15:32:14,110 | INFO | Molten snapshot updated: Server 26:11, Server 12:2, Server 24:2
2026-08-05 15:32:36,692 | INFO | HTTP Request: GET https://kintara.gg/api/servers "HTTP/1.1 200 OK"
2026-08-05 15:32:36,709 | INFO | Molten snapshot updated: Server 26:14, Server 24:3, Server 11:2
2026-08-05 15:32:56,888 | INFO | Molten snapshot updated: Server 26:11, Server 12:3, Server 24:3
2026-08-05 15:33:17,115 | INFO | Molten snapshot updated: Server 26:11, Server 24:3, Server 12:2
2026-08-05 15:33:37,334 | INFO | HTTP Request: GET https://kintara.gg/api/servers "HTTP/1.1 200 OK"
2026-08-05 15:33:38,364 | INFO | Molten snapshot updated: Server 26:12, Server 24:3, Server 29:2
2026-08-05 15:34:04,609 | INFO | Molten snapshot updated: Server 26:12, Server 24:3, Server 4:2
2026-08-05 15:34:36,825 | INFO | HTTP Request: GET https://kintara.gg/api/servers "HTTP/1.1 200 OK"
2026-08-05 15:34:42,974 | INFO | Molten snapshot updated: Server 26:16, Server 24:3, Server 29:2
2026-08-05 15:35:03,165 | INFO | Molten snapshot updated: Server 26:15, Server 24:3, Server 29:2
2026-08-05 15:35:23,401 | INFO | Molten snapshot updated: Server 26:14, Server 24:3, Server 29:2
2026-08-05 15:35:36,985 | INFO | HTTP Request: GET https://kintara.gg/api/servers "HTTP/1.1 200 OK"
2026-08-05 15:35:44,082 | INFO | Molten snapshot updated: Server 26:11, Server 24:4, Server 29:2
2026-08-05 15:36:04,293 | INFO | Molten snapshot updated: Server 26:11, Server 24:3, Server 30:2
2026-08-05 15:36:24,499 | INFO | Molten snapshot updated: Server 26:9, Server 24:3, Server 30:3
2026-08-05 15:36:37,338 | INFO | HTTP Request: GET https://kintara.gg/api/servers "HTTP/1.1 200 OK"
2026-08-05 15:36:45,437 | INFO | Molten snapshot updated: Server 26:8, Server 24:3, Server 19:2
2026-08-05 15:37:05,683 | INFO | Molten snapshot updated: Server 26:6, Server 24:3, Server 19:2
2026-08-05 15:37:25,987 | INFO | Molten snapshot updated: Server 26:5, Server 24:3, Server 11:2
2026-08-05 15:37:40,515 | INFO | HTTP Request: GET https://kintara.gg/api/servers "HTTP/1.1 200 OK"
2026-08-05 15:37:46,602 | INFO | Molten snapshot updated: Server 26:4, Server 24:3, Server 19:2
2026-08-05 15:38:15,918 | INFO | Molten snapshot updated: Server 26:3, Server 16:2, Server 23:2
2026-08-05 15:38:36,090 | INFO | Molten snapshot updated: Server 24:3, Server 16:2, Server 23:2
2026-08-05 15:38:43,449 | INFO | HTTP Request: GET https://kintara.gg/api/servers "HTTP/1.1 200 OK"
2026-08-05 15:38:56,613 | INFO | Molten snapshot updated: Server 24:3, Server 10:2, Server 26:2
2026-08-05 15:39:16,868 | INFO | Molten snapshot updated: Server 10:3, Server 24:3, Server 23:2
2026-08-05 15:39:37,102 | INFO | Molten snapshot updated: Server 10:3, Server 12:2, Server 21:2
2026-08-05 15:39:41,083 | INFO | HTTP Request: GET https://kintara.gg/api/servers "HTTP/1.1 200 OK"
2026-08-05 15:39:57,326 | INFO | Molten snapshot updated: Server 10:3, Server 12:3, Server 29:2
2026-08-05 15:40:17,554 | INFO | Molten snapshot updated: Server 10:4, Server 12:3, Server 26:2
2026-08-05 15:40:37,869 | INFO | Molten snapshot updated: Server 10:5, Server 12:2, Server 19:2
2026-08-05 15:40:40,669 | INFO | HTTP Request: GET https://kintara.gg/api/servers "HTTP/1.1 200 OK"
2026-08-05 15:40:57,933 | INFO | Molten snapshot updated: Server 10:5, Server 19:2, Server 26:2
2026-08-05 15:41:18,193 | INFO | Molten snapshot updated: Server 10:5, Server 26:2, Server 6:1
2026-08-05 15:41:38,394 | INFO | Molten snapshot updated: Server 10:5, Server 6:1, Server 11:1
2026-08-05 15:41:41,857 | INFO | HTTP Request: GET https://kintara.gg/api/servers "HTTP/1.1 200 OK"
2026-08-05 15:42:42,279 | INFO | HTTP Request: GET https://kintara.gg/api/servers "HTTP/1.1 200 OK"
2026-08-05 15:43:00,465 | INFO | Molten snapshot updated: Server 10:5, Server 21:2, Server 6:1
2026-08-05 15:43:44,698 | INFO | HTTP Request: GET https://kintara.gg/api/servers "HTTP/1.1 200 OK"
2026-08-05 15:43:45,765 | INFO | Molten snapshot updated: Server 10:6, Server 30:2, Server 6:1
2026-08-05 15:44:05,979 | INFO | Molten snapshot updated: Server 10:5, Server 6:1, Server 11:1
2026-08-05 15:44:26,220 | INFO | Molten snapshot updated: Server 10:4, Server 5:1, Server 6:1
2026-08-05 15:44:42,119 | INFO | HTTP Request: GET https://kintara.gg/api/servers "HTTP/1.1 200 OK"
2026-08-05 15:44:47,172 | INFO | Molten snapshot updated: Server 10:3, Server 6:1, Server 11:1
2026-08-05 15:45:07,352 | INFO | Molten snapshot updated: Server 10:4, Server 6:1, Server 11:1
2026-08-05 15:45:27,534 | INFO | Molten snapshot updated: Server 10:3, Server 6:1, Server 11:1
2026-08-05 15:45:43,059 | INFO | HTTP Request: GET https://kintara.gg/api/servers "HTTP/1.1 200 OK"
2026-08-05 15:45:48,123 | INFO | Molten snapshot updated: Server 10:4, Server 6:1, Server 11:1
2026-08-05 15:46:28,596 | INFO | Molten snapshot updated: Server 10:4, Server 29:2, Server 6:1
2026-08-05 15:46:42,809 | INFO | HTTP Request: GET https://kintara.gg/api/servers "HTTP/1.1 200 OK"
2026-08-05 15:46:48,911 | INFO | Molten snapshot updated: Server 10:3, Server 29:2, Server 6:1
2026-08-05 15:47:28,391 | INFO | Molten snapshot updated: Server 10:2, Server 6:1, Server 9:1
2026-08-05 15:47:44,486 | INFO | HTTP Request: GET https://kintara.gg/api/servers "HTTP/1.1 200 OK"
2026-08-05 15:48:08,814 | INFO | Molten snapshot updated: Server 10:3, Server 6:1, Server 14:1
2026-08-05 15:48:29,023 | INFO | Molten snapshot updated: Server 10:4, Server 6:1, Server 14:1
2026-08-05 15:48:45,975 | WARNING | Molten server refresh failed; keeping the current process alive: [SSL: CERTIFICATE_VERIFY_FAILED] certificate verify failed: Hostname mismatch, certificate is not valid for 'kintara.gg'. (_ssl.c:1081)
2026-08-05 15:48:53,759 | INFO | HTTP Request: GET https://kintara.gg/api/servers "HTTP/1.1 200 OK"
2026-08-05 15:48:54,790 | INFO | Molten snapshot updated: Server 10:4, Server 6:1, Server 11:1
2026-08-05 15:49:14,997 | INFO | Molten snapshot updated: Server 10:4, Server 23:3, Server 11:2
2026-08-05 15:49:35,204 | INFO | Molten snapshot updated: Server 10:4, Server 11:2, Server 24:2
2026-08-05 15:49:49,991 | INFO | HTTP Request: GET https://kintara.gg/api/servers "HTTP/1.1 200 OK"
2026-08-05 15:49:56,089 | INFO | Molten snapshot updated: Server 10:5, Server 11:2, Server 27:2
2026-08-05 15:50:16,311 | INFO | Molten snapshot updated: Server 10:5, Server 11:2, Server 4:1
2026-08-05 15:50:50,575 | INFO | HTTP Request: GET https://kintara.gg/api/servers "HTTP/1.1 200 OK"
2026-08-05 15:50:56,622 | INFO | Molten snapshot updated: Server 10:5, Server 11:2, Server 23:2
2026-08-05 15:51:16,851 | INFO | Molten snapshot updated: Server 10:5, Server 23:2, Server 4:1
2026-08-05 15:51:37,158 | INFO | Molten snapshot updated: Server 10:5, Server 4:1, Server 6:1
2026-08-05 15:51:50,946 | INFO | HTTP Request: GET https://kintara.gg/api/servers "HTTP/1.1 200 OK"
2026-08-05 15:52:01,068 | INFO | Molten snapshot updated: Server 10:7, Server 4:1, Server 6:1
2026-08-05 15:52:53,959 | INFO | HTTP Request: GET https://kintara.gg/api/servers "HTTP/1.1 200 OK"
2026-08-05 15:53:02,068 | INFO | Molten snapshot updated: Server 10:8, Server 4:1, Server 6:1
2026-08-05 15:53:51,627 | INFO | HTTP Request: GET https://kintara.gg/api/servers "HTTP/1.1 200 OK"
2026-08-05 15:54:45,253 | INFO | Molten snapshot updated: Server 10:8, Server 29:2, Server 4:1
2026-08-05 15:54:52,708 | INFO | HTTP Request: GET https://kintara.gg/api/servers "HTTP/1.1 200 OK"
2026-08-05 15:55:05,879 | INFO | Molten snapshot updated: Server 10:7, Server 29:2, Server 4:1
2026-08-05 15:55:46,381 | INFO | Molten snapshot updated: Server 6:2, Server 4:1, Server 11:1
2026-08-05 15:55:51,524 | INFO | HTTP Request: GET https://kintara.gg/api/servers "HTTP/1.1 200 OK"
2026-08-05 15:56:06,714 | INFO | Molten snapshot updated: Server 10:7, Server 4:2, Server 6:1
2026-08-05 15:56:26,935 | INFO | Molten snapshot updated: Server 10:7, Server 4:1, Server 5:1
2026-08-05 15:56:52,928 | INFO | HTTP Request: GET https://kintara.gg/api/servers "HTTP/1.1 200 OK"
2026-08-05 15:57:08,115 | INFO | Molten snapshot updated: Server 10:8, Server 4:1, Server 5:1
2026-08-05 15:57:28,349 | INFO | Molten snapshot updated: Server 10:9, Server 27:3, Server 29:2
2026-08-05 15:57:48,642 | INFO | Molten snapshot updated: Server 10:10, Server 27:2, Server 29:2
2026-08-05 15:57:52,947 | INFO | HTTP Request: GET https://kintara.gg/api/servers "HTTP/1.1 200 OK"
2026-08-05 15:58:15,184 | INFO | Molten snapshot updated: Server 10:10, Server 29:3, Server 4:1
2026-08-05 15:58:39,383 | INFO | Molten snapshot updated: Server 10:10, Server 26:2, Server 29:2
2026-08-05 15:58:57,707 | INFO | HTTP Request: GET https://kintara.gg/api/servers "HTTP/1.1 200 OK"
2026-08-05 15:59:54,788 | INFO | HTTP Request: GET https://kintara.gg/api/servers "HTTP/1.1 200 OK"
2026-08-05 16:00:02,888 | INFO | Molten snapshot updated: Server 10:10, Server 26:3, Server 5:2
2026-08-05 16:00:09,967 | INFO | Molten snapshot updated: Server 10:9, Server 26:3, Server 5:2
2026-08-05 16:00:19,806 | INFO | HTTP Request: GET https://kintara.gg/api/servers "HTTP/1.1 200 OK"
2026-08-05 16:00:29,985 | INFO | Molten snapshot updated: Server 10:11, Server 12:2, Server 26:2
2026-08-05 16:00:50,638 | INFO | Molten snapshot updated: Server 10:11, Server 26:2, Server 29:2
2026-08-05 16:01:13,361 | INFO | HTTP Request: GET https://kintara.gg/api/servers "HTTP/1.1 200 OK"
2026-08-05 16:02:14,159 | INFO | HTTP Request: GET https://kintara.gg/api/servers "HTTP/1.1 200 OK"
2026-08-05 16:02:15,197 | INFO | Molten snapshot updated: Server 10:12, Server 26:2, Server 29:2
2026-08-05 16:02:50,557 | INFO | Molten snapshot updated: Server 10:12, Server 26:2, Server 4:1
2026-08-05 16:03:10,792 | INFO | Molten snapshot updated: Server 10:13, Server 12:2, Server 26:2
2026-08-05 16:03:14,792 | INFO | HTTP Request: GET https://kintara.gg/api/servers "HTTP/1.1 200 OK"
2026-08-05 16:03:30,911 | INFO | Molten snapshot updated: Server 10:13, Server 12:2, Server 4:1
2026-08-05 16:04:24,631 | INFO | HTTP Request: GET https://kintara.gg/api/servers "HTTP/1.1 200 OK"
2026-08-05 16:04:31,714 | INFO | Molten snapshot updated: Server 10:14, Server 12:2, Server 4:1
2026-08-05 16:05:15,919 | INFO | HTTP Request: GET https://kintara.gg/api/servers "HTTP/1.1 200 OK"
2026-08-05 16:05:52,378 | INFO | Molten snapshot updated: Server 10:14, Server 4:1, Server 5:1
2026-08-05 16:06:19,423 | INFO | HTTP Request: GET https://kintara.gg/api/servers "HTTP/1.1 200 OK"
2026-08-05 16:06:24,485 | INFO | Molten snapshot updated: Server 10:11, Server 4:1, Server 5:1
2026-08-05 16:06:44,670 | INFO | Molten snapshot updated: Server 10:14, Server 4:1, Server 5:1
2026-08-05 16:07:21,611 | INFO | HTTP Request: GET https://kintara.gg/api/servers "HTTP/1.1 200 OK"
2026-08-05 16:07:21,626 | INFO | Molten snapshot updated: Server 10:15, Server 4:1, Server 5:1
2026-08-05 16:08:19,223 | INFO | HTTP Request: GET https://kintara.gg/api/servers "HTTP/1.1 200 OK"
2026-08-05 16:08:22,322 | INFO | Molten snapshot updated: Server 10:14, Server 23:2, Server 4:1
2026-08-05 16:08:42,579 | INFO | Molten snapshot updated: Server 10:14, Server 5:1, Server 6:1
2026-08-05 16:09:02,853 | INFO | Molten snapshot updated: Server 10:15, Server 4:1, Server 5:1
2026-08-05 16:09:17,527 | INFO | HTTP Request: GET https://kintara.gg/api/servers "HTTP/1.1 200 OK"
2026-08-05 16:10:04,073 | INFO | Molten snapshot updated: Server 10:15, Server 23:2, Server 4:1
2026-08-05 16:10:18,907 | INFO | HTTP Request: GET https://kintara.gg/api/servers "HTTP/1.1 200 OK"
2026-08-05 16:10:45,206 | INFO | Molten snapshot updated: Server 10:15, Server 4:1, Server 5:1
2026-08-05 16:11:05,360 | INFO | Molten snapshot updated: Server 10:15, Server 8:2, Server 4:1
2026-08-05 16:11:19,445 | INFO | HTTP Request: GET https://kintara.gg/api/servers "HTTP/1.1 200 OK"
2026-08-05 16:11:46,728 | INFO | Molten snapshot updated: Server 10:16, Server 4:1, Server 5:1
2026-08-05 16:12:06,901 | INFO | Molten snapshot updated: Server 10:16, Server 24:2, Server 4:1
2026-08-05 16:12:19,314 | INFO | HTTP Request: GET https://kintara.gg/api/servers "HTTP/1.1 200 OK"
2026-08-05 16:13:07,923 | INFO | Molten snapshot updated: Server 10:17, Server 24:2, Server 4:1
2026-08-05 16:13:18,513 | INFO | HTTP Request: GET https://kintara.gg/api/servers "HTTP/1.1 200 OK"
2026-08-05 16:13:28,674 | INFO | Molten snapshot updated: Server 10:19, Server 24:2, Server 4:1
2026-08-05 16:13:48,937 | INFO | Molten snapshot updated: Server 10:19, Server 4:1, Server 5:1
2026-08-05 16:14:09,214 | INFO | Molten snapshot updated: Server 10:19, Server 26:2, Server 4:1
2026-08-05 16:14:27,803 | INFO | HTTP Request: GET https://kintara.gg/api/servers "HTTP/1.1 200 OK"
2026-08-05 16:14:29,844 | INFO | Molten snapshot updated: Server 10:19, Server 18:2, Server 4:1
2026-08-05 16:14:50,049 | INFO | Molten snapshot updated: Server 10:19, Server 4:1, Server 5:1
2026-08-05 16:15:19,370 | INFO | HTTP Request: GET https://kintara.gg/api/servers "HTTP/1.1 200 OK"
2026-08-05 16:15:50,741 | INFO | Molten snapshot updated: Server 4:1, Server 5:1, Server 6:1
2026-08-05 16:16:10,902 | INFO | Molten snapshot updated: Server 10:20, Server 4:1, Server 5:1
2026-08-05 16:16:19,879 | INFO | HTTP Request: GET https://kintara.gg/api/servers "HTTP/1.1 200 OK"
2026-08-05 16:16:30,978 | INFO | Molten snapshot updated: Server 10:21, Server 4:1, Server 5:1
2026-08-05 16:17:24,134 | INFO | HTTP Request: GET https://kintara.gg/api/servers "HTTP/1.1 200 OK"
2026-08-05 16:17:34,291 | INFO | Molten snapshot updated: Server 10:22, Server 6:2, Server 19:2
2026-08-05 16:17:54,488 | INFO | Molten snapshot updated: Server 10:22, Server 4:1, Server 5:1
2026-08-05 16:18:14,772 | INFO | Molten snapshot updated: Server 10:22, Server 4:1, Server 6:1
2026-08-05 16:18:23,014 | INFO | HTTP Request: GET https://kintara.gg/api/servers "HTTP/1.1 200 OK"
2026-08-05 16:18:35,219 | INFO | Molten snapshot updated: Server 10:20, Server 4:2, Server 30:2
2026-08-05 16:19:21,271 | INFO | HTTP Request: GET https://kintara.gg/api/servers "HTTP/1.1 200 OK"
2026-08-05 16:19:24,327 | INFO | Molten snapshot updated: Server 10:22, Server 4:2, Server 5:1
2026-08-05 16:19:58,601 | INFO | Molten snapshot updated: Server 10:23, Server 4:2, Server 14:2
2026-08-05 16:20:18,848 | INFO | Molten snapshot updated: Server 10:23, Server 4:2, Server 19:2
2026-08-05 16:20:23,870 | INFO | HTTP Request: GET https://kintara.gg/api/servers "HTTP/1.1 200 OK"
2026-08-05 16:20:39,061 | INFO | Molten snapshot updated: Server 10:23, Server 4:2, Server 23:2
2026-08-05 16:20:59,310 | INFO | Molten snapshot updated: Server 10:22, Server 4:2, Server 5:2
2026-08-05 16:21:19,541 | INFO | Molten snapshot updated: Server 10:24, Server 4:2, Server 23:2
2026-08-05 16:21:23,134 | WARNING | Molten server refresh failed; keeping the current process alive: [SSL: CERTIFICATE_VERIFY_FAILED] certificate verify failed: Hostname mismatch, certificate is not valid for 'kintara.gg'. (_ssl.c:1081)
2026-08-05 16:21:41,201 | WARNING | Molten server refresh failed; keeping the current process alive: _ssl.c:1063: The handshake operation timed out
2026-08-05 16:21:44,479 | INFO | HTTP Request: GET https://kintara.gg/api/servers "HTTP/1.1 200 OK"
2026-08-05 16:21:44,495 | INFO | Molten snapshot updated: Server 10:25, Server 4:2, Server 23:2
2026-08-05 16:22:02,675 | INFO | Molten snapshot updated: Server 10:24, Server 4:2, Server 5:1
2026-08-05 16:22:46,157 | INFO | HTTP Request: GET https://kintara.gg/api/servers "HTTP/1.1 200 OK"
2026-08-05 16:23:07,417 | INFO | Molten snapshot updated: Server 10:24, Server 4:2, Server 16:2
2026-08-05 16:23:39,683 | INFO | Molten snapshot updated: Server 10:24, Server 4:3, Server 5:1
2026-08-05 16:23:50,744 | WARNING | Molten server refresh failed; keeping the current process alive: [SSL: CERTIFICATE_VERIFY_FAILED] certificate verify failed: Hostname mismatch, certificate is not valid for 'kintara.gg'. (_ssl.c:1081)
2026-08-05 16:24:06,767 | WARNING | Molten server refresh failed; keeping the current process alive: _ssl.c:1063: The handshake operation timed out
2026-08-05 16:24:12,971 | INFO | HTTP Request: GET https://kintara.gg/api/servers "HTTP/1.1 200 OK"
2026-08-05 16:24:30,193 | INFO | Molten snapshot updated: Server 10:24, Server 4:2, Server 15:2
2026-08-05 16:24:50,395 | INFO | Molten snapshot updated: Server 10:25, Server 4:2, Server 23:2
2026-08-05 16:25:10,654 | INFO | HTTP Request: GET https://kintara.gg/api/servers "HTTP/1.1 200 OK"
2026-08-05 16:25:11,693 | INFO | Molten snapshot updated: Server 10:25, Server 4:2, Server 16:2
2026-08-05 16:25:52,072 | INFO | Molten snapshot updated: Server 10:26, Server 4:2, Server 5:1
2026-08-05 16:26:18,662 | INFO | HTTP Request: GET https://kintara.gg/api/servers "HTTP/1.1 200 OK"
2026-08-05 16:26:19,682 | INFO | Molten snapshot updated: Server 10:25, Server 4:2, Server 18:2
2026-08-05 16:26:39,907 | INFO | Molten snapshot updated: Server 10:26, Server 23:3, Server 4:2
2026-08-05 16:27:25,150 | WARNING | Molten server refresh failed; keeping the current process alive: _ssl.c:1063: The handshake operation timed out
2026-08-05 16:27:33,926 | INFO | HTTP Request: GET https://kintara.gg/api/servers "HTTP/1.1 200 OK"
2026-08-05 16:28:30,591 | INFO | HTTP Request: GET https://kintara.gg/api/servers "HTTP/1.1 200 OK"
2026-08-05 16:29:06,922 | INFO | Molten snapshot updated: Server 10:12, Server 23:3, Server 5:1
2026-08-05 16:29:31,063 | INFO | HTTP Request: GET https://kintara.gg/api/servers "HTTP/1.1 200 OK"
2026-08-05 16:29:31,088 | INFO | Molten snapshot updated: Server 10:13, Server 23:3, Server 5:1
2026-08-05 16:30:07,564 | INFO | Molten snapshot updated: Server 10:13, Server 23:3, Server 29:2
2026-08-05 16:30:29,693 | INFO | HTTP Request: GET https://kintara.gg/api/servers "HTTP/1.1 200 OK"
2026-08-05 16:30:29,708 | INFO | Molten snapshot updated: Server 10:6, Server 23:2, Server 29:2
2026-08-05 16:30:47,962 | INFO | Molten snapshot updated: Server 10:7, Server 23:2, Server 29:2
2026-08-05 16:31:30,179 | INFO | HTTP Request: GET https://kintara.gg/api/servers "HTTP/1.1 200 OK"
2026-08-05 16:32:12,609 | INFO | Molten snapshot updated: Server 10:8, Server 29:3, Server 23:2
2026-08-05 16:32:44,738 | WARNING | Molten server refresh failed; keeping the current process alive: Server disconnected without sending a response.
2026-08-05 16:32:52,054 | INFO | HTTP Request: GET https://kintara.gg/api/servers "HTTP/1.1 200 OK"
2026-08-05 16:32:52,072 | INFO | Molten snapshot updated: Server 10:9, Server 15:2, Server 23:2
2026-08-05 16:33:06,216 | INFO | Molten snapshot updated: Server 10:8, Server 15:2, Server 23:2
2026-08-05 16:33:26,438 | INFO | Molten snapshot updated: Server 10:7, Server 23:2, Server 29:2
2026-08-05 16:33:57,249 | INFO | HTTP Request: GET https://kintara.gg/api/servers "HTTP/1.1 200 OK"
2026-08-05 16:34:35,602 | INFO | Molten snapshot updated: Server 10:6, Server 23:3, Server 4:2
2026-08-05 16:34:52,990 | INFO | HTTP Request: GET https://kintara.gg/api/servers "HTTP/1.1 200 OK"
2026-08-05 16:35:26,267 | INFO | Molten snapshot updated: Server 10:6, Server 23:3, Server 29:3
2026-08-05 16:35:46,449 | INFO | Molten snapshot updated: Server 10:5, Server 23:3, Server 4:2
2026-08-05 16:35:57,006 | INFO | HTTP Request: GET https://kintara.gg/api/servers "HTTP/1.1 200 OK"
2026-08-05 16:36:13,200 | INFO | Molten snapshot updated: Server 10:11, Server 23:3, Server 4:2
2026-08-05 16:36:50,169 | INFO | HTTP Request: GET https://kintara.gg/api/servers "HTTP/1.1 200 OK"
2026-08-05 16:36:55,228 | INFO | Molten snapshot updated: Server 23:4, Server 21:2, Server 29:2
2026-08-05 16:37:15,442 | INFO | Molten snapshot updated: Server 10:14, Server 23:4, Server 15:2
2026-08-05 16:37:40,674 | INFO | Molten snapshot updated: Server 10:14, Server 23:4, Server 4:2
2026-08-05 16:37:51,852 | INFO | HTTP Request: GET https://kintara.gg/api/servers "HTTP/1.1 200 OK"
2026-08-05 16:38:01,033 | INFO | Molten snapshot updated: Server 10:16, Server 23:4, Server 15:3
2026-08-05 16:38:25,275 | INFO | Molten snapshot updated: Server 10:16, Server 23:4, Server 4:2
2026-08-05 16:38:45,470 | INFO | Molten snapshot updated: Server 10:18, Server 23:4, Server 4:2
2026-08-05 16:38:52,427 | INFO | HTTP Request: GET https://kintara.gg/api/servers "HTTP/1.1 200 OK"
2026-08-05 16:39:05,583 | INFO | Molten snapshot updated: Server 10:20, Server 23:4, Server 4:2
2026-08-05 16:39:25,840 | INFO | Molten snapshot updated: Server 10:21, Server 23:3, Server 4:2
2026-08-05 16:39:46,038 | INFO | Molten snapshot updated: Server 10:22, Server 4:2, Server 23:2
2026-08-05 16:39:50,782 | INFO | HTTP Request: GET https://kintara.gg/api/servers "HTTP/1.1 200 OK"
2026-08-05 16:40:06,949 | INFO | Molten snapshot updated: Server 10:24, Server 4:2, Server 23:2
2026-08-05 16:40:27,187 | INFO | Molten snapshot updated: Server 10:21, Server 4:2, Server 23:2
2026-08-05 16:40:53,005 | INFO | HTTP Request: GET https://kintara.gg/api/servers "HTTP/1.1 200 OK"
2026-08-05 16:41:00,082 | INFO | Molten snapshot updated: Server 10:23, Server 4:2, Server 23:2
2026-08-05 16:41:27,442 | INFO | Molten snapshot updated: Server 10:23, Server 4:2, Server 14:2
2026-08-05 16:41:51,362 | INFO | HTTP Request: GET https://kintara.gg/api/servers "HTTP/1.1 200 OK"
2026-08-05 16:41:51,379 | INFO | Molten snapshot updated: Server 10:24, Server 4:2, Server 23:2
2026-08-05 16:42:10,610 | INFO | Molten snapshot updated: Server 10:23, Server 4:2, Server 23:2
2026-08-05 16:42:30,806 | INFO | Molten snapshot updated: Server 10:25, Server 4:2, Server 23:2
2026-08-05 16:42:57,172 | INFO | HTTP Request: GET https://kintara.gg/api/servers "HTTP/1.1 200 OK"
2026-08-05 16:42:58,195 | INFO | Molten snapshot updated: Server 10:26, Server 4:2, Server 23:2
2026-08-05 16:43:18,379 | INFO | Molten snapshot updated: Server 10:26, Server 23:2, Server 27:2
2026-08-05 16:43:57,291 | INFO | HTTP Request: GET https://kintara.gg/api/servers "HTTP/1.1 200 OK"
2026-08-05 16:44:03,373 | INFO | Molten snapshot updated: Server 10:24, Server 23:3, Server 27:2
2026-08-05 16:44:54,918 | INFO | HTTP Request: GET https://kintara.gg/api/servers "HTTP/1.1 200 OK"
2026-08-05 16:45:32,262 | INFO | Molten snapshot updated: Server 10:20, Server 23:3, Server 27:2
2026-08-05 16:45:54,229 | INFO | HTTP Request: GET https://kintara.gg/api/servers "HTTP/1.1 200 OK"
2026-08-05 16:46:32,655 | INFO | Molten snapshot updated: Server 10:23, Server 23:2, Server 27:2
2026-08-05 16:46:54,419 | INFO | HTTP Request: GET https://kintara.gg/api/servers "HTTP/1.1 200 OK"
2026-08-05 16:46:56,455 | INFO | Molten snapshot updated: Server 10:27, Server 23:2, Server 27:2
2026-08-05 16:47:56,828 | INFO | HTTP Request: GET https://kintara.gg/api/servers "HTTP/1.1 200 OK"
2026-08-05 16:47:57,870 | INFO | Molten snapshot updated: Server 10:29, Server 23:2, Server 27:2
2026-08-05 16:48:55,574 | INFO | HTTP Request: GET https://kintara.gg/api/servers "HTTP/1.1 200 OK"
2026-08-05 16:49:01,646 | INFO | Molten snapshot updated: Server 10:24, Server 4:1, Server 5:1
2026-08-05 16:49:38,023 | INFO | Molten snapshot updated: Server 27:2, Server 4:1, Server 5:1
2026-08-05 16:49:58,811 | INFO | HTTP Request: GET https://kintara.gg/api/servers "HTTP/1.1 200 OK"
2026-08-05 16:50:11,957 | INFO | Molten snapshot updated: Server 10:25, Server 4:1, Server 5:1
2026-08-05 16:50:32,153 | INFO | Molten snapshot updated: Server 10:21, Server 23:2, Server 4:1
2026-08-05 16:50:52,346 | INFO | Molten snapshot updated: Server 10:19, Server 21:2, Server 5:1
2026-08-05 16:50:57,612 | INFO | HTTP Request: GET https://kintara.gg/api/servers "HTTP/1.1 200 OK"
2026-08-05 16:51:12,828 | INFO | Molten snapshot updated: Server 10:13, Server 21:2, Server 28:2
2026-08-05 16:51:33,051 | INFO | Molten snapshot updated: Server 10:11, Server 6:2, Server 28:2
2026-08-05 16:51:53,317 | INFO | Molten snapshot updated: Server 10:8, Server 28:2, Server 4:1
2026-08-05 16:51:58,417 | INFO | HTTP Request: GET https://kintara.gg/api/servers "HTTP/1.1 200 OK"
2026-08-05 16:52:13,584 | INFO | Molten snapshot updated: Server 10:4, Server 29:2, Server 4:1
2026-08-05 16:52:33,793 | INFO | Molten snapshot updated: Server 10:3, Server 15:2, Server 4:1
2026-08-05 16:52:54,053 | INFO | Molten snapshot updated: Server 10:3, Server 15:2, Server 29:2
2026-08-05 16:52:57,407 | INFO | HTTP Request: GET https://kintara.gg/api/servers "HTTP/1.1 200 OK"
2026-08-05 16:53:57,670 | INFO | HTTP Request: GET https://kintara.gg/api/servers "HTTP/1.1 200 OK"
2026-08-05 16:54:12,867 | INFO | Molten snapshot updated: Server 30:7, Server 15:5, Server 10:4
2026-08-05 16:54:33,079 | INFO | Molten snapshot updated: Server 30:10, Server 15:6, Server 10:4
2026-08-05 16:54:53,274 | INFO | Molten snapshot updated: Server 30:12, Server 15:7, Server 10:2
2026-08-05 16:55:02,147 | INFO | HTTP Request: GET https://kintara.gg/api/servers "HTTP/1.1 200 OK"
2026-08-05 16:55:20,308 | INFO | Molten snapshot updated: Server 30:14, Server 15:7, Server 29:2
2026-08-05 16:55:54,633 | INFO | Molten snapshot updated: Server 30:15, Server 15:9, Server 27:4
2026-08-05 16:56:01,017 | INFO | HTTP Request: GET https://kintara.gg/api/servers "HTTP/1.1 200 OK"
2026-08-05 16:56:15,192 | INFO | Molten snapshot updated: Server 30:16, Server 15:9, Server 27:4
2026-08-05 16:56:50,571 | INFO | Molten snapshot updated: Server 30:18, Server 15:9, Server 27:4
2026-08-05 16:57:03,464 | INFO | HTTP Request: GET https://kintara.gg/api/servers "HTTP/1.1 200 OK"
2026-08-05 16:57:10,572 | INFO | Molten snapshot updated: Server 30:17, Server 15:9, Server 27:4
2026-08-05 16:57:35,816 | INFO | Molten snapshot updated: Server 30:13, Server 15:9, Server 27:3
2026-08-05 16:57:56,006 | INFO | Molten snapshot updated: Server 30:9, Server 15:6, Server 27:4
2026-08-05 16:58:01,143 | INFO | HTTP Request: GET https://kintara.gg/api/servers "HTTP/1.1 200 OK"
2026-08-05 16:58:16,290 | INFO | Molten snapshot updated: Server 30:8, Server 15:4, Server 27:4
2026-08-05 16:58:36,487 | INFO | Molten snapshot updated: Server 15:2, Server 29:2, Server 4:1
2026-08-05 16:58:56,688 | INFO | Molten snapshot updated: Server 30:7, Server 15:3, Server 29:2
2026-08-05 16:59:04,029 | INFO | HTTP Request: GET https://kintara.gg/api/servers "HTTP/1.1 200 OK"
2026-08-05 16:59:17,119 | INFO | Molten snapshot updated: Server 30:7, Server 15:2, Server 29:2
2026-08-05 17:00:02,277 | INFO | HTTP Request: GET https://kintara.gg/api/servers "HTTP/1.1 200 OK"
2026-08-05 17:01:02,991 | INFO | HTTP Request: GET https://kintara.gg/api/servers "HTTP/1.1 200 OK"
2026-08-05 17:01:10,077 | INFO | Molten snapshot updated: Server 6:1, Server 8:1, Server 11:1
2026-08-05 17:01:30,322 | INFO | Molten snapshot updated: Server 30:4, Server 27:2, Server 6:1
2026-08-05 17:01:50,568 | INFO | Molten snapshot updated: Server 27:3, Server 30:3, Server 6:1
2026-08-05 17:02:04,471 | INFO | HTTP Request: GET https://kintara.gg/api/servers "HTTP/1.1 200 OK"
2026-08-05 17:02:11,554 | INFO | Molten snapshot updated: Server 30:5, Server 27:3, Server 6:1
2026-08-05 17:02:31,814 | INFO | Molten snapshot updated: Server 30:10, Server 27:3, Server 15:2
2026-08-05 17:03:15,998 | WARNING | Molten server refresh failed; keeping the current process alive: _ssl.c:1063: The handshake operation timed out
2026-08-05 17:03:56,279 | INFO | HTTP Request: GET https://kintara.gg/api/servers "HTTP/1.1 200 OK"
2026-08-05 17:04:40,756 | INFO | Molten snapshot updated: Server 30:15, Server 6:1, Server 8:1
2026-08-05 17:04:51,553 | INFO | HTTP Request: GET https://kintara.gg/api/servers "HTTP/1.1 200 OK"
2026-08-05 17:05:01,655 | INFO | Molten snapshot updated: Server 30:16, Server 8:1, Server 11:1
2026-08-05 17:05:21,904 | INFO | Molten snapshot updated: Server 30:17, Server 6:1, Server 8:1
2026-08-05 17:05:42,127 | INFO | Molten snapshot updated: Server 30:18, Server 6:1, Server 8:1
2026-08-05 17:05:53,985 | INFO | HTTP Request: GET https://kintara.gg/api/servers "HTTP/1.1 200 OK"
2026-08-05 17:06:03,077 | INFO | Molten snapshot updated: Server 30:18, Server 8:2, Server 6:1
2026-08-05 17:07:06,799 | WARNING | Molten server refresh failed; keeping the current process alive: Server disconnected without sending a response.
2026-08-05 17:07:06,828 | INFO | Molten snapshot updated: Server 30:18, Server 18:2, Server 6:1
2026-08-05 17:07:22,861 | WARNING | Molten server refresh failed; keeping the current process alive: _ssl.c:1063: The handshake operation timed out
2026-08-05 17:07:28,304 | INFO | HTTP Request: GET https://kintara.gg/api/servers "HTTP/1.1 200 OK"
2026-08-05 17:07:44,503 | INFO | Molten snapshot updated: Server 30:21, Server 18:2, Server 6:1
2026-08-05 17:08:26,593 | INFO | HTTP Request: GET https://kintara.gg/api/servers "HTTP/1.1 200 OK"
2026-08-05 17:08:27,626 | INFO | Molten snapshot updated: Server 30:20, Server 18:2, Server 6:1
2026-08-05 17:08:47,859 | INFO | Molten snapshot updated: Server 30:21, Server 15:2, Server 18:2
2026-08-05 17:09:29,042 | INFO | HTTP Request: GET https://kintara.gg/api/servers "HTTP/1.1 200 OK"
2026-08-05 17:09:30,067 | INFO | Molten snapshot updated: Server 30:22, Server 15:2, Server 18:2
2026-08-05 17:09:50,285 | INFO | Molten snapshot updated: Server 30:24, Server 15:3, Server 18:2
2026-08-05 17:10:32,515 | INFO | HTTP Request: GET https://kintara.gg/api/servers "HTTP/1.1 200 OK"
2026-08-05 17:10:47,703 | INFO | Molten snapshot updated: Server 15:3, Server 18:2, Server 6:1
2026-08-05 17:11:07,940 | INFO | Molten snapshot updated: Server 30:20, Server 15:2, Server 6:1
2026-08-05 17:11:31,771 | INFO | HTTP Request: GET https://kintara.gg/api/servers "HTTP/1.1 200 OK"
2026-08-05 17:11:32,793 | INFO | Molten snapshot updated: Server 30:23, Server 15:2, Server 6:1
2026-08-05 17:12:13,227 | INFO | Molten snapshot updated: Server 30:24, Server 15:2, Server 6:1
2026-08-05 17:12:28,818 | INFO | HTTP Request: GET https://kintara.gg/api/servers "HTTP/1.1 200 OK"
2026-08-05 17:12:33,877 | INFO | Molten snapshot updated: Server 30:23, Server 15:2, Server 6:1
2026-08-05 17:12:54,084 | INFO | Molten snapshot updated: Server 30:25, Server 15:2, Server 6:1
2026-08-05 17:13:14,283 | INFO | Molten snapshot updated: Server 30:29, Server 15:2, Server 7:1
2026-08-05 17:13:27,326 | INFO | HTTP Request: GET https://kintara.gg/api/servers "HTTP/1.1 200 OK"
2026-08-05 17:13:34,435 | INFO | Molten snapshot updated: Server 30:28, Server 15:2, Server 6:1
2026-08-05 17:13:54,678 | INFO | Molten snapshot updated: Server 30:30, Server 15:2, Server 6:1
2026-08-05 17:14:14,929 | INFO | Molten snapshot updated: Server 30:29, Server 15:2, Server 6:1
2026-08-05 17:14:27,762 | INFO | HTTP Request: GET https://kintara.gg/api/servers "HTTP/1.1 200 OK"
2026-08-05 17:14:55,083 | INFO | Molten snapshot updated: Server 30:28, Server 15:3, Server 6:1
2026-08-05 17:15:15,255 | INFO | Molten snapshot updated: Server 30:30, Server 6:2, Server 7:2
2026-08-05 17:15:28,895 | INFO | HTTP Request: GET https://kintara.gg/api/servers "HTTP/1.1 200 OK"
2026-08-05 17:15:56,231 | INFO | Molten snapshot updated: Server 30:29, Server 6:2, Server 7:2
2026-08-05 17:16:28,675 | INFO | HTTP Request: GET https://kintara.gg/api/servers "HTTP/1.1 200 OK"
2026-08-05 17:16:36,789 | INFO | Molten snapshot updated: Server 30:30, Server 6:2, Server 7:2
2026-08-05 17:16:57,013 | INFO | Molten snapshot updated: Server 30:29, Server 6:2, Server 7:2
2026-08-05 17:17:17,267 | INFO | Molten snapshot updated: Server 30:29, Server 7:2, Server 15:2
2026-08-05 17:17:29,508 | INFO | HTTP Request: GET https://kintara.gg/api/servers "HTTP/1.1 200 OK"
2026-08-05 17:18:22,175 | INFO | Molten snapshot updated: Server 30:26, Server 7:2, Server 15:2
2026-08-05 17:18:30,113 | INFO | HTTP Request: GET https://kintara.gg/api/servers "HTTP/1.1 200 OK"
2026-08-05 17:18:42,255 | INFO | Molten snapshot updated: Server 30:25, Server 7:2, Server 15:2
2026-08-05 17:19:02,441 | INFO | Molten snapshot updated: Server 30:26, Server 7:2, Server 15:2
2026-08-05 17:19:30,044 | INFO | HTTP Request: GET https://kintara.gg/api/servers "HTTP/1.1 200 OK"
2026-08-05 17:19:34,114 | INFO | Molten snapshot updated: Server 30:27, Server 7:2, Server 15:2
2026-08-05 17:19:54,318 | INFO | Molten snapshot updated: Server 30:29, Server 7:2, Server 15:2
2026-08-05 17:20:14,507 | INFO | Molten snapshot updated: Server 30:29, Server 7:2, Server 6:1
2026-08-05 17:20:32,281 | INFO | HTTP Request: GET https://kintara.gg/api/servers "HTTP/1.1 200 OK"
2026-08-05 17:20:38,362 | INFO | Molten snapshot updated: Server 30:29, Server 4:1, Server 6:1
2026-08-05 17:21:32,448 | INFO | HTTP Request: GET https://kintara.gg/api/servers "HTTP/1.1 200 OK"
2026-08-05 17:21:41,537 | INFO | Molten snapshot updated: Server 30:28, Server 7:2, Server 4:1
2026-08-05 17:22:31,309 | INFO | HTTP Request: GET https://kintara.gg/api/servers "HTTP/1.1 200 OK"
2026-08-05 17:23:13,830 | INFO | Molten snapshot updated: Server 30:29, Server 7:2, Server 4:1
2026-08-05 17:23:32,543 | INFO | HTTP Request: GET https://kintara.gg/api/servers "HTTP/1.1 200 OK"
2026-08-05 17:24:35,077 | INFO | HTTP Request: GET https://kintara.gg/api/servers "HTTP/1.1 200 OK"
2026-08-05 17:25:37,859 | INFO | HTTP Request: GET https://kintara.gg/api/servers "HTTP/1.1 200 OK"
2026-08-05 17:25:53,014 | INFO | Molten snapshot updated: Server 30:28, Server 7:2, Server 4:1
2026-08-05 17:26:23,348 | INFO | Molten snapshot updated: Server 30:31, Server 7:2, Server 4:1
2026-08-05 17:26:33,036 | INFO | HTTP Request: GET https://kintara.gg/api/servers "HTTP/1.1 200 OK"
2026-08-05 17:27:04,377 | INFO | Molten snapshot updated: Server 30:30, Server 7:2, Server 4:1
2026-08-05 17:27:34,076 | INFO | HTTP Request: GET https://kintara.gg/api/servers "HTTP/1.1 200 OK"
2026-08-05 17:27:36,114 | INFO | Molten snapshot updated: Server 30:30, Server 4:1, Server 8:1
2026-08-05 17:27:59,378 | INFO | Molten snapshot updated: Server 30:26, Server 7:2, Server 4:1
2026-08-05 17:28:21,607 | INFO | Molten snapshot updated: Server 30:25, Server 4:1, Server 7:1
2026-08-05 17:28:33,413 | INFO | HTTP Request: GET https://kintara.gg/api/servers "HTTP/1.1 200 OK"
2026-08-05 17:28:57,708 | INFO | Molten snapshot updated: Server 30:26, Server 4:1, Server 8:1
2026-08-05 17:29:34,432 | INFO | HTTP Request: GET https://kintara.gg/api/servers "HTTP/1.1 200 OK"
2026-08-05 17:30:01,768 | INFO | Molten snapshot updated: Server 30:28, Server 16:2, Server 4:1
2026-08-05 17:30:38,124 | INFO | HTTP Request: GET https://kintara.gg/api/servers "HTTP/1.1 200 OK"
2026-08-05 17:31:03,412 | INFO | Molten snapshot updated: Server 30:30, Server 16:2, Server 4:1
2026-08-05 17:31:36,749 | INFO | HTTP Request: GET https://kintara.gg/api/servers "HTTP/1.1 200 OK"
2026-08-05 17:31:41,831 | INFO | Molten snapshot updated: Server 30:29, Server 4:1, Server 6:1
2026-08-05 17:32:02,056 | INFO | Molten snapshot updated: Server 30:28, Server 4:1, Server 6:1
2026-08-05 17:32:37,684 | INFO | HTTP Request: GET https://kintara.gg/api/servers "HTTP/1.1 200 OK"
2026-08-05 17:32:37,697 | INFO | Molten snapshot updated: Server 30:26, Server 4:1, Server 6:1
2026-08-05 17:32:54,850 | INFO | Molten snapshot updated: Server 30:26, Server 26:2, Server 4:1
2026-08-05 17:33:15,077 | INFO | Molten snapshot updated: Server 30:29, Server 26:2, Server 4:1
2026-08-05 17:33:45,559 | INFO | HTTP Request: GET https://kintara.gg/api/servers "HTTP/1.1 200 OK"
2026-08-05 17:33:45,574 | INFO | Molten snapshot updated: Server 30:30, Server 26:2, Server 4:1
2026-08-05 17:34:43,217 | INFO | HTTP Request: GET https://kintara.gg/api/servers "HTTP/1.1 200 OK"
2026-08-05 17:34:43,238 | INFO | Molten snapshot updated: Server 30:29, Server 4:1, Server 6:1
2026-08-05 17:35:16,597 | INFO | Molten snapshot updated: Server 30:29, Server 28:2, Server 4:1
2026-08-05 17:35:39,187 | INFO | HTTP Request: GET https://kintara.gg/api/servers "HTTP/1.1 200 OK"
2026-08-05 17:35:39,200 | INFO | Molten snapshot updated: Server 30:29, Server 4:1, Server 7:1
2026-08-05 17:36:17,726 | INFO | Molten snapshot updated: Server 30:28, Server 4:1, Server 7:1
2026-08-05 17:36:43,140 | INFO | HTTP Request: GET https://kintara.gg/api/servers "HTTP/1.1 200 OK"
2026-08-05 17:36:44,162 | INFO | Molten snapshot updated: Server 30:29, Server 4:1, Server 7:1
2026-08-05 17:37:40,572 | WARNING | Molten server refresh failed; keeping the current process alive: [SSL: UNEXPECTED_EOF_WHILE_READING] EOF occurred in violation of protocol (_ssl.c:1081)
2026-08-05 17:37:41,605 | INFO | Molten snapshot updated: Server 30:28, Server 11:2, Server 4:1
2026-08-05 17:37:45,659 | INFO | HTTP Request: GET https://kintara.gg/api/servers "HTTP/1.1 200 OK"
2026-08-05 17:38:01,811 | INFO | Molten snapshot updated: Server 30:29, Server 11:2, Server 4:1
2026-08-05 17:38:46,419 | INFO | HTTP Request: GET https://kintara.gg/api/servers "HTTP/1.1 200 OK"
2026-08-05 17:39:04,580 | INFO | Molten snapshot updated: Server 30:29, Server 11:3, Server 4:1
2026-08-05 17:39:28,854 | INFO | Molten snapshot updated: Server 30:30, Server 11:3, Server 4:1
2026-08-05 17:39:46,192 | WARNING | Molten server refresh failed; keeping the current process alive: [SSL: CERTIFICATE_VERIFY_FAILED] certificate verify failed: Hostname mismatch, certificate is not valid for 'kintara.gg'. (_ssl.c:1081)
2026-08-05 17:39:49,251 | INFO | Molten snapshot updated: Server 30:29, Server 11:3, Server 4:1
2026-08-05 17:39:55,290 | INFO | HTTP Request: GET https://kintara.gg/api/servers "HTTP/1.1 200 OK"
2026-08-05 17:40:09,428 | INFO | Molten snapshot updated: Server 30:30, Server 11:3, Server 4:1
2026-08-05 17:40:29,667 | INFO | Molten snapshot updated: Server 30:31, Server 11:2, Server 4:1
2026-08-05 17:40:54,989 | INFO | HTTP Request: GET https://kintara.gg/api/servers "HTTP/1.1 200 OK"
2026-08-05 17:41:23,327 | INFO | Molten snapshot updated: Server 30:28, Server 4:1, Server 8:1
2026-08-05 17:41:54,468 | INFO | HTTP Request: GET https://kintara.gg/api/servers "HTTP/1.1 200 OK"
2026-08-05 17:42:03,591 | INFO | Molten snapshot updated: Server 30:27, Server 4:1, Server 7:1
2026-08-05 17:42:23,892 | INFO | Molten snapshot updated: Server 30:30, Server 4:1, Server 7:1
2026-08-05 17:42:44,098 | INFO | Molten snapshot updated: Server 30:31, Server 4:1, Server 7:1
2026-08-05 17:42:56,638 | INFO | HTTP Request: GET https://kintara.gg/api/servers "HTTP/1.1 200 OK"
2026-08-05 17:43:04,743 | INFO | Molten snapshot updated: Server 30:21, Server 4:2, Server 7:1
2026-08-05 17:43:24,974 | INFO | Molten snapshot updated: Server 30:11, Server 4:1, Server 7:1
2026-08-05 17:43:48,236 | INFO | Molten snapshot updated: Server 30:9, Server 4:1, Server 7:1
2026-08-05 17:43:56,329 | INFO | HTTP Request: GET https://kintara.gg/api/servers "HTTP/1.1 200 OK"
2026-08-05 17:44:08,559 | INFO | Molten snapshot updated: Server 30:8, Server 4:1, Server 7:1
2026-08-05 17:44:31,806 | INFO | Molten snapshot updated: Server 30:10, Server 4:1, Server 7:1
2026-08-05 17:44:51,988 | INFO | Molten snapshot updated: Server 30:6, Server 4:1, Server 7:1
2026-08-05 17:45:00,081 | INFO | HTTP Request: GET https://kintara.gg/api/servers "HTTP/1.1 200 OK"
2026-08-05 17:45:12,189 | INFO | Molten snapshot updated: Server 30:3, Server 4:1, Server 7:1
2026-08-05 17:45:32,403 | INFO | Molten snapshot updated: Server 30:3, Server 19:2, Server 4:1
2026-08-05 17:45:52,591 | INFO | Molten snapshot updated: Server 30:2, Server 4:1, Server 7:1
2026-08-05 17:45:56,070 | INFO | HTTP Request: GET https://kintara.gg/api/servers "HTTP/1.1 200 OK"
2026-08-05 17:46:42,507 | INFO | Molten snapshot updated: Server 30:3, Server 19:2, Server 4:1
2026-08-05 17:47:01,848 | INFO | HTTP Request: GET https://kintara.gg/api/servers "HTTP/1.1 200 OK"
2026-08-05 17:47:13,000 | INFO | Molten snapshot updated: Server 30:3, Server 4:1, Server 7:1
2026-08-05 17:47:33,270 | INFO | Molten snapshot updated: Server 30:5, Server 11:2, Server 4:1
2026-08-05 17:47:53,505 | INFO | Molten snapshot updated: Server 11:4, Server 30:4, Server 4:1
2026-08-05 17:47:58,079 | INFO | HTTP Request: GET https://kintara.gg/api/servers "HTTP/1.1 200 OK"
2026-08-05 17:48:20,318 | INFO | Molten snapshot updated: Server 11:5, Server 30:4, Server 4:1
2026-08-05 17:48:40,478 | INFO | Molten snapshot updated: Server 11:5, Server 4:1, Server 7:1
2026-08-05 17:48:57,514 | INFO | HTTP Request: GET https://kintara.gg/api/servers "HTTP/1.1 200 OK"
2026-08-05 17:49:01,608 | INFO | Molten snapshot updated: Server 11:5, Server 4:1, Server 6:1
2026-08-05 17:49:57,678 | INFO | HTTP Request: GET https://kintara.gg/api/servers "HTTP/1.1 200 OK"
2026-08-05 17:49:58,705 | INFO | Molten snapshot updated: Server 4:5, Server 11:3, Server 30:3
2026-08-05 17:50:41,181 | INFO | Molten snapshot updated: Server 11:4, Server 4:3, Server 30:2
2026-08-05 17:50:58,383 | INFO | HTTP Request: GET https://kintara.gg/api/servers "HTTP/1.1 200 OK"
2026-08-05 17:51:01,417 | INFO | Molten snapshot updated: Server 4:4, Server 11:4, Server 30:3
2026-08-05 17:51:21,562 | INFO | Molten snapshot updated: Server 4:4, Server 11:4, Server 26:2
2026-08-05 17:51:41,784 | INFO | Molten snapshot updated: Server 11:4, Server 4:3, Server 30:2
2026-08-05 17:51:59,555 | INFO | HTTP Request: GET https://kintara.gg/api/servers "HTTP/1.1 200 OK"
2026-08-05 17:52:29,915 | INFO | Molten snapshot updated: Server 11:4, Server 4:2, Server 6:1
2026-08-05 17:52:59,207 | INFO | HTTP Request: GET https://kintara.gg/api/servers "HTTP/1.1 200 OK"
2026-08-05 17:53:10,360 | INFO | Molten snapshot updated: Server 11:4, Server 4:2, Server 30:2
2026-08-05 17:54:12,936 | WARNING | Molten server refresh failed; keeping the current process alive: _ssl.c:1063: The handshake operation timed out
2026-08-05 17:54:17,605 | INFO | HTTP Request: GET https://kintara.gg/api/servers "HTTP/1.1 200 OK"
2026-08-05 17:54:41,834 | INFO | Molten snapshot updated: Server 4:3, Server 11:3, Server 23:2
2026-08-05 17:55:02,055 | INFO | Molten snapshot updated: Server 4:3, Server 11:2, Server 18:2
2026-08-05 17:55:17,447 | INFO | HTTP Request: GET https://kintara.gg/api/servers "HTTP/1.1 200 OK"
2026-08-05 17:55:22,487 | INFO | Molten snapshot updated: Server 4:3, Server 11:2, Server 6:1
2026-08-05 17:55:42,724 | INFO | Molten snapshot updated: Server 30:3, Server 4:2, Server 11:2
2026-08-05 17:56:02,921 | INFO | Molten snapshot updated: Server 24:3, Server 4:2, Server 6:1
2026-08-05 17:56:21,823 | INFO | HTTP Request: GET https://kintara.gg/api/servers "HTTP/1.1 200 OK"
2026-08-05 17:56:44,145 | INFO | Molten snapshot updated: Server 24:4, Server 4:2, Server 11:2
2026-08-05 17:57:20,276 | INFO | HTTP Request: GET https://kintara.gg/api/servers "HTTP/1.1 200 OK"
2026-08-05 17:57:25,309 | INFO | Molten snapshot updated: Server 24:4, Server 30:3, Server 4:2
2026-08-05 17:57:45,452 | INFO | Molten snapshot updated: Server 4:4, Server 24:4, Server 11:2
2026-08-05 17:58:08,712 | INFO | Molten snapshot updated: Server 24:6, Server 11:3, Server 4:2
2026-08-05 17:58:17,636 | INFO | HTTP Request: GET https://kintara.gg/api/servers "HTTP/1.1 200 OK"
2026-08-05 17:58:42,950 | INFO | Molten snapshot updated: Server 24:7, Server 11:3, Server 30:3
2026-08-05 17:59:03,194 | INFO | Molten snapshot updated: Server 24:8, Server 30:5, Server 11:3
2026-08-05 17:59:17,896 | INFO | HTTP Request: GET https://kintara.gg/api/servers "HTTP/1.1 200 OK"
2026-08-05 17:59:23,984 | INFO | Molten snapshot updated: Server 24:8, Server 30:6, Server 11:3
2026-08-05 18:00:04,401 | INFO | Molten snapshot updated: Server 24:9, Server 30:6, Server 11:3
2026-08-05 18:00:18,753 | INFO | HTTP Request: GET https://kintara.gg/api/servers "HTTP/1.1 200 OK"
2026-08-05 18:00:25,847 | INFO | Molten snapshot updated: Server 24:12, Server 11:3, Server 30:3
2026-08-05 18:00:46,077 | INFO | Molten snapshot updated: Server 24:11, Server 11:3, Server 30:3
2026-08-05 18:01:20,188 | INFO | HTTP Request: GET https://kintara.gg/api/servers "HTTP/1.1 200 OK"
2026-08-05 18:01:51,539 | INFO | Molten snapshot updated: Server 24:13, Server 30:4, Server 11:3
2026-08-05 18:02:11,757 | INFO | Molten snapshot updated: Server 24:13, Server 30:5, Server 11:3
2026-08-05 18:02:20,863 | INFO | HTTP Request: GET https://kintara.gg/api/servers "HTTP/1.1 200 OK"
2026-08-05 18:02:31,988 | INFO | Molten snapshot updated: Server 24:13, Server 11:3, Server 30:3
2026-08-05 18:02:52,197 | INFO | Molten snapshot updated: Server 24:13, Server 11:3, Server 27:3
2026-08-05 18:03:24,507 | INFO | HTTP Request: GET https://kintara.gg/api/servers "HTTP/1.1 200 OK"
2026-08-05 18:03:32,617 | INFO | Molten snapshot updated: Server 24:12, Server 27:4, Server 11:3
2026-08-05 18:03:52,875 | INFO | Molten snapshot updated: Server 24:13, Server 27:5, Server 11:3
2026-08-05 18:04:13,127 | INFO | Molten snapshot updated: Server 24:14, Server 27:4, Server 11:3
2026-08-05 18:04:20,715 | INFO | HTTP Request: GET https://kintara.gg/api/servers "HTTP/1.1 200 OK"
2026-08-05 18:04:55,158 | INFO | Molten snapshot updated: Server 24:15, Server 11:3, Server 27:3
2026-08-05 18:05:18,396 | INFO | Molten snapshot updated: Server 24:15, Server 11:3, Server 4:2
2026-08-05 18:05:23,236 | INFO | HTTP Request: GET https://kintara.gg/api/servers "HTTP/1.1 200 OK"
2026-08-05 18:05:38,441 | INFO | Molten snapshot updated: Server 24:14, Server 11:3, Server 4:2
2026-08-05 18:05:58,622 | INFO | Molten snapshot updated: Server 24:15, Server 23:3, Server 5:2
2026-08-05 18:06:27,123 | INFO | HTTP Request: GET https://kintara.gg/api/servers "HTTP/1.1 200 OK"
2026-08-05 18:07:13,538 | INFO | Molten snapshot updated: Server 24:16, Server 23:3, Server 5:2
2026-08-05 18:07:26,880 | INFO | HTTP Request: GET https://kintara.gg/api/servers "HTTP/1.1 200 OK"
2026-08-05 18:07:57,220 | INFO | Molten snapshot updated: Server 24:16, Server 23:3, Server 4:1
2026-08-05 18:08:28,387 | INFO | HTTP Request: GET https://kintara.gg/api/servers "HTTP/1.1 200 OK"
2026-08-05 18:08:30,427 | INFO | Molten snapshot updated: Server 24:16, Server 5:2, Server 23:2
2026-08-05 18:09:10,907 | INFO | Molten snapshot updated: Server 24:16, Server 5:2, Server 11:2
2026-08-05 18:09:27,415 | INFO | HTTP Request: GET https://kintara.gg/api/servers "HTTP/1.1 200 OK"
2026-08-05 18:09:58,680 | INFO | Molten snapshot updated: Server 24:17, Server 11:2, Server 23:2
2026-08-05 18:10:22,962 | INFO | Molten snapshot updated: Server 24:18, Server 11:2, Server 23:2
2026-08-05 18:10:35,984 | INFO | HTTP Request: GET https://kintara.gg/api/servers "HTTP/1.1 200 OK"
2026-08-05 18:10:52,154 | INFO | Molten snapshot updated: Server 24:15, Server 11:2, Server 23:2
2026-08-05 18:11:12,340 | INFO | Molten snapshot updated: Server 24:14, Server 11:2, Server 4:1
2026-08-05 18:11:29,675 | INFO | HTTP Request: GET https://kintara.gg/api/servers "HTTP/1.1 200 OK"
2026-08-05 18:12:04,068 | INFO | Molten snapshot updated: Server 24:19, Server 11:2, Server 29:2
2026-08-05 18:12:30,237 | INFO | HTTP Request: GET https://kintara.gg/api/servers "HTTP/1.1 200 OK"
2026-08-05 18:13:29,918 | INFO | HTTP Request: GET https://kintara.gg/api/servers "HTTP/1.1 200 OK"
2026-08-05 18:13:29,935 | INFO | Molten snapshot updated: Server 24:22, Server 11:2, Server 29:2
2026-08-05 18:13:48,128 | INFO | Molten snapshot updated: Server 24:23, Server 11:2, Server 29:2
2026-08-05 18:14:08,316 | INFO | Molten snapshot updated: Server 24:22, Server 29:2, Server 4:1
2026-08-05 18:14:33,918 | INFO | HTTP Request: GET https://kintara.gg/api/servers "HTTP/1.1 200 OK"
2026-08-05 18:14:33,936 | INFO | Molten snapshot updated: Server 24:22, Server 11:2, Server 29:2
2026-08-05 18:14:49,112 | INFO | Molten snapshot updated: Server 24:22, Server 29:2, Server 4:1
2026-08-05 18:15:09,308 | INFO | Molten snapshot updated: Server 24:21, Server 29:2, Server 5:1
2026-08-05 18:15:30,211 | INFO | HTTP Request: GET https://kintara.gg/api/servers "HTTP/1.1 200 OK"
2026-08-05 18:15:31,245 | INFO | Molten snapshot updated: Server 24:22, Server 29:2, Server 4:1
2026-08-05 18:15:52,469 | INFO | Molten snapshot updated: Server 24:21, Server 29:2, Server 7:1
2026-08-05 18:16:12,726 | INFO | Molten snapshot updated: Server 24:22, Server 29:2, Server 5:1
2026-08-05 18:16:33,060 | INFO | HTTP Request: GET https://kintara.gg/api/servers "HTTP/1.1 200 OK"
2026-08-05 18:17:18,543 | INFO | Molten snapshot updated: Server 24:22, Server 29:2, Server 4:1
2026-08-05 18:17:32,204 | INFO | HTTP Request: GET https://kintara.gg/api/servers "HTTP/1.1 200 OK"
2026-08-05 18:17:58,468 | INFO | Molten snapshot updated: Server 24:16, Server 4:2, Server 29:2
2026-08-05 18:18:18,672 | INFO | Molten snapshot updated: Server 24:11, Server 4:2, Server 29:2
2026-08-05 18:18:32,050 | INFO | HTTP Request: GET https://kintara.gg/api/servers "HTTP/1.1 200 OK"
2026-08-05 18:18:50,325 | INFO | Molten snapshot updated: Server 24:8, Server 4:2, Server 15:2
2026-08-05 18:19:10,562 | INFO | Molten snapshot updated: Server 24:7, Server 4:2, Server 29:2
2026-08-05 18:19:33,489 | INFO | HTTP Request: GET https://kintara.gg/api/servers "HTTP/1.1 200 OK"
2026-08-05 18:19:49,730 | INFO | Molten snapshot updated: Server 4:2, Server 15:2, Server 17:2
2026-08-05 18:20:09,964 | INFO | Molten snapshot updated: Server 15:2, Server 17:2, Server 29:2
2026-08-05 18:20:35,071 | INFO | HTTP Request: GET https://kintara.gg/api/servers "HTTP/1.1 200 OK"
2026-08-05 18:20:40,133 | INFO | Molten snapshot updated: Server 24:4, Server 23:1
2026-08-05 18:21:00,313 | INFO | Molten snapshot updated: Server 24:8, Server 4:1, Server 8:1
2026-08-05 18:21:32,327 | INFO | HTTP Request: GET https://kintara.gg/api/servers "HTTP/1.1 200 OK"
2026-08-05 18:21:41,472 | INFO | Molten snapshot updated: Server 24:10, Server 4:1, Server 8:1
2026-08-05 18:22:01,718 | INFO | Molten snapshot updated: Server 24:9, Server 4:1, Server 8:1
2026-08-05 18:22:21,908 | INFO | Molten snapshot updated: Server 24:11, Server 4:1, Server 8:1
2026-08-05 18:22:33,756 | INFO | HTTP Request: GET https://kintara.gg/api/servers "HTTP/1.1 200 OK"
2026-08-05 18:22:42,887 | INFO | Molten snapshot updated: Server 24:14, Server 4:1, Server 8:1
2026-08-05 18:23:23,413 | INFO | Molten snapshot updated: Server 24:14, Server 27:2, Server 4:1
2026-08-05 18:23:37,782 | INFO | HTTP Request: GET https://kintara.gg/api/servers "HTTP/1.1 200 OK"
2026-08-05 18:24:07,132 | INFO | Molten snapshot updated: Server 24:13, Server 4:1, Server 8:1
2026-08-05 18:24:27,360 | INFO | Molten snapshot updated: Server 24:15, Server 4:1, Server 8:1
2026-08-05 18:24:33,531 | WARNING | Molten server refresh failed; keeping the current process alive: [SSL: CERTIFICATE_VERIFY_FAILED] certificate verify failed: Hostname mismatch, certificate is not valid for 'kintara.gg'. (_ssl.c:1081)
2026-08-05 18:24:41,312 | INFO | HTTP Request: GET https://kintara.gg/api/servers "HTTP/1.1 200 OK"
2026-08-05 18:24:50,420 | INFO | Molten snapshot updated: Server 24:16, Server 4:1, Server 8:1
2026-08-05 18:25:10,634 | INFO | Molten snapshot updated: Server 24:16, Server 4:1, Server 5:1
2026-08-05 18:25:30,903 | INFO | Molten snapshot updated: Server 24:18, Server 4:1, Server 5:1
2026-08-05 18:25:39,698 | INFO | HTTP Request: GET https://kintara.gg/api/servers "HTTP/1.1 200 OK"
2026-08-05 18:25:51,871 | INFO | Molten snapshot updated: Server 24:18, Server 26:2, Server 27:2
2026-08-05 18:26:13,157 | INFO | Molten snapshot updated: Server 24:18, Server 5:1, Server 8:1
2026-08-05 18:26:33,392 | INFO | Molten snapshot updated: Server 24:18, Server 26:2, Server 5:1
2026-08-05 18:26:41,333 | INFO | HTTP Request: GET https://kintara.gg/api/servers "HTTP/1.1 200 OK"
2026-08-05 18:26:53,533 | INFO | Molten snapshot updated: Server 24:19, Server 26:3, Server 4:1
2026-08-05 18:27:13,675 | INFO | Molten snapshot updated: Server 24:19, Server 23:2, Server 26:2
2026-08-05 18:27:33,869 | INFO | Molten snapshot updated: Server 24:20, Server 23:2, Server 4:1
2026-08-05 18:27:42,390 | INFO | HTTP Request: GET https://kintara.gg/api/servers "HTTP/1.1 200 OK"
2026-08-05 18:27:54,490 | INFO | Molten snapshot updated: Server 24:19, Server 4:1, Server 5:1
2026-08-05 18:28:34,958 | INFO | Molten snapshot updated: Server 24:20, Server 21:2, Server 4:1
2026-08-05 18:28:40,917 | INFO | HTTP Request: GET https://kintara.gg/api/servers "HTTP/1.1 200 OK"
2026-08-05 18:28:55,110 | INFO | Molten snapshot updated: Server 24:19, Server 26:2, Server 4:1
2026-08-05 18:29:15,335 | INFO | Molten snapshot updated: Server 24:20, Server 14:2, Server 4:1
2026-08-05 18:29:35,524 | INFO | Molten snapshot updated: Server 24:19, Server 23:2, Server 4:1
2026-08-05 18:29:44,397 | INFO | HTTP Request: GET https://kintara.gg/api/servers "HTTP/1.1 200 OK"
2026-08-05 18:30:15,709 | INFO | Molten snapshot updated: Server 24:20, Server 15:2, Server 23:2
2026-08-05 18:30:41,047 | INFO | HTTP Request: GET https://kintara.gg/api/servers "HTTP/1.1 403 Forbidden"
2026-08-05 18:30:41,048 | WARNING | Molten monitor authentication is unavailable: The shared Kintara session is no longer valid
2026-08-05 18:31:20,488 | INFO | Molten snapshot updated: Server 24:21, Server 15:3, Server 9:2
2026-08-05 18:31:44,482 | INFO | HTTP Request: GET https://kintara.gg/api/servers "HTTP/1.1 200 OK"
2026-08-05 18:32:07,799 | INFO | Molten snapshot updated: Server 24:19, Server 15:3, Server 4:1
2026-08-05 18:32:36,073 | INFO | Molten snapshot updated: Server 24:21, Server 15:3, Server 4:1
2026-08-05 18:32:46,859 | INFO | HTTP Request: GET https://kintara.gg/api/servers "HTTP/1.1 200 OK"
2026-08-05 18:33:43,162 | INFO | HTTP Request: GET https://kintara.gg/api/servers "HTTP/1.1 200 OK"
2026-08-05 18:33:59,374 | INFO | Molten snapshot updated: Server 24:19, Server 15:3, Server 4:1
2026-08-05 18:34:19,577 | INFO | Molten snapshot updated: Server 24:14, Server 15:3, Server 4:1
2026-08-05 18:34:40,760 | INFO | Molten snapshot updated: Server 24:13, Server 15:3, Server 4:1
2026-08-05 18:34:44,939 | INFO | HTTP Request: GET https://kintara.gg/api/servers "HTTP/1.1 403 Forbidden"
2026-08-05 18:34:44,940 | WARNING | Molten monitor authentication is unavailable: The shared Kintara session is no longer valid
2026-08-05 18:35:01,130 | INFO | Molten snapshot updated: Server 24:16, Server 15:3, Server 4:1
2026-08-05 18:35:33,542 | INFO | Molten snapshot updated: Server 24:19, Server 15:3, Server 4:1
2026-08-05 18:35:45,328 | INFO | HTTP Request: GET https://kintara.gg/api/servers "HTTP/1.1 200 OK"
2026-08-05 18:36:47,819 | INFO | HTTP Request: GET https://kintara.gg/api/servers "HTTP/1.1 200 OK"
2026-08-05 18:36:55,941 | INFO | Molten snapshot updated: Server 24:18, Server 15:2, Server 4:1
2026-08-05 18:37:16,162 | INFO | Molten snapshot updated: Server 24:19, Server 15:2, Server 4:1
2026-08-05 18:37:47,396 | INFO | HTTP Request: GET https://kintara.gg/api/servers "HTTP/1.1 200 OK"
2026-08-05 18:37:56,498 | INFO | Molten snapshot updated: Server 24:20, Server 9:2, Server 15:2
2026-08-05 18:38:16,716 | INFO | Molten snapshot updated: Server 24:20, Server 4:1, Server 8:1
2026-08-05 18:38:36,954 | INFO | Molten snapshot updated: Server 24:20, Server 11:2, Server 4:1
2026-08-05 18:38:46,066 | INFO | HTTP Request: GET https://kintara.gg/api/servers "HTTP/1.1 200 OK"
2026-08-05 18:39:09,368 | INFO | Molten snapshot updated: Server 24:20, Server 11:2, Server 8:1
2026-08-05 18:39:29,571 | INFO | Molten snapshot updated: Server 24:20, Server 8:1, Server 9:1
2026-08-05 18:39:47,541 | INFO | HTTP Request: GET https://kintara.gg/api/servers "HTTP/1.1 200 OK"
2026-08-05 18:39:49,609 | INFO | Molten snapshot updated: Server 24:21, Server 4:1, Server 8:1
2026-08-05 18:40:09,839 | INFO | Molten snapshot updated: Server 24:18, Server 8:1, Server 9:1
2026-08-05 18:40:30,088 | INFO | Molten snapshot updated: Server 24:15, Server 8:1, Server 9:1
2026-08-05 18:40:47,355 | INFO | HTTP Request: GET https://kintara.gg/api/servers "HTTP/1.1 200 OK"
2026-08-05 18:40:50,394 | INFO | Molten snapshot updated: Server 24:10, Server 8:1, Server 9:1
2026-08-05 18:41:10,671 | INFO | Molten snapshot updated: Server 24:8, Server 8:1, Server 9:1
2026-08-05 18:41:30,906 | INFO | Molten snapshot updated: Server 24:6, Server 4:1, Server 8:1
2026-08-05 18:41:47,839 | INFO | HTTP Request: GET https://kintara.gg/api/servers "HTTP/1.1 200 OK"
2026-08-05 18:42:48,266 | INFO | HTTP Request: GET https://kintara.gg/api/servers "HTTP/1.1 200 OK"
2026-08-05 18:43:48,681 | INFO | HTTP Request: GET https://kintara.gg/api/servers "HTTP/1.1 200 OK"
2026-08-05 18:44:50,327 | INFO | HTTP Request: GET https://kintara.gg/api/servers "HTTP/1.1 200 OK"
2026-08-05 18:45:57,433 | INFO | HTTP Request: GET https://kintara.gg/api/servers "HTTP/1.1 200 OK"
2026-08-05 18:47:03,715 | WARNING | Molten server refresh failed; keeping the current process alive: _ssl.c:1063: The handshake operation timed out
2026-08-05 18:47:06,810 | INFO | HTTP Request: GET https://kintara.gg/api/servers "HTTP/1.1 200 OK"
2026-08-05 18:48:07,429 | INFO | HTTP Request: GET https://kintara.gg/api/servers "HTTP/1.1 200 OK"
2026-08-05 18:49:08,797 | INFO | HTTP Request: GET https://kintara.gg/api/servers "HTTP/1.1 200 OK"
2026-08-05 18:50:08,720 | WARNING | Molten server refresh failed; keeping the current process alive: [SSL: UNEXPECTED_EOF_WHILE_READING] EOF occurred in violation of protocol (_ssl.c:1081)
2026-08-05 18:50:13,551 | INFO | HTTP Request: GET https://kintara.gg/api/servers "HTTP/1.1 200 OK"
2026-08-05 18:51:15,081 | INFO | HTTP Request: GET https://kintara.gg/api/servers "HTTP/1.1 200 OK"
2026-08-05 18:52:14,294 | INFO | HTTP Request: GET https://kintara.gg/api/servers "HTTP/1.1 200 OK"
2026-08-05 18:53:21,774 | INFO | HTTP Request: GET https://kintara.gg/api/servers "HTTP/1.1 200 OK"
2026-08-05 18:54:13,691 | WARNING | Molten server refresh failed; keeping the current process alive: [SSL: UNEXPECTED_EOF_WHILE_READING] EOF occurred in violation of protocol (_ssl.c:1081)
2026-08-05 18:54:35,331 | INFO | HTTP Request: GET https://kintara.gg/api/servers "HTTP/1.1 200 OK"
2026-08-05 18:55:26,323 | INFO | HTTP Request: GET https://kintara.gg/api/servers "HTTP/1.1 200 OK"
2026-08-05 18:56:25,462 | INFO | HTTP Request: GET https://kintara.gg/api/servers "HTTP/1.1 200 OK"
2026-08-05 18:57:25,155 | INFO | HTTP Request: GET https://kintara.gg/api/servers "HTTP/1.1 200 OK"
2026-08-05 18:58:22,314 | INFO | HTTP Request: GET https://kintara.gg/api/servers "HTTP/1.1 200 OK"
2026-08-05 18:59:26,829 | INFO | HTTP Request: GET https://kintara.gg/api/servers "HTTP/1.1 200 OK"
2026-08-05 19:04:32,146 | INFO | HTTP Request: GET https://kintara.gg/api/servers "HTTP/1.1 200 OK"
2026-08-05 19:05:31,260 | INFO | HTTP Request: GET https://kintara.gg/api/servers "HTTP/1.1 200 OK"
2026-08-05 19:06:32,498 | INFO | HTTP Request: GET https://kintara.gg/api/servers "HTTP/1.1 200 OK"
2026-08-05 19:07:31,796 | INFO | HTTP Request: GET https://kintara.gg/api/servers "HTTP/1.1 200 OK"
2026-08-05 19:07:57,896 | INFO | HTTP Request: GET https://kintara.gg/api/servers "HTTP/1.1 200 OK"
2026-08-05 19:08:05,050 | INFO | HTTP Request: GET https://kintara.gg/api/servers "HTTP/1.1 200 OK"
2026-08-05 19:09:10,290 | INFO | HTTP Request: GET https://kintara.gg/api/servers "HTTP/1.1 200 OK"
2026-08-05 19:10:07,566 | INFO | HTTP Request: GET https://kintara.gg/api/servers "HTTP/1.1 200 OK"
2026-08-05 19:11:06,257 | INFO | HTTP Request: GET https://kintara.gg/api/servers "HTTP/1.1 200 OK"
2026-08-05 19:12:08,511 | INFO | HTTP Request: GET https://kintara.gg/api/servers "HTTP/1.1 200 OK"
2026-08-05 19:12:53,371 | INFO | HTTP Request: GET https://kintara.gg/api/servers "HTTP/1.1 200 OK"
2026-08-05 19:13:07,151 | WARNING | Molten server refresh failed; keeping the current process alive: [SSL: UNEXPECTED_EOF_WHILE_READING] EOF occurred in violation of protocol (_ssl.c:1081)
2026-08-05 19:13:23,042 | INFO | HTTP Request: GET https://kintara.gg/api/servers "HTTP/1.1 200 OK"
2026-08-05 19:14:19,720 | WARNING | Molten server refresh failed; keeping the current process alive: [SSL: UNEXPECTED_EOF_WHILE_READING] EOF occurred in violation of protocol (_ssl.c:1081)
2026-08-05 19:14:24,627 | INFO | HTTP Request: GET https://kintara.gg/api/servers "HTTP/1.1 200 OK"
2026-08-05 19:15:28,456 | INFO | HTTP Request: GET https://kintara.gg/api/servers "HTTP/1.1 200 OK"
2026-08-05 19:16:39,896 | WARNING | Molten server refresh failed; keeping the current process alive: Server disconnected without sending a response.
2026-08-05 19:16:43,859 | INFO | HTTP Request: GET https://kintara.gg/api/servers "HTTP/1.1 200 OK"
2026-08-05 19:17:48,738 | INFO | HTTP Request: GET https://kintara.gg/api/servers "HTTP/1.1 200 OK"
2026-08-05 19:18:52,806 | INFO | HTTP Request: GET https://kintara.gg/api/servers "HTTP/1.1 200 OK"
2026-08-05 19:19:44,047 | INFO | HTTP Request: GET https://kintara.gg/api/servers "HTTP/1.1 200 OK"
2026-08-05 19:20:45,110 | INFO | HTTP Request: GET https://kintara.gg/api/servers "HTTP/1.1 200 OK"
2026-08-05 19:21:57,661 | WARNING | Molten server refresh failed; keeping the current process alive: _ssl.c:1063: The handshake operation timed out
2026-08-05 19:22:07,914 | WARNING | Molten server refresh failed; keeping the current process alive: [SSL: UNEXPECTED_EOF_WHILE_READING] EOF occurred in violation of protocol (_ssl.c:1081)
2026-08-05 19:22:14,672 | INFO | HTTP Request: GET https://kintara.gg/api/servers "HTTP/1.1 200 OK"
2026-08-05 19:23:24,244 | WARNING | Molten server refresh failed; keeping the current process alive: _ssl.c:1063: The handshake operation timed out
2026-08-05 19:23:29,929 | INFO | HTTP Request: GET https://kintara.gg/api/servers "HTTP/1.1 200 OK"
2026-08-05 19:24:27,981 | WARNING | Molten server refresh failed; keeping the current process alive: [SSL: UNEXPECTED_EOF_WHILE_READING] EOF occurred in violation of protocol (_ssl.c:1081)
2026-08-05 19:24:34,452 | INFO | HTTP Request: GET https://kintara.gg/api/servers "HTTP/1.1 200 OK"
2026-08-05 19:25:39,269 | WARNING | Molten server refresh failed; keeping the current process alive: [SSL: UNEXPECTED_EOF_WHILE_READING] EOF occurred in violation of protocol (_ssl.c:1081)
2026-08-05 19:25:46,332 | INFO | HTTP Request: GET https://kintara.gg/api/servers "HTTP/1.1 200 OK"
2026-08-05 19:26:44,950 | INFO | HTTP Request: GET https://kintara.gg/api/servers "HTTP/1.1 200 OK"
2026-08-05 19:27:43,803 | INFO | HTTP Request: GET https://kintara.gg/api/servers "HTTP/1.1 200 OK"
2026-08-05 19:28:44,286 | INFO | HTTP Request: GET https://kintara.gg/api/servers "HTTP/1.1 200 OK"
2026-08-05 19:29:55,934 | INFO | HTTP Request: GET https://kintara.gg/api/servers "HTTP/1.1 200 OK"
2026-08-05 19:30:54,444 | WARNING | Molten server refresh failed; keeping the current process alive: [SSL: UNEXPECTED_EOF_WHILE_READING] EOF occurred in violation of protocol (_ssl.c:1081)
2026-08-05 19:31:03,804 | INFO | HTTP Request: GET https://kintara.gg/api/servers "HTTP/1.1 200 OK"
2026-08-05 19:31:59,987 | INFO | HTTP Request: GET https://kintara.gg/api/servers "HTTP/1.1 200 OK"
2026-08-05 19:33:07,089 | WARNING | Molten server refresh failed; keeping the current process alive: [SSL: UNEXPECTED_EOF_WHILE_READING] EOF occurred in violation of protocol (_ssl.c:1081)
2026-08-05 19:33:23,607 | INFO | HTTP Request: GET https://kintara.gg/api/servers "HTTP/1.1 200 OK"
2026-08-05 19:34:15,391 | INFO | HTTP Request: GET https://kintara.gg/api/servers "HTTP/1.1 200 OK"
2026-08-05 19:35:12,321 | INFO | HTTP Request: GET https://kintara.gg/api/servers "HTTP/1.1 200 OK"
2026-08-05 19:36:16,525 | INFO | HTTP Request: GET https://kintara.gg/api/servers "HTTP/1.1 200 OK"
2026-08-05 19:37:26,096 | WARNING | Molten server refresh failed; keeping the current process alive: _ssl.c:1063: The handshake operation timed out
2026-08-05 19:37:28,839 | INFO | HTTP Request: GET https://kintara.gg/api/servers "HTTP/1.1 200 OK"
2026-08-05 19:38:42,335 | WARNING | Molten server refresh failed; keeping the current process alive: _ssl.c:1063: The handshake operation timed out
2026-08-05 19:38:49,405 | INFO | HTTP Request: GET https://kintara.gg/api/servers "HTTP/1.1 200 OK"
2026-08-05 19:39:52,689 | INFO | HTTP Request: GET https://kintara.gg/api/servers "HTTP/1.1 200 OK"
2026-08-05 19:40:59,135 | WARNING | Molten server refresh failed; keeping the current process alive: _ssl.c:1063: The handshake operation timed out
2026-08-05 19:41:05,379 | INFO | HTTP Request: GET https://kintara.gg/api/servers "HTTP/1.1 200 OK"
2026-08-05 19:42:07,379 | INFO | HTTP Request: GET https://kintara.gg/api/servers "HTTP/1.1 200 OK"
2026-08-05 19:43:03,857 | INFO | HTTP Request: GET https://kintara.gg/api/servers "HTTP/1.1 200 OK"
2026-08-05 19:44:08,437 | WARNING | Molten server refresh failed; keeping the current process alive: [SSL: UNEXPECTED_EOF_WHILE_READING] EOF occurred in violation of protocol (_ssl.c:1081)
2026-08-05 19:44:19,551 | INFO | HTTP Request: GET https://kintara.gg/api/servers "HTTP/1.1 200 OK"
2026-08-05 19:45:16,407 | INFO | HTTP Request: GET https://kintara.gg/api/servers "HTTP/1.1 200 OK"
2026-08-05 19:46:18,568 | INFO | HTTP Request: GET https://kintara.gg/api/servers "HTTP/1.1 200 OK"
2026-08-05 19:47:30,171 | INFO | HTTP Request: GET https://kintara.gg/api/servers "HTTP/1.1 200 OK"
2026-08-05 19:48:27,327 | WARNING | Come To Molten verification failed: [SSL: UNEXPECTED_EOF_WHILE_READING] EOF occurred in violation of protocol (_ssl.c:1081)
2026-08-05 19:48:27,342 | WARNING | Come To Molten snapshot was not published as verified; missing=server list unavailable
2026-08-05 19:48:39,209 | INFO | HTTP Request: GET https://kintara.gg/api/servers?_=1785946713823 "HTTP/1.1 200 OK"
2026-08-05 19:49:06,531 | INFO | HTTP Request: GET https://kintara.gg/api/servers?_=1785946733904 "HTTP/1.1 200 OK"
2026-08-05 19:49:23,240 | INFO | HTTP Request: GET https://kintara.gg/api/servers?_=1785946756592 "HTTP/1.1 200 OK"
2026-08-05 19:49:33,319 | WARNING | Come To Molten snapshot was not published as verified; missing=Server 4,Server 5,Server 6,Server 7,Server 8,Server 9,Server 10,Server 11,Server 12,Server 13,Server 14,Server 15,Server 16,Server 17,Server 18,Server 19,Server 20,Server 21,Server 23,Server 24,Server 26,Server 27,Server 28,Server 29,Server 30
2026-08-05 19:49:37,710 | WARNING | Come To Molten verification failed: [SSL: UNEXPECTED_EOF_WHILE_READING] EOF occurred in violation of protocol (_ssl.c:1081)
2026-08-05 19:49:37,728 | WARNING | Come To Molten snapshot was not published as verified; missing=server list unavailable
2026-08-05 19:49:54,813 | INFO | HTTP Request: GET https://kintara.gg/api/servers?_=1785946793324 "HTTP/1.1 200 OK"
2026-08-05 19:50:19,390 | WARNING | Come To Molten verification failed: [SSL: UNEXPECTED_EOF_WHILE_READING] EOF occurred in violation of protocol (_ssl.c:1081)
2026-08-05 19:50:36,481 | INFO | HTTP Request: GET https://kintara.gg/api/servers?_=1785946833510 "HTTP/1.1 200 OK"
2026-08-05 19:50:58,688 | INFO | HTTP Request: GET https://kintara.gg/api/servers?_=1785946853604 "HTTP/1.1 200 OK"
2026-08-05 19:51:17,010 | INFO | HTTP Request: GET https://kintara.gg/api/servers?_=1785946873609 "HTTP/1.1 200 OK"
2026-08-05 19:51:48,782 | WARNING | Come To Molten verification failed: _ssl.c:1063: The handshake operation timed out
2026-08-05 19:51:56,281 | INFO | HTTP Request: GET https://kintara.gg/api/servers?_=1785946913962 "HTTP/1.1 200 OK"
2026-08-05 19:52:17,930 | WARNING | Come To Molten verification failed: [SSL: UNEXPECTED_EOF_WHILE_READING] EOF occurred in violation of protocol (_ssl.c:1081)
2026-08-05 19:52:36,466 | INFO | HTTP Request: GET https://kintara.gg/api/servers?_=1785946954345 "HTTP/1.1 200 OK"
2026-08-05 19:53:04,245 | WARNING | Come To Molten verification failed: [SSL: UNEXPECTED_EOF_WHILE_READING] EOF occurred in violation of protocol (_ssl.c:1081)
2026-08-05 19:53:38,809 | INFO | HTTP Request: GET https://kintara.gg/api/servers?_=1785947014669 "HTTP/1.1 200 OK"
2026-08-05 19:54:09,875 | WARNING | Come To Molten verification failed: _ssl.c:1063: The handshake operation timed out
2026-08-05 19:54:17,680 | INFO | HTTP Request: GET https://kintara.gg/api/servers?_=1785947054885 "HTTP/1.1 200 OK"
2026-08-05 19:54:37,285 | WARNING | Come To Molten verification failed: [SSL: UNEXPECTED_EOF_WHILE_READING] EOF occurred in violation of protocol (_ssl.c:1081)
2026-08-05 19:54:58,634 | INFO | HTTP Request: GET https://kintara.gg/api/servers?_=1785947094963 "HTTP/1.1 200 OK"
2026-08-05 19:55:16,985 | INFO | HTTP Request: GET https://kintara.gg/api/servers?_=1785947114993 "HTTP/1.1 200 OK"
2026-08-05 19:55:42,082 | WARNING | Come To Molten verification failed: [SSL: UNEXPECTED_EOF_WHILE_READING] EOF occurred in violation of protocol (_ssl.c:1081)
2026-08-05 19:56:10,277 | WARNING | Come To Molten verification failed: _ssl.c:1063: The handshake operation timed out
2026-08-05 19:56:23,627 | INFO | HTTP Request: GET https://kintara.gg/api/servers?_=1785947175293 "HTTP/1.1 200 OK"
2026-08-05 19:56:42,378 | WARNING | Come To Molten verification failed: [SSL: UNEXPECTED_EOF_WHILE_READING] EOF occurred in violation of protocol (_ssl.c:1081)
2026-08-05 21:27:33,143 | INFO | HTTP Request: GET https://kintara.gg/api/servers?_=1785952651246 "HTTP/1.1 200 OK"
2026-08-05 21:27:44,269 | WARNING | Come To Molten snapshot was not published as verified; missing=Server 4,Server 5,Server 6,Server 7,Server 8,Server 9,Server 10,Server 11,Server 12,Server 13,Server 14,Server 15,Server 16,Server 17,Server 18,Server 19,Server 20,Server 21,Server 23,Server 24,Server 26,Server 27,Server 28,Server 29,Server 30
2026-08-05 21:27:52,247 | INFO | HTTP Request: GET https://kintara.gg/api/servers?_=1785952670605 "HTTP/1.1 200 OK"
2026-08-05 21:28:12,431 | INFO | HTTP Request: GET https://kintara.gg/api/servers?_=1785952690805 "HTTP/1.1 200 OK"
2026-08-05 21:28:24,031 | INFO | HTTP Request: GET https://kintara.gg/api/servers?_=1785952702497 "HTTP/1.1 200 OK"
2026-08-05 21:28:34,058 | WARNING | Come To Molten snapshot was not published as verified; missing=Server 4,Server 5,Server 6,Server 7,Server 8,Server 9,Server 10,Server 11,Server 12,Server 13,Server 14,Server 15,Server 16,Server 17,Server 18,Server 19,Server 20,Server 21,Server 23,Server 24,Server 26,Server 27,Server 28,Server 29,Server 30
2026-08-05 21:28:35,768 | INFO | HTTP Request: GET https://kintara.gg/api/servers?_=1785952714059 "HTTP/1.1 200 OK"
2026-08-05 21:28:45,804 | WARNING | Come To Molten snapshot was not published as verified; missing=Server 4,Server 5,Server 6,Server 7,Server 8,Server 9,Server 10,Server 11,Server 12,Server 13,Server 14,Server 15,Server 16,Server 17,Server 18,Server 19,Server 20,Server 21,Server 23,Server 24,Server 26,Server 27,Server 28,Server 29,Server 30
2026-08-05 21:28:56,248 | INFO | HTTP Request: GET https://kintara.gg/api/servers?_=1785952734244 "HTTP/1.1 200 OK"
2026-08-05 21:29:29,414 | WARNING | Come To Molten verification failed: _ssl.c:1063: The handshake operation timed out
2026-08-05 21:29:57,307 | INFO | HTTP Request: GET https://kintara.gg/api/servers?_=1785952794589 "HTTP/1.1 200 OK"
2026-08-05 21:30:22,772 | INFO | HTTP Request: GET https://kintara.gg/api/servers?_=1785952814665 "HTTP/1.1 200 OK"
2026-08-05 21:30:49,810 | WARNING | Come To Molten verification failed: _ssl.c:1063: The handshake operation timed out
2026-08-05 21:31:21,799 | INFO | HTTP Request: GET https://kintara.gg/api/servers?_=1785952874979 "HTTP/1.1 200 OK"
2026-08-05 21:40:05,252 | INFO | HTTP Request: GET https://kintara.gg/api/servers?_=1785953401318 "HTTP/1.1 200 OK"
2026-08-05 21:40:16,357 | WARNING | Come To Molten snapshot was not published as verified; missing=Server 4,Server 5,Server 6,Server 7,Server 8,Server 9,Server 10,Server 11,Server 12,Server 13,Server 14,Server 15,Server 16,Server 17,Server 18,Server 19,Server 20,Server 21,Server 23,Server 24,Server 26,Server 27,Server 28,Server 29,Server 30
2026-08-05 21:40:24,289 | INFO | HTTP Request: GET https://kintara.gg/api/servers?_=1785953420731 "HTTP/1.1 200 OK"
2026-08-05 21:40:36,064 | INFO | HTTP Request: GET https://kintara.gg/api/servers?_=1785953434387 "HTTP/1.1 200 OK"
2026-08-05 21:40:46,077 | WARNING | Come To Molten snapshot was not published as verified; missing=Server 4,Server 5,Server 6,Server 7,Server 8,Server 9,Server 10,Server 11,Server 12,Server 13,Server 14,Server 15,Server 16,Server 17,Server 18,Server 19,Server 20,Server 21,Server 23,Server 24,Server 26,Server 27,Server 28,Server 29,Server 30
2026-08-05 21:40:51,927 | INFO | HTTP Request: GET https://kintara.gg/api/servers?_=1785953446079 "HTTP/1.1 200 OK"
2026-08-05 21:41:06,003 | INFO | HTTP Request: GET https://kintara.gg/api/servers?_=1785953461971 "HTTP/1.1 200 OK"
2026-08-05 21:41:16,119 | WARNING | Come To Molten snapshot was not published as verified; missing=Server 4,Server 5,Server 6,Server 7,Server 8,Server 9,Server 10,Server 11,Server 12,Server 13,Server 14,Server 15,Server 16,Server 17,Server 18,Server 19,Server 20,Server 21,Server 23,Server 24,Server 26,Server 27,Server 28,Server 29,Server 30
2026-08-05 21:41:34,573 | INFO | HTTP Request: GET https://kintara.gg/api/servers?_=1785953482177 "HTTP/1.1 200 OK"
2026-08-05 21:41:46,652 | INFO | HTTP Request: GET https://kintara.gg/api/servers?_=1785953505074 "HTTP/1.1 200 OK"
2026-08-05 21:42:13,953 | INFO | HTTP Request: GET https://kintara.gg/api/servers?_=1785953525115 "HTTP/1.1 200 OK"
2026-08-05 21:42:28,761 | INFO | HTTP Request: GET https://kintara.gg/api/servers?_=1785953545286 "HTTP/1.1 200 OK"
2026-08-05 21:42:50,034 | INFO | HTTP Request: GET https://kintara.gg/api/servers?_=1785953565362 "HTTP/1.1 200 OK"
2026-08-05 21:43:08,620 | INFO | HTTP Request: GET https://kintara.gg/api/servers?_=1785953585480 "HTTP/1.1 200 OK"
2026-08-05 21:44:25,660 | INFO | HTTP Request: GET https://kintara.gg/api/servers?_=1785953663598 "HTTP/1.1 200 OK"
2026-08-05 21:44:36,773 | WARNING | Come To Molten snapshot was not published as verified; missing=Server 4,Server 5,Server 6,Server 7,Server 8,Server 9,Server 10,Server 11,Server 12,Server 13,Server 14,Server 15,Server 16,Server 17,Server 18,Server 19,Server 20,Server 21,Server 23,Server 24,Server 26,Server 27,Server 28,Server 29,Server 30
2026-08-05 21:44:39,461 | INFO | HTTP Request: GET https://kintara.gg/api/servers?_=1785953676778 "HTTP/1.1 200 OK"
2026-08-05 21:44:49,551 | WARNING | Come To Molten snapshot was not published as verified; missing=Server 4,Server 5,Server 6,Server 7,Server 8,Server 9,Server 10,Server 11,Server 12,Server 13,Server 14,Server 15,Server 16,Server 17,Server 18,Server 19,Server 20,Server 21,Server 23,Server 24,Server 26,Server 27,Server 28,Server 29,Server 30
2026-08-05 21:44:52,559 | INFO | HTTP Request: GET https://kintara.gg/api/servers?_=1785953689554 "HTTP/1.1 200 OK"
2026-08-05 21:45:02,720 | WARNING | Come To Molten snapshot was not published as verified; missing=Server 4,Server 5,Server 6,Server 7,Server 8,Server 9,Server 10,Server 11,Server 12,Server 13,Server 14,Server 15,Server 16,Server 17,Server 18,Server 19,Server 20,Server 21,Server 23,Server 24,Server 26,Server 27,Server 28,Server 29,Server 30
2026-08-05 21:45:11,816 | INFO | HTTP Request: GET https://kintara.gg/api/servers?_=1785953709592 "HTTP/1.1 200 OK"
2026-08-05 21:45:35,231 | INFO | HTTP Request: GET https://kintara.gg/api/servers?_=1785953729744 "HTTP/1.1 200 OK"
2026-08-05 21:45:56,038 | INFO | HTTP Request: GET https://kintara.gg/api/servers?_=1785953749909 "HTTP/1.1 200 OK"
2026-08-05 21:46:12,128 | WARNING | Come To Molten verification failed: [WinError 10061] No connection could be made because the target machine actively refused it
